2025-07-25 09:11:19.972 [main] WARN  com.alibaba.nacos.client.logging.NacosLogging - Load Logback Configuration of Nacos fail, message: Could not initialize Logback Nacos logging from classpath:nacos-logback.xml
2025-07-25 09:11:20.046 [main] WARN  com.alibaba.nacos.client.logging.NacosLogging - Load Logback Configuration of Nacos fail, message: Could not initialize Logback Nacos logging from classpath:nacos-logback.xml
2025-07-25 09:11:20.269 [main] WARN  com.alibaba.nacos.client.logging.NacosLogging - Load Logback Configuration of Nacos fail, message: Could not initialize Logback Nacos logging from classpath:nacos-logback.xml
2025-07-25 09:11:20.269 [main] INFO  com.alibaba.nacos.client.utils.ParamUtil - [settings] [req-serv] nacos-server port:8848
2025-07-25 09:11:20.269 [main] INFO  com.alibaba.nacos.client.utils.ParamUtil - [settings] [http-client] connect timeout:1000
2025-07-25 09:11:20.269 [main] INFO  com.alibaba.nacos.client.utils.ParamUtil - PER_TASK_CONFIG_SIZE: 3000.0
2025-07-25 09:11:20.300 [main] INFO  c.a.n.p.auth.spi.client.ClientAuthPluginManager - [ClientAuthPluginManager] Load ClientAuthService com.alibaba.nacos.client.auth.impl.NacosClientAuthServiceImpl success.
2025-07-25 09:11:20.300 [main] INFO  c.a.n.p.auth.spi.client.ClientAuthPluginManager - [ClientAuthPluginManager] Load ClientAuthService com.alibaba.nacos.client.auth.ram.RamClientAuthServiceImpl success.
2025-07-25 09:11:20.303 [main] INFO  c.a.n.client.auth.ram.identify.CredentialWatcher - null No credential found
2025-07-25 09:11:21.514 [main] WARN  com.alibaba.nacos.client.logging.NacosLogging - Load Logback Configuration of Nacos fail, message: Could not initialize Logback Nacos logging from classpath:nacos-logback.xml
2025-07-25 09:11:21.530 [main] INFO  c.a.n.client.config.impl.LocalConfigInfoProcessor - LOCAL_SNAPSHOT_PATH:C:\Users\50723\nacos\config
2025-07-25 09:11:21.530 [main] INFO  com.alibaba.nacos.common.remote.client - [RpcClientFactory] create a new rpc client of d0eb5c95-82e3-455b-9fd4-9496dd58694a_config-0
2025-07-25 09:11:21.557 [main] INFO  com.alibaba.nacos.common.remote.client - [d0eb5c95-82e3-455b-9fd4-9496dd58694a_config-0] Register server push request handler:com.alibaba.nacos.client.config.impl.ClientWorker$ConfigRpcTransportClient$$Lambda$584/0x000001fa81391540
2025-07-25 09:11:21.557 [main] INFO  com.alibaba.nacos.common.remote.client - [d0eb5c95-82e3-455b-9fd4-9496dd58694a_config-0] Register server push request handler:com.alibaba.nacos.client.config.impl.ClientWorker$ConfigRpcTransportClient$$Lambda$585/0x000001fa81391960
2025-07-25 09:11:21.557 [main] INFO  com.alibaba.nacos.common.remote.client - [d0eb5c95-82e3-455b-9fd4-9496dd58694a_config-0] Registry connection listener to current client:com.alibaba.nacos.client.config.impl.ClientWorker$ConfigRpcTransportClient$1
2025-07-25 09:11:21.557 [main] INFO  com.alibaba.nacos.common.remote.client - [d0eb5c95-82e3-455b-9fd4-9496dd58694a_config-0] RpcClient init, ServerListFactory = com.alibaba.nacos.client.config.impl.ClientWorker$ConfigRpcTransportClient$2
2025-07-25 09:11:21.567 [main] INFO  com.alibaba.nacos.common.remote.client - [d0eb5c95-82e3-455b-9fd4-9496dd58694a_config-0] Try to connect to server on start up, server: {serverIp = '127.0.0.1', server main port = 8848}
2025-07-25 09:11:21.592 [main] INFO  c.a.nacos.common.remote.client.grpc.GrpcClient - grpc client connection server:127.0.0.1 ip,serverPort:9848,grpcTslConfig:{"sslProvider":"OPENSSL","enableTls":false,"mutualAuthEnable":false,"trustAll":false}
2025-07-25 09:11:22.228 [main] ERROR c.a.nacos.common.remote.client.grpc.GrpcClient - Server check fail, please check server 127.0.0.1 ,port 9848 is available , error ={}
java.util.concurrent.ExecutionException: com.alibaba.nacos.shaded.io.grpc.StatusRuntimeException: UNAVAILABLE: io exception
	at com.alibaba.nacos.shaded.com.google.common.util.concurrent.AbstractFuture.getDoneValue(AbstractFuture.java:566)
	at com.alibaba.nacos.shaded.com.google.common.util.concurrent.AbstractFuture.get(AbstractFuture.java:445)
	at com.alibaba.nacos.common.remote.client.grpc.GrpcClient.serverCheck(GrpcClient.java:218)
	at com.alibaba.nacos.common.remote.client.grpc.GrpcClient.connectToServer(GrpcClient.java:329)
	at com.alibaba.nacos.common.remote.client.RpcClient.start(RpcClient.java:363)
	at com.alibaba.nacos.client.config.impl.ClientWorker$ConfigRpcTransportClient.ensureRpcClient(ClientWorker.java:891)
	at com.alibaba.nacos.client.config.impl.ClientWorker$ConfigRpcTransportClient.getOneRunningClient(ClientWorker.java:1038)
	at com.alibaba.nacos.client.config.impl.ClientWorker$ConfigRpcTransportClient.queryConfig(ClientWorker.java:946)
	at com.alibaba.nacos.client.config.impl.ClientWorker.getServerConfig(ClientWorker.java:403)
	at com.alibaba.nacos.client.config.NacosConfigService.getConfigInner(NacosConfigService.java:184)
	at com.alibaba.nacos.client.config.NacosConfigService.getConfig(NacosConfigService.java:96)
	at com.alibaba.cloud.nacos.client.NacosPropertySourceBuilder.loadNacosData(NacosPropertySourceBuilder.java:85)
	at com.alibaba.cloud.nacos.client.NacosPropertySourceBuilder.build(NacosPropertySourceBuilder.java:73)
	at com.alibaba.cloud.nacos.client.NacosPropertySourceLocator.loadNacosPropertySource(NacosPropertySourceLocator.java:199)
	at com.alibaba.cloud.nacos.client.NacosPropertySourceLocator.loadNacosDataIfPresent(NacosPropertySourceLocator.java:186)
	at com.alibaba.cloud.nacos.client.NacosPropertySourceLocator.loadApplicationConfiguration(NacosPropertySourceLocator.java:141)
	at com.alibaba.cloud.nacos.client.NacosPropertySourceLocator.locate(NacosPropertySourceLocator.java:103)
	at org.springframework.cloud.bootstrap.config.PropertySourceLocator.locateCollection(PropertySourceLocator.java:50)
	at org.springframework.cloud.bootstrap.config.PropertySourceLocator.locateCollection(PropertySourceLocator.java:46)
	at org.springframework.cloud.bootstrap.config.PropertySourceBootstrapConfiguration.initialize(PropertySourceBootstrapConfiguration.java:95)
	at org.springframework.boot.SpringApplication.applyInitializers(SpringApplication.java:603)
	at org.springframework.boot.SpringApplication.prepareContext(SpringApplication.java:383)
	at org.springframework.boot.SpringApplication.run(SpringApplication.java:307)
	at org.springframework.boot.SpringApplication.run(SpringApplication.java:1302)
	at org.springframework.boot.SpringApplication.run(SpringApplication.java:1291)
	at com.quanxiaoha.xiaohashu.auth.XiaohashuAuthApplication.main(XiaohashuAuthApplication.java:12)
Caused by: com.alibaba.nacos.shaded.io.grpc.StatusRuntimeException: UNAVAILABLE: io exception
	at com.alibaba.nacos.shaded.io.grpc.Status.asRuntimeException(Status.java:539)
	at com.alibaba.nacos.shaded.io.grpc.stub.ClientCalls$UnaryStreamToFuture.onClose(ClientCalls.java:544)
	at com.alibaba.nacos.shaded.io.grpc.internal.DelayedClientCall$DelayedListener$3.run(DelayedClientCall.java:471)
	at com.alibaba.nacos.shaded.io.grpc.internal.DelayedClientCall$DelayedListener.delayOrExecute(DelayedClientCall.java:435)
	at com.alibaba.nacos.shaded.io.grpc.internal.DelayedClientCall$DelayedListener.onClose(DelayedClientCall.java:468)
	at com.alibaba.nacos.shaded.io.grpc.internal.ClientCallImpl.closeObserver(ClientCallImpl.java:563)
	at com.alibaba.nacos.shaded.io.grpc.internal.ClientCallImpl.access$300(ClientCallImpl.java:70)
	at com.alibaba.nacos.shaded.io.grpc.internal.ClientCallImpl$ClientStreamListenerImpl$1StreamClosed.runInternal(ClientCallImpl.java:744)
	at com.alibaba.nacos.shaded.io.grpc.internal.ClientCallImpl$ClientStreamListenerImpl$1StreamClosed.runInContext(ClientCallImpl.java:723)
	at com.alibaba.nacos.shaded.io.grpc.internal.ContextRunnable.run(ContextRunnable.java:37)
	at com.alibaba.nacos.shaded.io.grpc.internal.SerializingExecutor.run(SerializingExecutor.java:133)
	at java.base/java.util.concurrent.ThreadPoolExecutor.runWorker(ThreadPoolExecutor.java:1136)
	at java.base/java.util.concurrent.ThreadPoolExecutor$Worker.run(ThreadPoolExecutor.java:635)
	at java.base/java.lang.Thread.run(Thread.java:842)
Caused by: com.alibaba.nacos.shaded.io.grpc.netty.shaded.io.netty.channel.AbstractChannel$AnnotatedConnectException: Connection refused: no further information: /127.0.0.1:9848
Caused by: java.net.ConnectException: Connection refused: no further information
	at java.base/sun.nio.ch.Net.pollConnect(Native Method)
	at java.base/sun.nio.ch.Net.pollConnectNow(Net.java:672)
	at java.base/sun.nio.ch.SocketChannelImpl.finishConnect(SocketChannelImpl.java:946)
	at com.alibaba.nacos.shaded.io.grpc.netty.shaded.io.netty.channel.socket.nio.NioSocketChannel.doFinishConnect(NioSocketChannel.java:337)
	at com.alibaba.nacos.shaded.io.grpc.netty.shaded.io.netty.channel.nio.AbstractNioChannel$AbstractNioUnsafe.finishConnect(AbstractNioChannel.java:334)
	at com.alibaba.nacos.shaded.io.grpc.netty.shaded.io.netty.channel.nio.NioEventLoop.processSelectedKey(NioEventLoop.java:710)
	at com.alibaba.nacos.shaded.io.grpc.netty.shaded.io.netty.channel.nio.NioEventLoop.processSelectedKeysOptimized(NioEventLoop.java:658)
	at com.alibaba.nacos.shaded.io.grpc.netty.shaded.io.netty.channel.nio.NioEventLoop.processSelectedKeys(NioEventLoop.java:584)
	at com.alibaba.nacos.shaded.io.grpc.netty.shaded.io.netty.channel.nio.NioEventLoop.run(NioEventLoop.java:496)
	at com.alibaba.nacos.shaded.io.grpc.netty.shaded.io.netty.util.concurrent.SingleThreadEventExecutor$4.run(SingleThreadEventExecutor.java:997)
	at com.alibaba.nacos.shaded.io.grpc.netty.shaded.io.netty.util.internal.ThreadExecutorMap$2.run(ThreadExecutorMap.java:74)
	at com.alibaba.nacos.shaded.io.grpc.netty.shaded.io.netty.util.concurrent.FastThreadLocalRunnable.run(FastThreadLocalRunnable.java:30)
	at java.base/java.lang.Thread.run(Thread.java:842)
2025-07-25 09:11:22.233 [main] INFO  com.alibaba.nacos.common.remote.client - [d0eb5c95-82e3-455b-9fd4-9496dd58694a_config-0] Try to connect to server on start up, server: {serverIp = '127.0.0.1', server main port = 8848}
2025-07-25 09:11:22.233 [main] INFO  c.a.nacos.common.remote.client.grpc.GrpcClient - grpc client connection server:127.0.0.1 ip,serverPort:9848,grpcTslConfig:{"sslProvider":"OPENSSL","enableTls":false,"mutualAuthEnable":false,"trustAll":false}
2025-07-25 09:11:22.233 [main] ERROR c.a.nacos.common.remote.client.grpc.GrpcClient - Server check fail, please check server 127.0.0.1 ,port 9848 is available , error ={}
java.util.concurrent.ExecutionException: com.alibaba.nacos.shaded.io.grpc.StatusRuntimeException: UNAVAILABLE: io exception
	at com.alibaba.nacos.shaded.com.google.common.util.concurrent.AbstractFuture.getDoneValue(AbstractFuture.java:566)
	at com.alibaba.nacos.shaded.com.google.common.util.concurrent.AbstractFuture.get(AbstractFuture.java:445)
	at com.alibaba.nacos.common.remote.client.grpc.GrpcClient.serverCheck(GrpcClient.java:218)
	at com.alibaba.nacos.common.remote.client.grpc.GrpcClient.connectToServer(GrpcClient.java:329)
	at com.alibaba.nacos.common.remote.client.RpcClient.start(RpcClient.java:363)
	at com.alibaba.nacos.client.config.impl.ClientWorker$ConfigRpcTransportClient.ensureRpcClient(ClientWorker.java:891)
	at com.alibaba.nacos.client.config.impl.ClientWorker$ConfigRpcTransportClient.getOneRunningClient(ClientWorker.java:1038)
	at com.alibaba.nacos.client.config.impl.ClientWorker$ConfigRpcTransportClient.queryConfig(ClientWorker.java:946)
	at com.alibaba.nacos.client.config.impl.ClientWorker.getServerConfig(ClientWorker.java:403)
	at com.alibaba.nacos.client.config.NacosConfigService.getConfigInner(NacosConfigService.java:184)
	at com.alibaba.nacos.client.config.NacosConfigService.getConfig(NacosConfigService.java:96)
	at com.alibaba.cloud.nacos.client.NacosPropertySourceBuilder.loadNacosData(NacosPropertySourceBuilder.java:85)
	at com.alibaba.cloud.nacos.client.NacosPropertySourceBuilder.build(NacosPropertySourceBuilder.java:73)
	at com.alibaba.cloud.nacos.client.NacosPropertySourceLocator.loadNacosPropertySource(NacosPropertySourceLocator.java:199)
	at com.alibaba.cloud.nacos.client.NacosPropertySourceLocator.loadNacosDataIfPresent(NacosPropertySourceLocator.java:186)
	at com.alibaba.cloud.nacos.client.NacosPropertySourceLocator.loadApplicationConfiguration(NacosPropertySourceLocator.java:141)
	at com.alibaba.cloud.nacos.client.NacosPropertySourceLocator.locate(NacosPropertySourceLocator.java:103)
	at org.springframework.cloud.bootstrap.config.PropertySourceLocator.locateCollection(PropertySourceLocator.java:50)
	at org.springframework.cloud.bootstrap.config.PropertySourceLocator.locateCollection(PropertySourceLocator.java:46)
	at org.springframework.cloud.bootstrap.config.PropertySourceBootstrapConfiguration.initialize(PropertySourceBootstrapConfiguration.java:95)
	at org.springframework.boot.SpringApplication.applyInitializers(SpringApplication.java:603)
	at org.springframework.boot.SpringApplication.prepareContext(SpringApplication.java:383)
	at org.springframework.boot.SpringApplication.run(SpringApplication.java:307)
	at org.springframework.boot.SpringApplication.run(SpringApplication.java:1302)
	at org.springframework.boot.SpringApplication.run(SpringApplication.java:1291)
	at com.quanxiaoha.xiaohashu.auth.XiaohashuAuthApplication.main(XiaohashuAuthApplication.java:12)
Caused by: com.alibaba.nacos.shaded.io.grpc.StatusRuntimeException: UNAVAILABLE: io exception
	at com.alibaba.nacos.shaded.io.grpc.Status.asRuntimeException(Status.java:539)
	at com.alibaba.nacos.shaded.io.grpc.stub.ClientCalls$UnaryStreamToFuture.onClose(ClientCalls.java:544)
	at com.alibaba.nacos.shaded.io.grpc.internal.DelayedClientCall$DelayedListener$3.run(DelayedClientCall.java:471)
	at com.alibaba.nacos.shaded.io.grpc.internal.DelayedClientCall$DelayedListener.delayOrExecute(DelayedClientCall.java:435)
	at com.alibaba.nacos.shaded.io.grpc.internal.DelayedClientCall$DelayedListener.onClose(DelayedClientCall.java:468)
	at com.alibaba.nacos.shaded.io.grpc.internal.ClientCallImpl.closeObserver(ClientCallImpl.java:563)
	at com.alibaba.nacos.shaded.io.grpc.internal.ClientCallImpl.access$300(ClientCallImpl.java:70)
	at com.alibaba.nacos.shaded.io.grpc.internal.ClientCallImpl$ClientStreamListenerImpl$1StreamClosed.runInternal(ClientCallImpl.java:744)
	at com.alibaba.nacos.shaded.io.grpc.internal.ClientCallImpl$ClientStreamListenerImpl$1StreamClosed.runInContext(ClientCallImpl.java:723)
	at com.alibaba.nacos.shaded.io.grpc.internal.ContextRunnable.run(ContextRunnable.java:37)
	at com.alibaba.nacos.shaded.io.grpc.internal.SerializingExecutor.run(SerializingExecutor.java:133)
	at java.base/java.util.concurrent.ThreadPoolExecutor.runWorker(ThreadPoolExecutor.java:1136)
	at java.base/java.util.concurrent.ThreadPoolExecutor$Worker.run(ThreadPoolExecutor.java:635)
	at java.base/java.lang.Thread.run(Thread.java:842)
Caused by: com.alibaba.nacos.shaded.io.grpc.netty.shaded.io.netty.channel.AbstractChannel$AnnotatedConnectException: Connection refused: no further information: /127.0.0.1:9848
Caused by: java.net.ConnectException: Connection refused: no further information
	at java.base/sun.nio.ch.Net.pollConnect(Native Method)
	at java.base/sun.nio.ch.Net.pollConnectNow(Net.java:672)
	at java.base/sun.nio.ch.SocketChannelImpl.finishConnect(SocketChannelImpl.java:946)
	at com.alibaba.nacos.shaded.io.grpc.netty.shaded.io.netty.channel.socket.nio.NioSocketChannel.doFinishConnect(NioSocketChannel.java:337)
	at com.alibaba.nacos.shaded.io.grpc.netty.shaded.io.netty.channel.nio.AbstractNioChannel$AbstractNioUnsafe.finishConnect(AbstractNioChannel.java:334)
	at com.alibaba.nacos.shaded.io.grpc.netty.shaded.io.netty.channel.nio.NioEventLoop.processSelectedKey(NioEventLoop.java:710)
	at com.alibaba.nacos.shaded.io.grpc.netty.shaded.io.netty.channel.nio.NioEventLoop.processSelectedKeysOptimized(NioEventLoop.java:658)
	at com.alibaba.nacos.shaded.io.grpc.netty.shaded.io.netty.channel.nio.NioEventLoop.processSelectedKeys(NioEventLoop.java:584)
	at com.alibaba.nacos.shaded.io.grpc.netty.shaded.io.netty.channel.nio.NioEventLoop.run(NioEventLoop.java:496)
	at com.alibaba.nacos.shaded.io.grpc.netty.shaded.io.netty.util.concurrent.SingleThreadEventExecutor$4.run(SingleThreadEventExecutor.java:997)
	at com.alibaba.nacos.shaded.io.grpc.netty.shaded.io.netty.util.internal.ThreadExecutorMap$2.run(ThreadExecutorMap.java:74)
	at com.alibaba.nacos.shaded.io.grpc.netty.shaded.io.netty.util.concurrent.FastThreadLocalRunnable.run(FastThreadLocalRunnable.java:30)
	at java.base/java.lang.Thread.run(Thread.java:842)
2025-07-25 09:11:22.233 [main] INFO  com.alibaba.nacos.common.remote.client - [d0eb5c95-82e3-455b-9fd4-9496dd58694a_config-0] Try to connect to server on start up, server: {serverIp = '127.0.0.1', server main port = 8848}
2025-07-25 09:11:22.233 [main] INFO  c.a.nacos.common.remote.client.grpc.GrpcClient - grpc client connection server:127.0.0.1 ip,serverPort:9848,grpcTslConfig:{"sslProvider":"OPENSSL","enableTls":false,"mutualAuthEnable":false,"trustAll":false}
2025-07-25 09:11:22.238 [main] ERROR c.a.nacos.common.remote.client.grpc.GrpcClient - Server check fail, please check server 127.0.0.1 ,port 9848 is available , error ={}
java.util.concurrent.ExecutionException: com.alibaba.nacos.shaded.io.grpc.StatusRuntimeException: UNAVAILABLE: io exception
	at com.alibaba.nacos.shaded.com.google.common.util.concurrent.AbstractFuture.getDoneValue(AbstractFuture.java:566)
	at com.alibaba.nacos.shaded.com.google.common.util.concurrent.AbstractFuture.get(AbstractFuture.java:445)
	at com.alibaba.nacos.common.remote.client.grpc.GrpcClient.serverCheck(GrpcClient.java:218)
	at com.alibaba.nacos.common.remote.client.grpc.GrpcClient.connectToServer(GrpcClient.java:329)
	at com.alibaba.nacos.common.remote.client.RpcClient.start(RpcClient.java:363)
	at com.alibaba.nacos.client.config.impl.ClientWorker$ConfigRpcTransportClient.ensureRpcClient(ClientWorker.java:891)
	at com.alibaba.nacos.client.config.impl.ClientWorker$ConfigRpcTransportClient.getOneRunningClient(ClientWorker.java:1038)
	at com.alibaba.nacos.client.config.impl.ClientWorker$ConfigRpcTransportClient.queryConfig(ClientWorker.java:946)
	at com.alibaba.nacos.client.config.impl.ClientWorker.getServerConfig(ClientWorker.java:403)
	at com.alibaba.nacos.client.config.NacosConfigService.getConfigInner(NacosConfigService.java:184)
	at com.alibaba.nacos.client.config.NacosConfigService.getConfig(NacosConfigService.java:96)
	at com.alibaba.cloud.nacos.client.NacosPropertySourceBuilder.loadNacosData(NacosPropertySourceBuilder.java:85)
	at com.alibaba.cloud.nacos.client.NacosPropertySourceBuilder.build(NacosPropertySourceBuilder.java:73)
	at com.alibaba.cloud.nacos.client.NacosPropertySourceLocator.loadNacosPropertySource(NacosPropertySourceLocator.java:199)
	at com.alibaba.cloud.nacos.client.NacosPropertySourceLocator.loadNacosDataIfPresent(NacosPropertySourceLocator.java:186)
	at com.alibaba.cloud.nacos.client.NacosPropertySourceLocator.loadApplicationConfiguration(NacosPropertySourceLocator.java:141)
	at com.alibaba.cloud.nacos.client.NacosPropertySourceLocator.locate(NacosPropertySourceLocator.java:103)
	at org.springframework.cloud.bootstrap.config.PropertySourceLocator.locateCollection(PropertySourceLocator.java:50)
	at org.springframework.cloud.bootstrap.config.PropertySourceLocator.locateCollection(PropertySourceLocator.java:46)
	at org.springframework.cloud.bootstrap.config.PropertySourceBootstrapConfiguration.initialize(PropertySourceBootstrapConfiguration.java:95)
	at org.springframework.boot.SpringApplication.applyInitializers(SpringApplication.java:603)
	at org.springframework.boot.SpringApplication.prepareContext(SpringApplication.java:383)
	at org.springframework.boot.SpringApplication.run(SpringApplication.java:307)
	at org.springframework.boot.SpringApplication.run(SpringApplication.java:1302)
	at org.springframework.boot.SpringApplication.run(SpringApplication.java:1291)
	at com.quanxiaoha.xiaohashu.auth.XiaohashuAuthApplication.main(XiaohashuAuthApplication.java:12)
Caused by: com.alibaba.nacos.shaded.io.grpc.StatusRuntimeException: UNAVAILABLE: io exception
	at com.alibaba.nacos.shaded.io.grpc.Status.asRuntimeException(Status.java:539)
	at com.alibaba.nacos.shaded.io.grpc.stub.ClientCalls$UnaryStreamToFuture.onClose(ClientCalls.java:544)
	at com.alibaba.nacos.shaded.io.grpc.internal.DelayedClientCall$DelayedListener$3.run(DelayedClientCall.java:471)
	at com.alibaba.nacos.shaded.io.grpc.internal.DelayedClientCall$DelayedListener.delayOrExecute(DelayedClientCall.java:435)
	at com.alibaba.nacos.shaded.io.grpc.internal.DelayedClientCall$DelayedListener.onClose(DelayedClientCall.java:468)
	at com.alibaba.nacos.shaded.io.grpc.internal.ClientCallImpl.closeObserver(ClientCallImpl.java:563)
	at com.alibaba.nacos.shaded.io.grpc.internal.ClientCallImpl.access$300(ClientCallImpl.java:70)
	at com.alibaba.nacos.shaded.io.grpc.internal.ClientCallImpl$ClientStreamListenerImpl$1StreamClosed.runInternal(ClientCallImpl.java:744)
	at com.alibaba.nacos.shaded.io.grpc.internal.ClientCallImpl$ClientStreamListenerImpl$1StreamClosed.runInContext(ClientCallImpl.java:723)
	at com.alibaba.nacos.shaded.io.grpc.internal.ContextRunnable.run(ContextRunnable.java:37)
	at com.alibaba.nacos.shaded.io.grpc.internal.SerializingExecutor.run(SerializingExecutor.java:133)
	at java.base/java.util.concurrent.ThreadPoolExecutor.runWorker(ThreadPoolExecutor.java:1136)
	at java.base/java.util.concurrent.ThreadPoolExecutor$Worker.run(ThreadPoolExecutor.java:635)
	at java.base/java.lang.Thread.run(Thread.java:842)
Caused by: com.alibaba.nacos.shaded.io.grpc.netty.shaded.io.netty.channel.AbstractChannel$AnnotatedConnectException: Connection refused: no further information: /127.0.0.1:9848
Caused by: java.net.ConnectException: Connection refused: no further information
	at java.base/sun.nio.ch.Net.pollConnect(Native Method)
	at java.base/sun.nio.ch.Net.pollConnectNow(Net.java:672)
	at java.base/sun.nio.ch.SocketChannelImpl.finishConnect(SocketChannelImpl.java:946)
	at com.alibaba.nacos.shaded.io.grpc.netty.shaded.io.netty.channel.socket.nio.NioSocketChannel.doFinishConnect(NioSocketChannel.java:337)
	at com.alibaba.nacos.shaded.io.grpc.netty.shaded.io.netty.channel.nio.AbstractNioChannel$AbstractNioUnsafe.finishConnect(AbstractNioChannel.java:334)
	at com.alibaba.nacos.shaded.io.grpc.netty.shaded.io.netty.channel.nio.NioEventLoop.processSelectedKey(NioEventLoop.java:710)
	at com.alibaba.nacos.shaded.io.grpc.netty.shaded.io.netty.channel.nio.NioEventLoop.processSelectedKeysOptimized(NioEventLoop.java:658)
	at com.alibaba.nacos.shaded.io.grpc.netty.shaded.io.netty.channel.nio.NioEventLoop.processSelectedKeys(NioEventLoop.java:584)
	at com.alibaba.nacos.shaded.io.grpc.netty.shaded.io.netty.channel.nio.NioEventLoop.run(NioEventLoop.java:496)
	at com.alibaba.nacos.shaded.io.grpc.netty.shaded.io.netty.util.concurrent.SingleThreadEventExecutor$4.run(SingleThreadEventExecutor.java:997)
	at com.alibaba.nacos.shaded.io.grpc.netty.shaded.io.netty.util.internal.ThreadExecutorMap$2.run(ThreadExecutorMap.java:74)
	at com.alibaba.nacos.shaded.io.grpc.netty.shaded.io.netty.util.concurrent.FastThreadLocalRunnable.run(FastThreadLocalRunnable.java:30)
	at java.base/java.lang.Thread.run(Thread.java:842)
2025-07-25 09:11:22.238 [com.alibaba.nacos.client.remote.worker] INFO  com.alibaba.nacos.common.remote.client - [d0eb5c95-82e3-455b-9fd4-9496dd58694a_config-0] Try to reconnect to a new server, server is  not appointed, will choose a random server.
2025-07-25 09:11:22.238 [com.alibaba.nacos.client.remote.worker] INFO  c.a.nacos.common.remote.client.grpc.GrpcClient - grpc client connection server:127.0.0.1 ip,serverPort:9848,grpcTslConfig:{"sslProvider":"OPENSSL","enableTls":false,"mutualAuthEnable":false,"trustAll":false}
2025-07-25 09:11:22.238 [main] INFO  com.alibaba.nacos.common.remote.client - [d0eb5c95-82e3-455b-9fd4-9496dd58694a_config-0] Register server push request handler:com.alibaba.nacos.common.remote.client.RpcClient$ConnectResetRequestHandler
2025-07-25 09:11:22.238 [main] INFO  com.alibaba.nacos.common.remote.client - [d0eb5c95-82e3-455b-9fd4-9496dd58694a_config-0] Register server push request handler:com.alibaba.nacos.common.remote.client.RpcClient$$Lambda$604/0x000001fa814ab798
2025-07-25 09:11:22.243 [com.alibaba.nacos.client.remote.worker] ERROR c.a.nacos.common.remote.client.grpc.GrpcClient - Server check fail, please check server 127.0.0.1 ,port 9848 is available , error ={}
java.util.concurrent.ExecutionException: com.alibaba.nacos.shaded.io.grpc.StatusRuntimeException: UNAVAILABLE: io exception
	at com.alibaba.nacos.shaded.com.google.common.util.concurrent.AbstractFuture.getDoneValue(AbstractFuture.java:566)
	at com.alibaba.nacos.shaded.com.google.common.util.concurrent.AbstractFuture.get(AbstractFuture.java:445)
	at com.alibaba.nacos.common.remote.client.grpc.GrpcClient.serverCheck(GrpcClient.java:218)
	at com.alibaba.nacos.common.remote.client.grpc.GrpcClient.connectToServer(GrpcClient.java:329)
	at com.alibaba.nacos.common.remote.client.RpcClient.reconnect(RpcClient.java:502)
	at com.alibaba.nacos.common.remote.client.RpcClient.lambda$start$2(RpcClient.java:343)
	at java.base/java.util.concurrent.Executors$RunnableAdapter.call(Executors.java:539)
	at java.base/java.util.concurrent.FutureTask.run(FutureTask.java:264)
	at java.base/java.util.concurrent.ScheduledThreadPoolExecutor$ScheduledFutureTask.run(ScheduledThreadPoolExecutor.java:304)
	at java.base/java.util.concurrent.ThreadPoolExecutor.runWorker(ThreadPoolExecutor.java:1136)
	at java.base/java.util.concurrent.ThreadPoolExecutor$Worker.run(ThreadPoolExecutor.java:635)
	at java.base/java.lang.Thread.run(Thread.java:842)
Caused by: com.alibaba.nacos.shaded.io.grpc.StatusRuntimeException: UNAVAILABLE: io exception
	at com.alibaba.nacos.shaded.io.grpc.Status.asRuntimeException(Status.java:539)
	at com.alibaba.nacos.shaded.io.grpc.stub.ClientCalls$UnaryStreamToFuture.onClose(ClientCalls.java:544)
	at com.alibaba.nacos.shaded.io.grpc.internal.DelayedClientCall$DelayedListener$3.run(DelayedClientCall.java:471)
	at com.alibaba.nacos.shaded.io.grpc.internal.DelayedClientCall$DelayedListener.delayOrExecute(DelayedClientCall.java:435)
	at com.alibaba.nacos.shaded.io.grpc.internal.DelayedClientCall$DelayedListener.onClose(DelayedClientCall.java:468)
	at com.alibaba.nacos.shaded.io.grpc.internal.ClientCallImpl.closeObserver(ClientCallImpl.java:563)
	at com.alibaba.nacos.shaded.io.grpc.internal.ClientCallImpl.access$300(ClientCallImpl.java:70)
	at com.alibaba.nacos.shaded.io.grpc.internal.ClientCallImpl$ClientStreamListenerImpl$1StreamClosed.runInternal(ClientCallImpl.java:744)
	at com.alibaba.nacos.shaded.io.grpc.internal.ClientCallImpl$ClientStreamListenerImpl$1StreamClosed.runInContext(ClientCallImpl.java:723)
	at com.alibaba.nacos.shaded.io.grpc.internal.ContextRunnable.run(ContextRunnable.java:37)
	at com.alibaba.nacos.shaded.io.grpc.internal.SerializingExecutor.run(SerializingExecutor.java:133)
	... 3 common frames omitted
Caused by: com.alibaba.nacos.shaded.io.grpc.netty.shaded.io.netty.channel.AbstractChannel$AnnotatedConnectException: Connection refused: no further information: /127.0.0.1:9848
Caused by: java.net.ConnectException: Connection refused: no further information
	at java.base/sun.nio.ch.Net.pollConnect(Native Method)
	at java.base/sun.nio.ch.Net.pollConnectNow(Net.java:672)
	at java.base/sun.nio.ch.SocketChannelImpl.finishConnect(SocketChannelImpl.java:946)
	at com.alibaba.nacos.shaded.io.grpc.netty.shaded.io.netty.channel.socket.nio.NioSocketChannel.doFinishConnect(NioSocketChannel.java:337)
	at com.alibaba.nacos.shaded.io.grpc.netty.shaded.io.netty.channel.nio.AbstractNioChannel$AbstractNioUnsafe.finishConnect(AbstractNioChannel.java:334)
	at com.alibaba.nacos.shaded.io.grpc.netty.shaded.io.netty.channel.nio.NioEventLoop.processSelectedKey(NioEventLoop.java:710)
	at com.alibaba.nacos.shaded.io.grpc.netty.shaded.io.netty.channel.nio.NioEventLoop.processSelectedKeysOptimized(NioEventLoop.java:658)
	at com.alibaba.nacos.shaded.io.grpc.netty.shaded.io.netty.channel.nio.NioEventLoop.processSelectedKeys(NioEventLoop.java:584)
	at com.alibaba.nacos.shaded.io.grpc.netty.shaded.io.netty.channel.nio.NioEventLoop.run(NioEventLoop.java:496)
	at com.alibaba.nacos.shaded.io.grpc.netty.shaded.io.netty.util.concurrent.SingleThreadEventExecutor$4.run(SingleThreadEventExecutor.java:997)
	at com.alibaba.nacos.shaded.io.grpc.netty.shaded.io.netty.util.internal.ThreadExecutorMap$2.run(ThreadExecutorMap.java:74)
	at com.alibaba.nacos.shaded.io.grpc.netty.shaded.io.netty.util.concurrent.FastThreadLocalRunnable.run(FastThreadLocalRunnable.java:30)
	at java.base/java.lang.Thread.run(Thread.java:842)
2025-07-25 09:11:22.278 [main] INFO  com.alibaba.nacos.client.config.impl.Limiter - limitTime:5.0
2025-07-25 09:11:22.353 [com.alibaba.nacos.client.remote.worker] INFO  c.a.nacos.common.remote.client.grpc.GrpcClient - grpc client connection server:127.0.0.1 ip,serverPort:9848,grpcTslConfig:{"sslProvider":"OPENSSL","enableTls":false,"mutualAuthEnable":false,"trustAll":false}
2025-07-25 09:11:22.358 [com.alibaba.nacos.client.remote.worker] ERROR c.a.nacos.common.remote.client.grpc.GrpcClient - Server check fail, please check server 127.0.0.1 ,port 9848 is available , error ={}
java.util.concurrent.ExecutionException: com.alibaba.nacos.shaded.io.grpc.StatusRuntimeException: UNAVAILABLE: io exception
	at com.alibaba.nacos.shaded.com.google.common.util.concurrent.AbstractFuture.getDoneValue(AbstractFuture.java:566)
	at com.alibaba.nacos.shaded.com.google.common.util.concurrent.AbstractFuture.get(AbstractFuture.java:445)
	at com.alibaba.nacos.common.remote.client.grpc.GrpcClient.serverCheck(GrpcClient.java:218)
	at com.alibaba.nacos.common.remote.client.grpc.GrpcClient.connectToServer(GrpcClient.java:329)
	at com.alibaba.nacos.common.remote.client.RpcClient.reconnect(RpcClient.java:502)
	at com.alibaba.nacos.common.remote.client.RpcClient.lambda$start$2(RpcClient.java:343)
	at java.base/java.util.concurrent.Executors$RunnableAdapter.call(Executors.java:539)
	at java.base/java.util.concurrent.FutureTask.run(FutureTask.java:264)
	at java.base/java.util.concurrent.ScheduledThreadPoolExecutor$ScheduledFutureTask.run(ScheduledThreadPoolExecutor.java:304)
	at java.base/java.util.concurrent.ThreadPoolExecutor.runWorker(ThreadPoolExecutor.java:1136)
	at java.base/java.util.concurrent.ThreadPoolExecutor$Worker.run(ThreadPoolExecutor.java:635)
	at java.base/java.lang.Thread.run(Thread.java:842)
Caused by: com.alibaba.nacos.shaded.io.grpc.StatusRuntimeException: UNAVAILABLE: io exception
	at com.alibaba.nacos.shaded.io.grpc.Status.asRuntimeException(Status.java:539)
	at com.alibaba.nacos.shaded.io.grpc.stub.ClientCalls$UnaryStreamToFuture.onClose(ClientCalls.java:544)
	at com.alibaba.nacos.shaded.io.grpc.internal.DelayedClientCall$DelayedListener$3.run(DelayedClientCall.java:471)
	at com.alibaba.nacos.shaded.io.grpc.internal.DelayedClientCall$DelayedListener.delayOrExecute(DelayedClientCall.java:435)
	at com.alibaba.nacos.shaded.io.grpc.internal.DelayedClientCall$DelayedListener.onClose(DelayedClientCall.java:468)
	at com.alibaba.nacos.shaded.io.grpc.internal.ClientCallImpl.closeObserver(ClientCallImpl.java:563)
	at com.alibaba.nacos.shaded.io.grpc.internal.ClientCallImpl.access$300(ClientCallImpl.java:70)
	at com.alibaba.nacos.shaded.io.grpc.internal.ClientCallImpl$ClientStreamListenerImpl$1StreamClosed.runInternal(ClientCallImpl.java:744)
	at com.alibaba.nacos.shaded.io.grpc.internal.ClientCallImpl$ClientStreamListenerImpl$1StreamClosed.runInContext(ClientCallImpl.java:723)
	at com.alibaba.nacos.shaded.io.grpc.internal.ContextRunnable.run(ContextRunnable.java:37)
	at com.alibaba.nacos.shaded.io.grpc.internal.SerializingExecutor.run(SerializingExecutor.java:133)
	... 3 common frames omitted
Caused by: com.alibaba.nacos.shaded.io.grpc.netty.shaded.io.netty.channel.AbstractChannel$AnnotatedConnectException: Connection refused: no further information: /127.0.0.1:9848
Caused by: java.net.ConnectException: Connection refused: no further information
	at java.base/sun.nio.ch.Net.pollConnect(Native Method)
	at java.base/sun.nio.ch.Net.pollConnectNow(Net.java:672)
	at java.base/sun.nio.ch.SocketChannelImpl.finishConnect(SocketChannelImpl.java:946)
	at com.alibaba.nacos.shaded.io.grpc.netty.shaded.io.netty.channel.socket.nio.NioSocketChannel.doFinishConnect(NioSocketChannel.java:337)
	at com.alibaba.nacos.shaded.io.grpc.netty.shaded.io.netty.channel.nio.AbstractNioChannel$AbstractNioUnsafe.finishConnect(AbstractNioChannel.java:334)
	at com.alibaba.nacos.shaded.io.grpc.netty.shaded.io.netty.channel.nio.NioEventLoop.processSelectedKey(NioEventLoop.java:710)
	at com.alibaba.nacos.shaded.io.grpc.netty.shaded.io.netty.channel.nio.NioEventLoop.processSelectedKeysOptimized(NioEventLoop.java:658)
	at com.alibaba.nacos.shaded.io.grpc.netty.shaded.io.netty.channel.nio.NioEventLoop.processSelectedKeys(NioEventLoop.java:584)
	at com.alibaba.nacos.shaded.io.grpc.netty.shaded.io.netty.channel.nio.NioEventLoop.run(NioEventLoop.java:496)
	at com.alibaba.nacos.shaded.io.grpc.netty.shaded.io.netty.util.concurrent.SingleThreadEventExecutor$4.run(SingleThreadEventExecutor.java:997)
	at com.alibaba.nacos.shaded.io.grpc.netty.shaded.io.netty.util.internal.ThreadExecutorMap$2.run(ThreadExecutorMap.java:74)
	at com.alibaba.nacos.shaded.io.grpc.netty.shaded.io.netty.util.concurrent.FastThreadLocalRunnable.run(FastThreadLocalRunnable.java:30)
	at java.base/java.lang.Thread.run(Thread.java:842)
2025-07-25 09:11:22.358 [com.alibaba.nacos.client.remote.worker] INFO  com.alibaba.nacos.common.remote.client - [d0eb5c95-82e3-455b-9fd4-9496dd58694a_config-0] Fail to connect server, after trying 1 times, last try server is {serverIp = '127.0.0.1', server main port = 8848}, error = unknown
2025-07-25 09:11:22.383 [main] ERROR com.alibaba.nacos.common.remote.client - Send request fail, request = ConfigQueryRequest{headers={charset=UTF-8, Client-AppName=unknown, Client-RequestToken=b0ae009f0662c5b0ceb3a4cee4556a69, Client-RequestTS=1753405882238, exConfigInfo=true, notify=false}, requestId='null'}, retryTimes = 0, errorMessage = Client not connected, current status:STARTING
2025-07-25 09:11:22.489 [main] ERROR com.alibaba.nacos.common.remote.client - Send request fail, request = ConfigQueryRequest{headers={charset=UTF-8, Client-AppName=unknown, Client-RequestToken=b0ae009f0662c5b0ceb3a4cee4556a69, Client-RequestTS=1753405882238, exConfigInfo=true, notify=false}, requestId='null'}, retryTimes = 1, errorMessage = Client not connected, current status:STARTING
2025-07-25 09:11:22.564 [com.alibaba.nacos.client.remote.worker] INFO  c.a.nacos.common.remote.client.grpc.GrpcClient - grpc client connection server:127.0.0.1 ip,serverPort:9848,grpcTslConfig:{"sslProvider":"OPENSSL","enableTls":false,"mutualAuthEnable":false,"trustAll":false}
2025-07-25 09:11:22.569 [com.alibaba.nacos.client.remote.worker] ERROR c.a.nacos.common.remote.client.grpc.GrpcClient - Server check fail, please check server 127.0.0.1 ,port 9848 is available , error ={}
java.util.concurrent.ExecutionException: com.alibaba.nacos.shaded.io.grpc.StatusRuntimeException: UNAVAILABLE: io exception
	at com.alibaba.nacos.shaded.com.google.common.util.concurrent.AbstractFuture.getDoneValue(AbstractFuture.java:566)
	at com.alibaba.nacos.shaded.com.google.common.util.concurrent.AbstractFuture.get(AbstractFuture.java:445)
	at com.alibaba.nacos.common.remote.client.grpc.GrpcClient.serverCheck(GrpcClient.java:218)
	at com.alibaba.nacos.common.remote.client.grpc.GrpcClient.connectToServer(GrpcClient.java:329)
	at com.alibaba.nacos.common.remote.client.RpcClient.reconnect(RpcClient.java:502)
	at com.alibaba.nacos.common.remote.client.RpcClient.lambda$start$2(RpcClient.java:343)
	at java.base/java.util.concurrent.Executors$RunnableAdapter.call(Executors.java:539)
	at java.base/java.util.concurrent.FutureTask.run(FutureTask.java:264)
	at java.base/java.util.concurrent.ScheduledThreadPoolExecutor$ScheduledFutureTask.run(ScheduledThreadPoolExecutor.java:304)
	at java.base/java.util.concurrent.ThreadPoolExecutor.runWorker(ThreadPoolExecutor.java:1136)
	at java.base/java.util.concurrent.ThreadPoolExecutor$Worker.run(ThreadPoolExecutor.java:635)
	at java.base/java.lang.Thread.run(Thread.java:842)
Caused by: com.alibaba.nacos.shaded.io.grpc.StatusRuntimeException: UNAVAILABLE: io exception
	at com.alibaba.nacos.shaded.io.grpc.Status.asRuntimeException(Status.java:539)
	at com.alibaba.nacos.shaded.io.grpc.stub.ClientCalls$UnaryStreamToFuture.onClose(ClientCalls.java:544)
	at com.alibaba.nacos.shaded.io.grpc.internal.DelayedClientCall$DelayedListener$3.run(DelayedClientCall.java:471)
	at com.alibaba.nacos.shaded.io.grpc.internal.DelayedClientCall$DelayedListener.delayOrExecute(DelayedClientCall.java:435)
	at com.alibaba.nacos.shaded.io.grpc.internal.DelayedClientCall$DelayedListener.onClose(DelayedClientCall.java:468)
	at com.alibaba.nacos.shaded.io.grpc.internal.ClientCallImpl.closeObserver(ClientCallImpl.java:563)
	at com.alibaba.nacos.shaded.io.grpc.internal.ClientCallImpl.access$300(ClientCallImpl.java:70)
	at com.alibaba.nacos.shaded.io.grpc.internal.ClientCallImpl$ClientStreamListenerImpl$1StreamClosed.runInternal(ClientCallImpl.java:744)
	at com.alibaba.nacos.shaded.io.grpc.internal.ClientCallImpl$ClientStreamListenerImpl$1StreamClosed.runInContext(ClientCallImpl.java:723)
	at com.alibaba.nacos.shaded.io.grpc.internal.ContextRunnable.run(ContextRunnable.java:37)
	at com.alibaba.nacos.shaded.io.grpc.internal.SerializingExecutor.run(SerializingExecutor.java:133)
	... 3 common frames omitted
Caused by: com.alibaba.nacos.shaded.io.grpc.netty.shaded.io.netty.channel.AbstractChannel$AnnotatedConnectException: Connection refused: no further information: /127.0.0.1:9848
Caused by: java.net.ConnectException: Connection refused: no further information
	at java.base/sun.nio.ch.Net.pollConnect(Native Method)
	at java.base/sun.nio.ch.Net.pollConnectNow(Net.java:672)
	at java.base/sun.nio.ch.SocketChannelImpl.finishConnect(SocketChannelImpl.java:946)
	at com.alibaba.nacos.shaded.io.grpc.netty.shaded.io.netty.channel.socket.nio.NioSocketChannel.doFinishConnect(NioSocketChannel.java:337)
	at com.alibaba.nacos.shaded.io.grpc.netty.shaded.io.netty.channel.nio.AbstractNioChannel$AbstractNioUnsafe.finishConnect(AbstractNioChannel.java:334)
	at com.alibaba.nacos.shaded.io.grpc.netty.shaded.io.netty.channel.nio.NioEventLoop.processSelectedKey(NioEventLoop.java:710)
	at com.alibaba.nacos.shaded.io.grpc.netty.shaded.io.netty.channel.nio.NioEventLoop.processSelectedKeysOptimized(NioEventLoop.java:658)
	at com.alibaba.nacos.shaded.io.grpc.netty.shaded.io.netty.channel.nio.NioEventLoop.processSelectedKeys(NioEventLoop.java:584)
	at com.alibaba.nacos.shaded.io.grpc.netty.shaded.io.netty.channel.nio.NioEventLoop.run(NioEventLoop.java:496)
	at com.alibaba.nacos.shaded.io.grpc.netty.shaded.io.netty.util.concurrent.SingleThreadEventExecutor$4.run(SingleThreadEventExecutor.java:997)
	at com.alibaba.nacos.shaded.io.grpc.netty.shaded.io.netty.util.internal.ThreadExecutorMap$2.run(ThreadExecutorMap.java:74)
	at com.alibaba.nacos.shaded.io.grpc.netty.shaded.io.netty.util.concurrent.FastThreadLocalRunnable.run(FastThreadLocalRunnable.java:30)
	at java.base/java.lang.Thread.run(Thread.java:842)
2025-07-25 09:11:22.569 [com.alibaba.nacos.client.remote.worker] INFO  com.alibaba.nacos.common.remote.client - [d0eb5c95-82e3-455b-9fd4-9496dd58694a_config-0] Fail to connect server, after trying 2 times, last try server is {serverIp = '127.0.0.1', server main port = 8848}, error = unknown
2025-07-25 09:11:22.594 [main] ERROR com.alibaba.nacos.common.remote.client - Send request fail, request = ConfigQueryRequest{headers={charset=UTF-8, Client-AppName=unknown, Client-RequestToken=b0ae009f0662c5b0ceb3a4cee4556a69, Client-RequestTS=1753405882238, exConfigInfo=true, notify=false}, requestId='null'}, retryTimes = 2, errorMessage = Client not connected, current status:STARTING
2025-07-25 09:11:22.594 [main] WARN  c.alibaba.nacos.client.config.NacosConfigService - [fixed-xiaohashu-127.0.0.1_8848] [get-config] get from server error, dataId=xiaohashu-auth, group=DEFAULT_GROUP, tenant=xiaohashu, msg=ErrCode:-401, ErrMsg:Client not connected, current status:STARTING
2025-07-25 09:11:22.594 [main] INFO  com.alibaba.nacos.client.config.utils.JvmUtil - isMultiInstance:false
2025-07-25 09:11:22.594 [main] WARN  c.alibaba.nacos.client.config.NacosConfigService - [fixed-xiaohashu-127.0.0.1_8848] [get-config] get snapshot ok, dataId=xiaohashu-auth, group=DEFAULT_GROUP, tenant=xiaohashu, config=rate-limit:
  api:
    limit: 8888
2025-07-25 09:11:22.710 [main] ERROR com.alibaba.nacos.common.remote.client - Send request fail, request = ConfigQueryRequest{headers={charset=UTF-8, Client-AppName=unknown, Client-RequestToken=b2f663415fc32d4aa6abbed8951bf4cb, Client-RequestTS=1753405882599, exConfigInfo=true, notify=false}, requestId='null'}, retryTimes = 0, errorMessage = Client not connected, current status:STARTING
2025-07-25 09:11:22.812 [main] ERROR com.alibaba.nacos.common.remote.client - Send request fail, request = ConfigQueryRequest{headers={charset=UTF-8, Client-AppName=unknown, Client-RequestToken=b2f663415fc32d4aa6abbed8951bf4cb, Client-RequestTS=1753405882599, exConfigInfo=true, notify=false}, requestId='null'}, retryTimes = 1, errorMessage = Client not connected, current status:STARTING
2025-07-25 09:11:22.881 [com.alibaba.nacos.client.remote.worker] INFO  c.a.nacos.common.remote.client.grpc.GrpcClient - grpc client connection server:127.0.0.1 ip,serverPort:9848,grpcTslConfig:{"sslProvider":"OPENSSL","enableTls":false,"mutualAuthEnable":false,"trustAll":false}
2025-07-25 09:11:22.881 [com.alibaba.nacos.client.remote.worker] ERROR c.a.nacos.common.remote.client.grpc.GrpcClient - Server check fail, please check server 127.0.0.1 ,port 9848 is available , error ={}
java.util.concurrent.ExecutionException: com.alibaba.nacos.shaded.io.grpc.StatusRuntimeException: UNAVAILABLE: io exception
	at com.alibaba.nacos.shaded.com.google.common.util.concurrent.AbstractFuture.getDoneValue(AbstractFuture.java:566)
	at com.alibaba.nacos.shaded.com.google.common.util.concurrent.AbstractFuture.get(AbstractFuture.java:445)
	at com.alibaba.nacos.common.remote.client.grpc.GrpcClient.serverCheck(GrpcClient.java:218)
	at com.alibaba.nacos.common.remote.client.grpc.GrpcClient.connectToServer(GrpcClient.java:329)
	at com.alibaba.nacos.common.remote.client.RpcClient.reconnect(RpcClient.java:502)
	at com.alibaba.nacos.common.remote.client.RpcClient.lambda$start$2(RpcClient.java:343)
	at java.base/java.util.concurrent.Executors$RunnableAdapter.call(Executors.java:539)
	at java.base/java.util.concurrent.FutureTask.run(FutureTask.java:264)
	at java.base/java.util.concurrent.ScheduledThreadPoolExecutor$ScheduledFutureTask.run(ScheduledThreadPoolExecutor.java:304)
	at java.base/java.util.concurrent.ThreadPoolExecutor.runWorker(ThreadPoolExecutor.java:1136)
	at java.base/java.util.concurrent.ThreadPoolExecutor$Worker.run(ThreadPoolExecutor.java:635)
	at java.base/java.lang.Thread.run(Thread.java:842)
Caused by: com.alibaba.nacos.shaded.io.grpc.StatusRuntimeException: UNAVAILABLE: io exception
	at com.alibaba.nacos.shaded.io.grpc.Status.asRuntimeException(Status.java:539)
	at com.alibaba.nacos.shaded.io.grpc.stub.ClientCalls$UnaryStreamToFuture.onClose(ClientCalls.java:544)
	at com.alibaba.nacos.shaded.io.grpc.internal.DelayedClientCall$DelayedListener$3.run(DelayedClientCall.java:471)
	at com.alibaba.nacos.shaded.io.grpc.internal.DelayedClientCall$DelayedListener.delayOrExecute(DelayedClientCall.java:435)
	at com.alibaba.nacos.shaded.io.grpc.internal.DelayedClientCall$DelayedListener.onClose(DelayedClientCall.java:468)
	at com.alibaba.nacos.shaded.io.grpc.internal.ClientCallImpl.closeObserver(ClientCallImpl.java:563)
	at com.alibaba.nacos.shaded.io.grpc.internal.ClientCallImpl.access$300(ClientCallImpl.java:70)
	at com.alibaba.nacos.shaded.io.grpc.internal.ClientCallImpl$ClientStreamListenerImpl$1StreamClosed.runInternal(ClientCallImpl.java:744)
	at com.alibaba.nacos.shaded.io.grpc.internal.ClientCallImpl$ClientStreamListenerImpl$1StreamClosed.runInContext(ClientCallImpl.java:723)
	at com.alibaba.nacos.shaded.io.grpc.internal.ContextRunnable.run(ContextRunnable.java:37)
	at com.alibaba.nacos.shaded.io.grpc.internal.SerializingExecutor.run(SerializingExecutor.java:133)
	... 3 common frames omitted
Caused by: com.alibaba.nacos.shaded.io.grpc.netty.shaded.io.netty.channel.AbstractChannel$AnnotatedConnectException: Connection refused: no further information: /127.0.0.1:9848
Caused by: java.net.ConnectException: Connection refused: no further information
	at java.base/sun.nio.ch.Net.pollConnect(Native Method)
	at java.base/sun.nio.ch.Net.pollConnectNow(Net.java:672)
	at java.base/sun.nio.ch.SocketChannelImpl.finishConnect(SocketChannelImpl.java:946)
	at com.alibaba.nacos.shaded.io.grpc.netty.shaded.io.netty.channel.socket.nio.NioSocketChannel.doFinishConnect(NioSocketChannel.java:337)
	at com.alibaba.nacos.shaded.io.grpc.netty.shaded.io.netty.channel.nio.AbstractNioChannel$AbstractNioUnsafe.finishConnect(AbstractNioChannel.java:334)
	at com.alibaba.nacos.shaded.io.grpc.netty.shaded.io.netty.channel.nio.NioEventLoop.processSelectedKey(NioEventLoop.java:710)
	at com.alibaba.nacos.shaded.io.grpc.netty.shaded.io.netty.channel.nio.NioEventLoop.processSelectedKeysOptimized(NioEventLoop.java:658)
	at com.alibaba.nacos.shaded.io.grpc.netty.shaded.io.netty.channel.nio.NioEventLoop.processSelectedKeys(NioEventLoop.java:584)
	at com.alibaba.nacos.shaded.io.grpc.netty.shaded.io.netty.channel.nio.NioEventLoop.run(NioEventLoop.java:496)
	at com.alibaba.nacos.shaded.io.grpc.netty.shaded.io.netty.util.concurrent.SingleThreadEventExecutor$4.run(SingleThreadEventExecutor.java:997)
	at com.alibaba.nacos.shaded.io.grpc.netty.shaded.io.netty.util.internal.ThreadExecutorMap$2.run(ThreadExecutorMap.java:74)
	at com.alibaba.nacos.shaded.io.grpc.netty.shaded.io.netty.util.concurrent.FastThreadLocalRunnable.run(FastThreadLocalRunnable.java:30)
	at java.base/java.lang.Thread.run(Thread.java:842)
2025-07-25 09:11:22.881 [com.alibaba.nacos.client.remote.worker] INFO  com.alibaba.nacos.common.remote.client - [d0eb5c95-82e3-455b-9fd4-9496dd58694a_config-0] Fail to connect server, after trying 3 times, last try server is {serverIp = '127.0.0.1', server main port = 8848}, error = unknown
2025-07-25 09:11:22.926 [main] ERROR com.alibaba.nacos.common.remote.client - Send request fail, request = ConfigQueryRequest{headers={charset=UTF-8, Client-AppName=unknown, Client-RequestToken=b2f663415fc32d4aa6abbed8951bf4cb, Client-RequestTS=1753405882599, exConfigInfo=true, notify=false}, requestId='null'}, retryTimes = 2, errorMessage = Client not connected, current status:STARTING
2025-07-25 09:11:22.926 [main] WARN  c.alibaba.nacos.client.config.NacosConfigService - [fixed-xiaohashu-127.0.0.1_8848] [get-config] get from server error, dataId=xiaohashu-auth.yaml, group=DEFAULT_GROUP, tenant=xiaohashu, msg=ErrCode:-401, ErrMsg:Client not connected, current status:STARTING
2025-07-25 09:11:22.926 [main] WARN  c.a.cloud.nacos.client.NacosPropertySourceBuilder - Ignore the empty nacos configuration and get it based on dataId[xiaohashu-auth.yaml] & group[DEFAULT_GROUP]
2025-07-25 09:11:23.035 [main] ERROR com.alibaba.nacos.common.remote.client - Send request fail, request = ConfigQueryRequest{headers={charset=UTF-8, Client-AppName=unknown, Client-RequestToken=6148243b7bd23b067dbc21464cbe082c, Client-RequestTS=1753405882926, exConfigInfo=true, notify=false}, requestId='null'}, retryTimes = 0, errorMessage = Client not connected, current status:STARTING
2025-07-25 09:11:23.139 [main] ERROR com.alibaba.nacos.common.remote.client - Send request fail, request = ConfigQueryRequest{headers={charset=UTF-8, Client-AppName=unknown, Client-RequestToken=6148243b7bd23b067dbc21464cbe082c, Client-RequestTS=1753405882926, exConfigInfo=true, notify=false}, requestId='null'}, retryTimes = 1, errorMessage = Client not connected, current status:STARTING
2025-07-25 09:11:23.244 [main] ERROR com.alibaba.nacos.common.remote.client - Send request fail, request = ConfigQueryRequest{headers={charset=UTF-8, Client-AppName=unknown, Client-RequestToken=6148243b7bd23b067dbc21464cbe082c, Client-RequestTS=1753405882926, exConfigInfo=true, notify=false}, requestId='null'}, retryTimes = 2, errorMessage = Client not connected, current status:STARTING
2025-07-25 09:11:23.244 [main] WARN  c.alibaba.nacos.client.config.NacosConfigService - [fixed-xiaohashu-127.0.0.1_8848] [get-config] get from server error, dataId=xiaohashu-auth-dev.yaml, group=DEFAULT_GROUP, tenant=xiaohashu, msg=ErrCode:-401, ErrMsg:Client not connected, current status:STARTING
2025-07-25 09:11:23.244 [main] WARN  c.alibaba.nacos.client.config.NacosConfigService - [fixed-xiaohashu-127.0.0.1_8848] [get-config] get snapshot ok, dataId=xiaohashu-auth-dev.yaml, group=DEFAULT_GROUP, tenant=xiaohashu, config=alarm:
  type: sms # 告警类型
2025-07-25 09:11:23.244 [main] INFO  o.s.c.b.c.PropertySourceBootstrapConfiguration - Located property source: [BootstrapPropertySource {name='bootstrapProperties-xiaohashu-auth-dev.yaml,DEFAULT_GROUP'}, BootstrapPropertySource {name='bootstrapProperties-xiaohashu-auth.yaml,DEFAULT_GROUP'}, BootstrapPropertySource {name='bootstrapProperties-xiaohashu-auth,DEFAULT_GROUP'}]
2025-07-25 09:11:23.265 [main] WARN  com.alibaba.nacos.client.logging.NacosLogging - Load Logback Configuration of Nacos fail, message: Could not initialize Logback Nacos logging from classpath:nacos-logback.xml
2025-07-25 09:11:23.265 [main] INFO  c.q.xiaohashu.auth.XiaohashuAuthApplication - The following 1 profile is active: "dev"
2025-07-25 09:11:23.287 [com.alibaba.nacos.client.remote.worker] INFO  c.a.nacos.common.remote.client.grpc.GrpcClient - grpc client connection server:127.0.0.1 ip,serverPort:9848,grpcTslConfig:{"sslProvider":"OPENSSL","enableTls":false,"mutualAuthEnable":false,"trustAll":false}
2025-07-25 09:11:23.289 [com.alibaba.nacos.client.remote.worker] ERROR c.a.nacos.common.remote.client.grpc.GrpcClient - Server check fail, please check server 127.0.0.1 ,port 9848 is available , error ={}
java.util.concurrent.ExecutionException: com.alibaba.nacos.shaded.io.grpc.StatusRuntimeException: UNAVAILABLE: io exception
	at com.alibaba.nacos.shaded.com.google.common.util.concurrent.AbstractFuture.getDoneValue(AbstractFuture.java:566)
	at com.alibaba.nacos.shaded.com.google.common.util.concurrent.AbstractFuture.get(AbstractFuture.java:445)
	at com.alibaba.nacos.common.remote.client.grpc.GrpcClient.serverCheck(GrpcClient.java:218)
	at com.alibaba.nacos.common.remote.client.grpc.GrpcClient.connectToServer(GrpcClient.java:329)
	at com.alibaba.nacos.common.remote.client.RpcClient.reconnect(RpcClient.java:502)
	at com.alibaba.nacos.common.remote.client.RpcClient.lambda$start$2(RpcClient.java:343)
	at java.base/java.util.concurrent.Executors$RunnableAdapter.call(Executors.java:539)
	at java.base/java.util.concurrent.FutureTask.run(FutureTask.java:264)
	at java.base/java.util.concurrent.ScheduledThreadPoolExecutor$ScheduledFutureTask.run(ScheduledThreadPoolExecutor.java:304)
	at java.base/java.util.concurrent.ThreadPoolExecutor.runWorker(ThreadPoolExecutor.java:1136)
	at java.base/java.util.concurrent.ThreadPoolExecutor$Worker.run(ThreadPoolExecutor.java:635)
	at java.base/java.lang.Thread.run(Thread.java:842)
Caused by: com.alibaba.nacos.shaded.io.grpc.StatusRuntimeException: UNAVAILABLE: io exception
	at com.alibaba.nacos.shaded.io.grpc.Status.asRuntimeException(Status.java:539)
	at com.alibaba.nacos.shaded.io.grpc.stub.ClientCalls$UnaryStreamToFuture.onClose(ClientCalls.java:544)
	at com.alibaba.nacos.shaded.io.grpc.internal.DelayedClientCall$DelayedListener$3.run(DelayedClientCall.java:471)
	at com.alibaba.nacos.shaded.io.grpc.internal.DelayedClientCall$DelayedListener.delayOrExecute(DelayedClientCall.java:435)
	at com.alibaba.nacos.shaded.io.grpc.internal.DelayedClientCall$DelayedListener.onClose(DelayedClientCall.java:468)
	at com.alibaba.nacos.shaded.io.grpc.internal.ClientCallImpl.closeObserver(ClientCallImpl.java:563)
	at com.alibaba.nacos.shaded.io.grpc.internal.ClientCallImpl.access$300(ClientCallImpl.java:70)
	at com.alibaba.nacos.shaded.io.grpc.internal.ClientCallImpl$ClientStreamListenerImpl$1StreamClosed.runInternal(ClientCallImpl.java:744)
	at com.alibaba.nacos.shaded.io.grpc.internal.ClientCallImpl$ClientStreamListenerImpl$1StreamClosed.runInContext(ClientCallImpl.java:723)
	at com.alibaba.nacos.shaded.io.grpc.internal.ContextRunnable.run(ContextRunnable.java:37)
	at com.alibaba.nacos.shaded.io.grpc.internal.SerializingExecutor.run(SerializingExecutor.java:133)
	... 3 common frames omitted
Caused by: com.alibaba.nacos.shaded.io.grpc.netty.shaded.io.netty.channel.AbstractChannel$AnnotatedConnectException: Connection refused: no further information: /127.0.0.1:9848
Caused by: java.net.ConnectException: Connection refused: no further information
	at java.base/sun.nio.ch.Net.pollConnect(Native Method)
	at java.base/sun.nio.ch.Net.pollConnectNow(Net.java:672)
	at java.base/sun.nio.ch.SocketChannelImpl.finishConnect(SocketChannelImpl.java:946)
	at com.alibaba.nacos.shaded.io.grpc.netty.shaded.io.netty.channel.socket.nio.NioSocketChannel.doFinishConnect(NioSocketChannel.java:337)
	at com.alibaba.nacos.shaded.io.grpc.netty.shaded.io.netty.channel.nio.AbstractNioChannel$AbstractNioUnsafe.finishConnect(AbstractNioChannel.java:334)
	at com.alibaba.nacos.shaded.io.grpc.netty.shaded.io.netty.channel.nio.NioEventLoop.processSelectedKey(NioEventLoop.java:710)
	at com.alibaba.nacos.shaded.io.grpc.netty.shaded.io.netty.channel.nio.NioEventLoop.processSelectedKeysOptimized(NioEventLoop.java:658)
	at com.alibaba.nacos.shaded.io.grpc.netty.shaded.io.netty.channel.nio.NioEventLoop.processSelectedKeys(NioEventLoop.java:584)
	at com.alibaba.nacos.shaded.io.grpc.netty.shaded.io.netty.channel.nio.NioEventLoop.run(NioEventLoop.java:496)
	at com.alibaba.nacos.shaded.io.grpc.netty.shaded.io.netty.util.concurrent.SingleThreadEventExecutor$4.run(SingleThreadEventExecutor.java:997)
	at com.alibaba.nacos.shaded.io.grpc.netty.shaded.io.netty.util.internal.ThreadExecutorMap$2.run(ThreadExecutorMap.java:74)
	at com.alibaba.nacos.shaded.io.grpc.netty.shaded.io.netty.util.concurrent.FastThreadLocalRunnable.run(FastThreadLocalRunnable.java:30)
	at java.base/java.lang.Thread.run(Thread.java:842)
2025-07-25 09:11:23.289 [com.alibaba.nacos.client.remote.worker] INFO  com.alibaba.nacos.common.remote.client - [d0eb5c95-82e3-455b-9fd4-9496dd58694a_config-0] Fail to connect server, after trying 4 times, last try server is {serverIp = '127.0.0.1', server main port = 8848}, error = unknown
2025-07-25 09:11:23.800 [com.alibaba.nacos.client.remote.worker] INFO  c.a.nacos.common.remote.client.grpc.GrpcClient - grpc client connection server:127.0.0.1 ip,serverPort:9848,grpcTslConfig:{"sslProvider":"OPENSSL","enableTls":false,"mutualAuthEnable":false,"trustAll":false}
2025-07-25 09:11:23.801 [com.alibaba.nacos.client.remote.worker] ERROR c.a.nacos.common.remote.client.grpc.GrpcClient - Server check fail, please check server 127.0.0.1 ,port 9848 is available , error ={}
java.util.concurrent.ExecutionException: com.alibaba.nacos.shaded.io.grpc.StatusRuntimeException: UNAVAILABLE: io exception
	at com.alibaba.nacos.shaded.com.google.common.util.concurrent.AbstractFuture.getDoneValue(AbstractFuture.java:566)
	at com.alibaba.nacos.shaded.com.google.common.util.concurrent.AbstractFuture.get(AbstractFuture.java:445)
	at com.alibaba.nacos.common.remote.client.grpc.GrpcClient.serverCheck(GrpcClient.java:218)
	at com.alibaba.nacos.common.remote.client.grpc.GrpcClient.connectToServer(GrpcClient.java:329)
	at com.alibaba.nacos.common.remote.client.RpcClient.reconnect(RpcClient.java:502)
	at com.alibaba.nacos.common.remote.client.RpcClient.lambda$start$2(RpcClient.java:343)
	at java.base/java.util.concurrent.Executors$RunnableAdapter.call(Executors.java:539)
	at java.base/java.util.concurrent.FutureTask.run(FutureTask.java:264)
	at java.base/java.util.concurrent.ScheduledThreadPoolExecutor$ScheduledFutureTask.run(ScheduledThreadPoolExecutor.java:304)
	at java.base/java.util.concurrent.ThreadPoolExecutor.runWorker(ThreadPoolExecutor.java:1136)
	at java.base/java.util.concurrent.ThreadPoolExecutor$Worker.run(ThreadPoolExecutor.java:635)
	at java.base/java.lang.Thread.run(Thread.java:842)
Caused by: com.alibaba.nacos.shaded.io.grpc.StatusRuntimeException: UNAVAILABLE: io exception
	at com.alibaba.nacos.shaded.io.grpc.Status.asRuntimeException(Status.java:539)
	at com.alibaba.nacos.shaded.io.grpc.stub.ClientCalls$UnaryStreamToFuture.onClose(ClientCalls.java:544)
	at com.alibaba.nacos.shaded.io.grpc.internal.DelayedClientCall$DelayedListener$3.run(DelayedClientCall.java:471)
	at com.alibaba.nacos.shaded.io.grpc.internal.DelayedClientCall$DelayedListener.delayOrExecute(DelayedClientCall.java:435)
	at com.alibaba.nacos.shaded.io.grpc.internal.DelayedClientCall$DelayedListener.onClose(DelayedClientCall.java:468)
	at com.alibaba.nacos.shaded.io.grpc.internal.ClientCallImpl.closeObserver(ClientCallImpl.java:563)
	at com.alibaba.nacos.shaded.io.grpc.internal.ClientCallImpl.access$300(ClientCallImpl.java:70)
	at com.alibaba.nacos.shaded.io.grpc.internal.ClientCallImpl$ClientStreamListenerImpl$1StreamClosed.runInternal(ClientCallImpl.java:744)
	at com.alibaba.nacos.shaded.io.grpc.internal.ClientCallImpl$ClientStreamListenerImpl$1StreamClosed.runInContext(ClientCallImpl.java:723)
	at com.alibaba.nacos.shaded.io.grpc.internal.ContextRunnable.run(ContextRunnable.java:37)
	at com.alibaba.nacos.shaded.io.grpc.internal.SerializingExecutor.run(SerializingExecutor.java:133)
	... 3 common frames omitted
Caused by: com.alibaba.nacos.shaded.io.grpc.netty.shaded.io.netty.channel.AbstractChannel$AnnotatedConnectException: Connection refused: no further information: /127.0.0.1:9848
Caused by: java.net.ConnectException: Connection refused: no further information
	at java.base/sun.nio.ch.Net.pollConnect(Native Method)
	at java.base/sun.nio.ch.Net.pollConnectNow(Net.java:672)
	at java.base/sun.nio.ch.SocketChannelImpl.finishConnect(SocketChannelImpl.java:946)
	at com.alibaba.nacos.shaded.io.grpc.netty.shaded.io.netty.channel.socket.nio.NioSocketChannel.doFinishConnect(NioSocketChannel.java:337)
	at com.alibaba.nacos.shaded.io.grpc.netty.shaded.io.netty.channel.nio.AbstractNioChannel$AbstractNioUnsafe.finishConnect(AbstractNioChannel.java:334)
	at com.alibaba.nacos.shaded.io.grpc.netty.shaded.io.netty.channel.nio.NioEventLoop.processSelectedKey(NioEventLoop.java:710)
	at com.alibaba.nacos.shaded.io.grpc.netty.shaded.io.netty.channel.nio.NioEventLoop.processSelectedKeysOptimized(NioEventLoop.java:658)
	at com.alibaba.nacos.shaded.io.grpc.netty.shaded.io.netty.channel.nio.NioEventLoop.processSelectedKeys(NioEventLoop.java:584)
	at com.alibaba.nacos.shaded.io.grpc.netty.shaded.io.netty.channel.nio.NioEventLoop.run(NioEventLoop.java:496)
	at com.alibaba.nacos.shaded.io.grpc.netty.shaded.io.netty.util.concurrent.SingleThreadEventExecutor$4.run(SingleThreadEventExecutor.java:997)
	at com.alibaba.nacos.shaded.io.grpc.netty.shaded.io.netty.util.internal.ThreadExecutorMap$2.run(ThreadExecutorMap.java:74)
	at com.alibaba.nacos.shaded.io.grpc.netty.shaded.io.netty.util.concurrent.FastThreadLocalRunnable.run(FastThreadLocalRunnable.java:30)
	at java.base/java.lang.Thread.run(Thread.java:842)
2025-07-25 09:11:23.801 [com.alibaba.nacos.client.remote.worker] INFO  com.alibaba.nacos.common.remote.client - [d0eb5c95-82e3-455b-9fd4-9496dd58694a_config-0] Fail to connect server, after trying 5 times, last try server is {serverIp = '127.0.0.1', server main port = 8848}, error = unknown
2025-07-25 09:11:23.826 [main] INFO  o.s.d.r.config.RepositoryConfigurationDelegate - Multiple Spring Data modules found, entering strict repository configuration mode
2025-07-25 09:11:23.832 [main] INFO  o.s.d.r.config.RepositoryConfigurationDelegate - Bootstrapping Spring Data Redis repositories in DEFAULT mode.
2025-07-25 09:11:23.856 [main] INFO  o.s.d.r.config.RepositoryConfigurationDelegate - Finished Spring Data repository scanning in 8 ms. Found 0 Redis repository interfaces.
2025-07-25 09:11:23.956 [main] INFO  o.springframework.cloud.context.scope.GenericScope - BeanFactory id=ce825f38-1723-3926-b5a2-fd0182ae3fd6
2025-07-25 09:11:24.404 [com.alibaba.nacos.client.remote.worker] INFO  c.a.nacos.common.remote.client.grpc.GrpcClient - grpc client connection server:127.0.0.1 ip,serverPort:9848,grpcTslConfig:{"sslProvider":"OPENSSL","enableTls":false,"mutualAuthEnable":false,"trustAll":false}
2025-07-25 09:11:24.405 [com.alibaba.nacos.client.remote.worker] ERROR c.a.nacos.common.remote.client.grpc.GrpcClient - Server check fail, please check server 127.0.0.1 ,port 9848 is available , error ={}
java.util.concurrent.ExecutionException: com.alibaba.nacos.shaded.io.grpc.StatusRuntimeException: UNAVAILABLE: io exception
	at com.alibaba.nacos.shaded.com.google.common.util.concurrent.AbstractFuture.getDoneValue(AbstractFuture.java:566)
	at com.alibaba.nacos.shaded.com.google.common.util.concurrent.AbstractFuture.get(AbstractFuture.java:445)
	at com.alibaba.nacos.common.remote.client.grpc.GrpcClient.serverCheck(GrpcClient.java:218)
	at com.alibaba.nacos.common.remote.client.grpc.GrpcClient.connectToServer(GrpcClient.java:329)
	at com.alibaba.nacos.common.remote.client.RpcClient.reconnect(RpcClient.java:502)
	at com.alibaba.nacos.common.remote.client.RpcClient.lambda$start$2(RpcClient.java:343)
	at java.base/java.util.concurrent.Executors$RunnableAdapter.call(Executors.java:539)
	at java.base/java.util.concurrent.FutureTask.run(FutureTask.java:264)
	at java.base/java.util.concurrent.ScheduledThreadPoolExecutor$ScheduledFutureTask.run(ScheduledThreadPoolExecutor.java:304)
	at java.base/java.util.concurrent.ThreadPoolExecutor.runWorker(ThreadPoolExecutor.java:1136)
	at java.base/java.util.concurrent.ThreadPoolExecutor$Worker.run(ThreadPoolExecutor.java:635)
	at java.base/java.lang.Thread.run(Thread.java:842)
Caused by: com.alibaba.nacos.shaded.io.grpc.StatusRuntimeException: UNAVAILABLE: io exception
	at com.alibaba.nacos.shaded.io.grpc.Status.asRuntimeException(Status.java:539)
	at com.alibaba.nacos.shaded.io.grpc.stub.ClientCalls$UnaryStreamToFuture.onClose(ClientCalls.java:544)
	at com.alibaba.nacos.shaded.io.grpc.internal.DelayedClientCall$DelayedListener$3.run(DelayedClientCall.java:471)
	at com.alibaba.nacos.shaded.io.grpc.internal.DelayedClientCall$DelayedListener.delayOrExecute(DelayedClientCall.java:435)
	at com.alibaba.nacos.shaded.io.grpc.internal.DelayedClientCall$DelayedListener.onClose(DelayedClientCall.java:468)
	at com.alibaba.nacos.shaded.io.grpc.internal.ClientCallImpl.closeObserver(ClientCallImpl.java:563)
	at com.alibaba.nacos.shaded.io.grpc.internal.ClientCallImpl.access$300(ClientCallImpl.java:70)
	at com.alibaba.nacos.shaded.io.grpc.internal.ClientCallImpl$ClientStreamListenerImpl$1StreamClosed.runInternal(ClientCallImpl.java:744)
	at com.alibaba.nacos.shaded.io.grpc.internal.ClientCallImpl$ClientStreamListenerImpl$1StreamClosed.runInContext(ClientCallImpl.java:723)
	at com.alibaba.nacos.shaded.io.grpc.internal.ContextRunnable.run(ContextRunnable.java:37)
	at com.alibaba.nacos.shaded.io.grpc.internal.SerializingExecutor.run(SerializingExecutor.java:133)
	... 3 common frames omitted
Caused by: com.alibaba.nacos.shaded.io.grpc.netty.shaded.io.netty.channel.AbstractChannel$AnnotatedConnectException: Connection refused: no further information: /127.0.0.1:9848
Caused by: java.net.ConnectException: Connection refused: no further information
	at java.base/sun.nio.ch.Net.pollConnect(Native Method)
	at java.base/sun.nio.ch.Net.pollConnectNow(Net.java:672)
	at java.base/sun.nio.ch.SocketChannelImpl.finishConnect(SocketChannelImpl.java:946)
	at com.alibaba.nacos.shaded.io.grpc.netty.shaded.io.netty.channel.socket.nio.NioSocketChannel.doFinishConnect(NioSocketChannel.java:337)
	at com.alibaba.nacos.shaded.io.grpc.netty.shaded.io.netty.channel.nio.AbstractNioChannel$AbstractNioUnsafe.finishConnect(AbstractNioChannel.java:334)
	at com.alibaba.nacos.shaded.io.grpc.netty.shaded.io.netty.channel.nio.NioEventLoop.processSelectedKey(NioEventLoop.java:710)
	at com.alibaba.nacos.shaded.io.grpc.netty.shaded.io.netty.channel.nio.NioEventLoop.processSelectedKeysOptimized(NioEventLoop.java:658)
	at com.alibaba.nacos.shaded.io.grpc.netty.shaded.io.netty.channel.nio.NioEventLoop.processSelectedKeys(NioEventLoop.java:584)
	at com.alibaba.nacos.shaded.io.grpc.netty.shaded.io.netty.channel.nio.NioEventLoop.run(NioEventLoop.java:496)
	at com.alibaba.nacos.shaded.io.grpc.netty.shaded.io.netty.util.concurrent.SingleThreadEventExecutor$4.run(SingleThreadEventExecutor.java:997)
	at com.alibaba.nacos.shaded.io.grpc.netty.shaded.io.netty.util.internal.ThreadExecutorMap$2.run(ThreadExecutorMap.java:74)
	at com.alibaba.nacos.shaded.io.grpc.netty.shaded.io.netty.util.concurrent.FastThreadLocalRunnable.run(FastThreadLocalRunnable.java:30)
	at java.base/java.lang.Thread.run(Thread.java:842)
2025-07-25 09:11:24.405 [com.alibaba.nacos.client.remote.worker] INFO  com.alibaba.nacos.common.remote.client - [d0eb5c95-82e3-455b-9fd4-9496dd58694a_config-0] Fail to connect server, after trying 6 times, last try server is {serverIp = '127.0.0.1', server main port = 8848}, error = unknown
2025-07-25 09:11:24.461 [main] INFO  o.s.boot.web.embedded.tomcat.TomcatWebServer - Tomcat initialized with port(s): 8080 (http)
2025-07-25 09:11:24.466 [main] INFO  org.apache.catalina.core.StandardService - Starting service [Tomcat]
2025-07-25 09:11:24.466 [main] INFO  org.apache.catalina.core.StandardEngine - Starting Servlet engine: [Apache Tomcat/10.1.5]
2025-07-25 09:11:24.536 [main] INFO  o.a.c.core.ContainerBase.[Tomcat].[localhost].[/] - Initializing Spring embedded WebApplicationContext
2025-07-25 09:11:24.536 [main] INFO  o.s.b.w.s.c.ServletWebServerApplicationContext - Root WebApplicationContext: initialization completed in 1263 ms
2025-07-25 09:11:24.641 [main] INFO  c.a.d.s.b.a.DruidDataSourceAutoConfigure - Init DruidDataSource
2025-07-25 09:11:24.971 [main] INFO  com.alibaba.druid.pool.DruidDataSource - {dataSource-1} inited
2025-07-25 09:11:25.116 [com.alibaba.nacos.client.remote.worker] INFO  c.a.nacos.common.remote.client.grpc.GrpcClient - grpc client connection server:127.0.0.1 ip,serverPort:9848,grpcTslConfig:{"sslProvider":"OPENSSL","enableTls":false,"mutualAuthEnable":false,"trustAll":false}
2025-07-25 09:11:25.116 [com.alibaba.nacos.client.remote.worker] ERROR c.a.nacos.common.remote.client.grpc.GrpcClient - Server check fail, please check server 127.0.0.1 ,port 9848 is available , error ={}
java.util.concurrent.ExecutionException: com.alibaba.nacos.shaded.io.grpc.StatusRuntimeException: UNAVAILABLE: io exception
	at com.alibaba.nacos.shaded.com.google.common.util.concurrent.AbstractFuture.getDoneValue(AbstractFuture.java:566)
	at com.alibaba.nacos.shaded.com.google.common.util.concurrent.AbstractFuture.get(AbstractFuture.java:445)
	at com.alibaba.nacos.common.remote.client.grpc.GrpcClient.serverCheck(GrpcClient.java:218)
	at com.alibaba.nacos.common.remote.client.grpc.GrpcClient.connectToServer(GrpcClient.java:329)
	at com.alibaba.nacos.common.remote.client.RpcClient.reconnect(RpcClient.java:502)
	at com.alibaba.nacos.common.remote.client.RpcClient.lambda$start$2(RpcClient.java:343)
	at java.base/java.util.concurrent.Executors$RunnableAdapter.call(Executors.java:539)
	at java.base/java.util.concurrent.FutureTask.run(FutureTask.java:264)
	at java.base/java.util.concurrent.ScheduledThreadPoolExecutor$ScheduledFutureTask.run(ScheduledThreadPoolExecutor.java:304)
	at java.base/java.util.concurrent.ThreadPoolExecutor.runWorker(ThreadPoolExecutor.java:1136)
	at java.base/java.util.concurrent.ThreadPoolExecutor$Worker.run(ThreadPoolExecutor.java:635)
	at java.base/java.lang.Thread.run(Thread.java:842)
Caused by: com.alibaba.nacos.shaded.io.grpc.StatusRuntimeException: UNAVAILABLE: io exception
	at com.alibaba.nacos.shaded.io.grpc.Status.asRuntimeException(Status.java:539)
	at com.alibaba.nacos.shaded.io.grpc.stub.ClientCalls$UnaryStreamToFuture.onClose(ClientCalls.java:544)
	at com.alibaba.nacos.shaded.io.grpc.internal.DelayedClientCall$DelayedListener$3.run(DelayedClientCall.java:471)
	at com.alibaba.nacos.shaded.io.grpc.internal.DelayedClientCall$DelayedListener.delayOrExecute(DelayedClientCall.java:435)
	at com.alibaba.nacos.shaded.io.grpc.internal.DelayedClientCall$DelayedListener.onClose(DelayedClientCall.java:468)
	at com.alibaba.nacos.shaded.io.grpc.internal.ClientCallImpl.closeObserver(ClientCallImpl.java:563)
	at com.alibaba.nacos.shaded.io.grpc.internal.ClientCallImpl.access$300(ClientCallImpl.java:70)
	at com.alibaba.nacos.shaded.io.grpc.internal.ClientCallImpl$ClientStreamListenerImpl$1StreamClosed.runInternal(ClientCallImpl.java:744)
	at com.alibaba.nacos.shaded.io.grpc.internal.ClientCallImpl$ClientStreamListenerImpl$1StreamClosed.runInContext(ClientCallImpl.java:723)
	at com.alibaba.nacos.shaded.io.grpc.internal.ContextRunnable.run(ContextRunnable.java:37)
	at com.alibaba.nacos.shaded.io.grpc.internal.SerializingExecutor.run(SerializingExecutor.java:133)
	... 3 common frames omitted
Caused by: com.alibaba.nacos.shaded.io.grpc.netty.shaded.io.netty.channel.AbstractChannel$AnnotatedConnectException: Connection refused: no further information: /127.0.0.1:9848
Caused by: java.net.ConnectException: Connection refused: no further information
	at java.base/sun.nio.ch.Net.pollConnect(Native Method)
	at java.base/sun.nio.ch.Net.pollConnectNow(Net.java:672)
	at java.base/sun.nio.ch.SocketChannelImpl.finishConnect(SocketChannelImpl.java:946)
	at com.alibaba.nacos.shaded.io.grpc.netty.shaded.io.netty.channel.socket.nio.NioSocketChannel.doFinishConnect(NioSocketChannel.java:337)
	at com.alibaba.nacos.shaded.io.grpc.netty.shaded.io.netty.channel.nio.AbstractNioChannel$AbstractNioUnsafe.finishConnect(AbstractNioChannel.java:334)
	at com.alibaba.nacos.shaded.io.grpc.netty.shaded.io.netty.channel.nio.NioEventLoop.processSelectedKey(NioEventLoop.java:710)
	at com.alibaba.nacos.shaded.io.grpc.netty.shaded.io.netty.channel.nio.NioEventLoop.processSelectedKeysOptimized(NioEventLoop.java:658)
	at com.alibaba.nacos.shaded.io.grpc.netty.shaded.io.netty.channel.nio.NioEventLoop.processSelectedKeys(NioEventLoop.java:584)
	at com.alibaba.nacos.shaded.io.grpc.netty.shaded.io.netty.channel.nio.NioEventLoop.run(NioEventLoop.java:496)
	at com.alibaba.nacos.shaded.io.grpc.netty.shaded.io.netty.util.concurrent.SingleThreadEventExecutor$4.run(SingleThreadEventExecutor.java:997)
	at com.alibaba.nacos.shaded.io.grpc.netty.shaded.io.netty.util.internal.ThreadExecutorMap$2.run(ThreadExecutorMap.java:74)
	at com.alibaba.nacos.shaded.io.grpc.netty.shaded.io.netty.util.concurrent.FastThreadLocalRunnable.run(FastThreadLocalRunnable.java:30)
	at java.base/java.lang.Thread.run(Thread.java:842)
2025-07-25 09:11:25.116 [com.alibaba.nacos.client.remote.worker] INFO  com.alibaba.nacos.common.remote.client - [d0eb5c95-82e3-455b-9fd4-9496dd58694a_config-0] Fail to connect server, after trying 7 times, last try server is {serverIp = '127.0.0.1', server main port = 8848}, error = unknown
2025-07-25 09:11:25.921 [com.alibaba.nacos.client.remote.worker] INFO  c.a.nacos.common.remote.client.grpc.GrpcClient - grpc client connection server:127.0.0.1 ip,serverPort:9848,grpcTslConfig:{"sslProvider":"OPENSSL","enableTls":false,"mutualAuthEnable":false,"trustAll":false}
2025-07-25 09:11:25.926 [com.alibaba.nacos.client.remote.worker] ERROR c.a.nacos.common.remote.client.grpc.GrpcClient - Server check fail, please check server 127.0.0.1 ,port 9848 is available , error ={}
java.util.concurrent.ExecutionException: com.alibaba.nacos.shaded.io.grpc.StatusRuntimeException: UNAVAILABLE: io exception
	at com.alibaba.nacos.shaded.com.google.common.util.concurrent.AbstractFuture.getDoneValue(AbstractFuture.java:566)
	at com.alibaba.nacos.shaded.com.google.common.util.concurrent.AbstractFuture.get(AbstractFuture.java:445)
	at com.alibaba.nacos.common.remote.client.grpc.GrpcClient.serverCheck(GrpcClient.java:218)
	at com.alibaba.nacos.common.remote.client.grpc.GrpcClient.connectToServer(GrpcClient.java:329)
	at com.alibaba.nacos.common.remote.client.RpcClient.reconnect(RpcClient.java:502)
	at com.alibaba.nacos.common.remote.client.RpcClient.lambda$start$2(RpcClient.java:343)
	at java.base/java.util.concurrent.Executors$RunnableAdapter.call(Executors.java:539)
	at java.base/java.util.concurrent.FutureTask.run(FutureTask.java:264)
	at java.base/java.util.concurrent.ScheduledThreadPoolExecutor$ScheduledFutureTask.run(ScheduledThreadPoolExecutor.java:304)
	at java.base/java.util.concurrent.ThreadPoolExecutor.runWorker(ThreadPoolExecutor.java:1136)
	at java.base/java.util.concurrent.ThreadPoolExecutor$Worker.run(ThreadPoolExecutor.java:635)
	at java.base/java.lang.Thread.run(Thread.java:842)
Caused by: com.alibaba.nacos.shaded.io.grpc.StatusRuntimeException: UNAVAILABLE: io exception
	at com.alibaba.nacos.shaded.io.grpc.Status.asRuntimeException(Status.java:539)
	at com.alibaba.nacos.shaded.io.grpc.stub.ClientCalls$UnaryStreamToFuture.onClose(ClientCalls.java:544)
	at com.alibaba.nacos.shaded.io.grpc.internal.DelayedClientCall$DelayedListener$3.run(DelayedClientCall.java:471)
	at com.alibaba.nacos.shaded.io.grpc.internal.DelayedClientCall$DelayedListener.delayOrExecute(DelayedClientCall.java:435)
	at com.alibaba.nacos.shaded.io.grpc.internal.DelayedClientCall$DelayedListener.onClose(DelayedClientCall.java:468)
	at com.alibaba.nacos.shaded.io.grpc.internal.ClientCallImpl.closeObserver(ClientCallImpl.java:563)
	at com.alibaba.nacos.shaded.io.grpc.internal.ClientCallImpl.access$300(ClientCallImpl.java:70)
	at com.alibaba.nacos.shaded.io.grpc.internal.ClientCallImpl$ClientStreamListenerImpl$1StreamClosed.runInternal(ClientCallImpl.java:744)
	at com.alibaba.nacos.shaded.io.grpc.internal.ClientCallImpl$ClientStreamListenerImpl$1StreamClosed.runInContext(ClientCallImpl.java:723)
	at com.alibaba.nacos.shaded.io.grpc.internal.ContextRunnable.run(ContextRunnable.java:37)
	at com.alibaba.nacos.shaded.io.grpc.internal.SerializingExecutor.run(SerializingExecutor.java:133)
	... 3 common frames omitted
Caused by: com.alibaba.nacos.shaded.io.grpc.netty.shaded.io.netty.channel.AbstractChannel$AnnotatedConnectException: Connection refused: no further information: /127.0.0.1:9848
Caused by: java.net.ConnectException: Connection refused: no further information
	at java.base/sun.nio.ch.Net.pollConnect(Native Method)
	at java.base/sun.nio.ch.Net.pollConnectNow(Net.java:672)
	at java.base/sun.nio.ch.SocketChannelImpl.finishConnect(SocketChannelImpl.java:946)
	at com.alibaba.nacos.shaded.io.grpc.netty.shaded.io.netty.channel.socket.nio.NioSocketChannel.doFinishConnect(NioSocketChannel.java:337)
	at com.alibaba.nacos.shaded.io.grpc.netty.shaded.io.netty.channel.nio.AbstractNioChannel$AbstractNioUnsafe.finishConnect(AbstractNioChannel.java:334)
	at com.alibaba.nacos.shaded.io.grpc.netty.shaded.io.netty.channel.nio.NioEventLoop.processSelectedKey(NioEventLoop.java:710)
	at com.alibaba.nacos.shaded.io.grpc.netty.shaded.io.netty.channel.nio.NioEventLoop.processSelectedKeysOptimized(NioEventLoop.java:658)
	at com.alibaba.nacos.shaded.io.grpc.netty.shaded.io.netty.channel.nio.NioEventLoop.processSelectedKeys(NioEventLoop.java:584)
	at com.alibaba.nacos.shaded.io.grpc.netty.shaded.io.netty.channel.nio.NioEventLoop.run(NioEventLoop.java:496)
	at com.alibaba.nacos.shaded.io.grpc.netty.shaded.io.netty.util.concurrent.SingleThreadEventExecutor$4.run(SingleThreadEventExecutor.java:997)
	at com.alibaba.nacos.shaded.io.grpc.netty.shaded.io.netty.util.internal.ThreadExecutorMap$2.run(ThreadExecutorMap.java:74)
	at com.alibaba.nacos.shaded.io.grpc.netty.shaded.io.netty.util.concurrent.FastThreadLocalRunnable.run(FastThreadLocalRunnable.java:30)
	at java.base/java.lang.Thread.run(Thread.java:842)
2025-07-25 09:11:25.926 [com.alibaba.nacos.client.remote.worker] INFO  com.alibaba.nacos.common.remote.client - [d0eb5c95-82e3-455b-9fd4-9496dd58694a_config-0] Fail to connect server, after trying 8 times, last try server is {serverIp = '127.0.0.1', server main port = 8848}, error = unknown
2025-07-25 09:11:26.822 [main] INFO  org.springframework.cloud.commons.util.InetUtils - Cannot determine local hostname
2025-07-25 09:11:26.837 [com.alibaba.nacos.client.remote.worker] INFO  c.a.nacos.common.remote.client.grpc.GrpcClient - grpc client connection server:127.0.0.1 ip,serverPort:9848,grpcTslConfig:{"sslProvider":"OPENSSL","enableTls":false,"mutualAuthEnable":false,"trustAll":false}
2025-07-25 09:11:26.837 [com.alibaba.nacos.client.remote.worker] ERROR c.a.nacos.common.remote.client.grpc.GrpcClient - Server check fail, please check server 127.0.0.1 ,port 9848 is available , error ={}
java.util.concurrent.ExecutionException: com.alibaba.nacos.shaded.io.grpc.StatusRuntimeException: UNAVAILABLE: io exception
	at com.alibaba.nacos.shaded.com.google.common.util.concurrent.AbstractFuture.getDoneValue(AbstractFuture.java:566)
	at com.alibaba.nacos.shaded.com.google.common.util.concurrent.AbstractFuture.get(AbstractFuture.java:445)
	at com.alibaba.nacos.common.remote.client.grpc.GrpcClient.serverCheck(GrpcClient.java:218)
	at com.alibaba.nacos.common.remote.client.grpc.GrpcClient.connectToServer(GrpcClient.java:329)
	at com.alibaba.nacos.common.remote.client.RpcClient.reconnect(RpcClient.java:502)
	at com.alibaba.nacos.common.remote.client.RpcClient.lambda$start$2(RpcClient.java:343)
	at java.base/java.util.concurrent.Executors$RunnableAdapter.call(Executors.java:539)
	at java.base/java.util.concurrent.FutureTask.run(FutureTask.java:264)
	at java.base/java.util.concurrent.ScheduledThreadPoolExecutor$ScheduledFutureTask.run(ScheduledThreadPoolExecutor.java:304)
	at java.base/java.util.concurrent.ThreadPoolExecutor.runWorker(ThreadPoolExecutor.java:1136)
	at java.base/java.util.concurrent.ThreadPoolExecutor$Worker.run(ThreadPoolExecutor.java:635)
	at java.base/java.lang.Thread.run(Thread.java:842)
Caused by: com.alibaba.nacos.shaded.io.grpc.StatusRuntimeException: UNAVAILABLE: io exception
	at com.alibaba.nacos.shaded.io.grpc.Status.asRuntimeException(Status.java:539)
	at com.alibaba.nacos.shaded.io.grpc.stub.ClientCalls$UnaryStreamToFuture.onClose(ClientCalls.java:544)
	at com.alibaba.nacos.shaded.io.grpc.internal.DelayedClientCall$DelayedListener$3.run(DelayedClientCall.java:471)
	at com.alibaba.nacos.shaded.io.grpc.internal.DelayedClientCall$DelayedListener.delayOrExecute(DelayedClientCall.java:435)
	at com.alibaba.nacos.shaded.io.grpc.internal.DelayedClientCall$DelayedListener.onClose(DelayedClientCall.java:468)
	at com.alibaba.nacos.shaded.io.grpc.internal.ClientCallImpl.closeObserver(ClientCallImpl.java:563)
	at com.alibaba.nacos.shaded.io.grpc.internal.ClientCallImpl.access$300(ClientCallImpl.java:70)
	at com.alibaba.nacos.shaded.io.grpc.internal.ClientCallImpl$ClientStreamListenerImpl$1StreamClosed.runInternal(ClientCallImpl.java:744)
	at com.alibaba.nacos.shaded.io.grpc.internal.ClientCallImpl$ClientStreamListenerImpl$1StreamClosed.runInContext(ClientCallImpl.java:723)
	at com.alibaba.nacos.shaded.io.grpc.internal.ContextRunnable.run(ContextRunnable.java:37)
	at com.alibaba.nacos.shaded.io.grpc.internal.SerializingExecutor.run(SerializingExecutor.java:133)
	... 3 common frames omitted
Caused by: com.alibaba.nacos.shaded.io.grpc.netty.shaded.io.netty.channel.AbstractChannel$AnnotatedConnectException: Connection refused: no further information: /127.0.0.1:9848
Caused by: java.net.ConnectException: Connection refused: no further information
	at java.base/sun.nio.ch.Net.pollConnect(Native Method)
	at java.base/sun.nio.ch.Net.pollConnectNow(Net.java:672)
	at java.base/sun.nio.ch.SocketChannelImpl.finishConnect(SocketChannelImpl.java:946)
	at com.alibaba.nacos.shaded.io.grpc.netty.shaded.io.netty.channel.socket.nio.NioSocketChannel.doFinishConnect(NioSocketChannel.java:337)
	at com.alibaba.nacos.shaded.io.grpc.netty.shaded.io.netty.channel.nio.AbstractNioChannel$AbstractNioUnsafe.finishConnect(AbstractNioChannel.java:334)
	at com.alibaba.nacos.shaded.io.grpc.netty.shaded.io.netty.channel.nio.NioEventLoop.processSelectedKey(NioEventLoop.java:710)
	at com.alibaba.nacos.shaded.io.grpc.netty.shaded.io.netty.channel.nio.NioEventLoop.processSelectedKeysOptimized(NioEventLoop.java:658)
	at com.alibaba.nacos.shaded.io.grpc.netty.shaded.io.netty.channel.nio.NioEventLoop.processSelectedKeys(NioEventLoop.java:584)
	at com.alibaba.nacos.shaded.io.grpc.netty.shaded.io.netty.channel.nio.NioEventLoop.run(NioEventLoop.java:496)
	at com.alibaba.nacos.shaded.io.grpc.netty.shaded.io.netty.util.concurrent.SingleThreadEventExecutor$4.run(SingleThreadEventExecutor.java:997)
	at com.alibaba.nacos.shaded.io.grpc.netty.shaded.io.netty.util.internal.ThreadExecutorMap$2.run(ThreadExecutorMap.java:74)
	at com.alibaba.nacos.shaded.io.grpc.netty.shaded.io.netty.util.concurrent.FastThreadLocalRunnable.run(FastThreadLocalRunnable.java:30)
	at java.base/java.lang.Thread.run(Thread.java:842)
2025-07-25 09:11:26.837 [com.alibaba.nacos.client.remote.worker] INFO  com.alibaba.nacos.common.remote.client - [d0eb5c95-82e3-455b-9fd4-9496dd58694a_config-0] Fail to connect server, after trying 9 times, last try server is {serverIp = '127.0.0.1', server main port = 8848}, error = unknown
2025-07-25 09:11:27.843 [com.alibaba.nacos.client.remote.worker] INFO  c.a.nacos.common.remote.client.grpc.GrpcClient - grpc client connection server:127.0.0.1 ip,serverPort:9848,grpcTslConfig:{"sslProvider":"OPENSSL","enableTls":false,"mutualAuthEnable":false,"trustAll":false}
2025-07-25 09:11:27.843 [com.alibaba.nacos.client.remote.worker] ERROR c.a.nacos.common.remote.client.grpc.GrpcClient - Server check fail, please check server 127.0.0.1 ,port 9848 is available , error ={}
java.util.concurrent.ExecutionException: com.alibaba.nacos.shaded.io.grpc.StatusRuntimeException: UNAVAILABLE: io exception
	at com.alibaba.nacos.shaded.com.google.common.util.concurrent.AbstractFuture.getDoneValue(AbstractFuture.java:566)
	at com.alibaba.nacos.shaded.com.google.common.util.concurrent.AbstractFuture.get(AbstractFuture.java:445)
	at com.alibaba.nacos.common.remote.client.grpc.GrpcClient.serverCheck(GrpcClient.java:218)
	at com.alibaba.nacos.common.remote.client.grpc.GrpcClient.connectToServer(GrpcClient.java:329)
	at com.alibaba.nacos.common.remote.client.RpcClient.reconnect(RpcClient.java:502)
	at com.alibaba.nacos.common.remote.client.RpcClient.lambda$start$2(RpcClient.java:343)
	at java.base/java.util.concurrent.Executors$RunnableAdapter.call(Executors.java:539)
	at java.base/java.util.concurrent.FutureTask.run(FutureTask.java:264)
	at java.base/java.util.concurrent.ScheduledThreadPoolExecutor$ScheduledFutureTask.run(ScheduledThreadPoolExecutor.java:304)
	at java.base/java.util.concurrent.ThreadPoolExecutor.runWorker(ThreadPoolExecutor.java:1136)
	at java.base/java.util.concurrent.ThreadPoolExecutor$Worker.run(ThreadPoolExecutor.java:635)
	at java.base/java.lang.Thread.run(Thread.java:842)
Caused by: com.alibaba.nacos.shaded.io.grpc.StatusRuntimeException: UNAVAILABLE: io exception
	at com.alibaba.nacos.shaded.io.grpc.Status.asRuntimeException(Status.java:539)
	at com.alibaba.nacos.shaded.io.grpc.stub.ClientCalls$UnaryStreamToFuture.onClose(ClientCalls.java:544)
	at com.alibaba.nacos.shaded.io.grpc.internal.DelayedClientCall$DelayedListener$3.run(DelayedClientCall.java:471)
	at com.alibaba.nacos.shaded.io.grpc.internal.DelayedClientCall$DelayedListener.delayOrExecute(DelayedClientCall.java:435)
	at com.alibaba.nacos.shaded.io.grpc.internal.DelayedClientCall$DelayedListener.onClose(DelayedClientCall.java:468)
	at com.alibaba.nacos.shaded.io.grpc.internal.ClientCallImpl.closeObserver(ClientCallImpl.java:563)
	at com.alibaba.nacos.shaded.io.grpc.internal.ClientCallImpl.access$300(ClientCallImpl.java:70)
	at com.alibaba.nacos.shaded.io.grpc.internal.ClientCallImpl$ClientStreamListenerImpl$1StreamClosed.runInternal(ClientCallImpl.java:744)
	at com.alibaba.nacos.shaded.io.grpc.internal.ClientCallImpl$ClientStreamListenerImpl$1StreamClosed.runInContext(ClientCallImpl.java:723)
	at com.alibaba.nacos.shaded.io.grpc.internal.ContextRunnable.run(ContextRunnable.java:37)
	at com.alibaba.nacos.shaded.io.grpc.internal.SerializingExecutor.run(SerializingExecutor.java:133)
	... 3 common frames omitted
Caused by: com.alibaba.nacos.shaded.io.grpc.netty.shaded.io.netty.channel.AbstractChannel$AnnotatedConnectException: Connection refused: no further information: /127.0.0.1:9848
Caused by: java.net.ConnectException: Connection refused: no further information
	at java.base/sun.nio.ch.Net.pollConnect(Native Method)
	at java.base/sun.nio.ch.Net.pollConnectNow(Net.java:672)
	at java.base/sun.nio.ch.SocketChannelImpl.finishConnect(SocketChannelImpl.java:946)
	at com.alibaba.nacos.shaded.io.grpc.netty.shaded.io.netty.channel.socket.nio.NioSocketChannel.doFinishConnect(NioSocketChannel.java:337)
	at com.alibaba.nacos.shaded.io.grpc.netty.shaded.io.netty.channel.nio.AbstractNioChannel$AbstractNioUnsafe.finishConnect(AbstractNioChannel.java:334)
	at com.alibaba.nacos.shaded.io.grpc.netty.shaded.io.netty.channel.nio.NioEventLoop.processSelectedKey(NioEventLoop.java:710)
	at com.alibaba.nacos.shaded.io.grpc.netty.shaded.io.netty.channel.nio.NioEventLoop.processSelectedKeysOptimized(NioEventLoop.java:658)
	at com.alibaba.nacos.shaded.io.grpc.netty.shaded.io.netty.channel.nio.NioEventLoop.processSelectedKeys(NioEventLoop.java:584)
	at com.alibaba.nacos.shaded.io.grpc.netty.shaded.io.netty.channel.nio.NioEventLoop.run(NioEventLoop.java:496)
	at com.alibaba.nacos.shaded.io.grpc.netty.shaded.io.netty.util.concurrent.SingleThreadEventExecutor$4.run(SingleThreadEventExecutor.java:997)
	at com.alibaba.nacos.shaded.io.grpc.netty.shaded.io.netty.util.internal.ThreadExecutorMap$2.run(ThreadExecutorMap.java:74)
	at com.alibaba.nacos.shaded.io.grpc.netty.shaded.io.netty.util.concurrent.FastThreadLocalRunnable.run(FastThreadLocalRunnable.java:30)
	at java.base/java.lang.Thread.run(Thread.java:842)
2025-07-25 09:11:27.843 [com.alibaba.nacos.client.remote.worker] INFO  com.alibaba.nacos.common.remote.client - [d0eb5c95-82e3-455b-9fd4-9496dd58694a_config-0] Fail to connect server, after trying 10 times, last try server is {serverIp = '127.0.0.1', server main port = 8848}, error = unknown
2025-07-25 09:11:28.097 [main] INFO  org.springframework.cloud.commons.util.InetUtils - Cannot determine local hostname
2025-07-25 09:11:28.182 [main] INFO  o.s.boot.web.embedded.tomcat.TomcatWebServer - Tomcat started on port(s): 8080 (http) with context path ''
2025-07-25 09:11:28.187 [main] INFO  com.alibaba.nacos.client.naming - initializer namespace from ans.namespace attribute : null
2025-07-25 09:11:28.187 [main] INFO  com.alibaba.nacos.client.naming - initializer namespace from ALIBABA_ALIWARE_NAMESPACE attribute :null
2025-07-25 09:11:28.187 [main] INFO  com.alibaba.nacos.client.naming - initializer namespace from namespace attribute :null
2025-07-25 09:11:28.192 [main] INFO  c.a.n.p.auth.spi.client.ClientAuthPluginManager - [ClientAuthPluginManager] Load ClientAuthService com.alibaba.nacos.client.auth.impl.NacosClientAuthServiceImpl success.
2025-07-25 09:11:28.192 [main] INFO  c.a.n.p.auth.spi.client.ClientAuthPluginManager - [ClientAuthPluginManager] Load ClientAuthService com.alibaba.nacos.client.auth.ram.RamClientAuthServiceImpl success.
2025-07-25 09:11:28.197 [main] INFO  com.alibaba.nacos.common.remote.client - [RpcClientFactory] create a new rpc client of 8ceb9221-aaa8-4cfe-82a4-5922d63f96e2
2025-07-25 09:11:28.197 [main] INFO  com.alibaba.nacos.common.remote.client - [8ceb9221-aaa8-4cfe-82a4-5922d63f96e2] RpcClient init, ServerListFactory = com.alibaba.nacos.client.naming.core.ServerListManager
2025-07-25 09:11:28.197 [main] INFO  com.alibaba.nacos.common.remote.client - [8ceb9221-aaa8-4cfe-82a4-5922d63f96e2] Registry connection listener to current client:com.alibaba.nacos.client.naming.remote.gprc.redo.NamingGrpcRedoService
2025-07-25 09:11:28.197 [main] INFO  com.alibaba.nacos.common.remote.client - [8ceb9221-aaa8-4cfe-82a4-5922d63f96e2] Register server push request handler:com.alibaba.nacos.client.naming.remote.gprc.NamingPushRequestHandler
2025-07-25 09:11:28.197 [main] INFO  com.alibaba.nacos.common.remote.client - [8ceb9221-aaa8-4cfe-82a4-5922d63f96e2] Try to connect to server on start up, server: {serverIp = '127.0.0.1', server main port = 8848}
2025-07-25 09:11:28.197 [main] INFO  c.a.nacos.common.remote.client.grpc.GrpcClient - grpc client connection server:127.0.0.1 ip,serverPort:9848,grpcTslConfig:{"sslProvider":"OPENSSL","enableTls":false,"mutualAuthEnable":false,"trustAll":false}
2025-07-25 09:11:28.202 [main] ERROR c.a.nacos.common.remote.client.grpc.GrpcClient - Server check fail, please check server 127.0.0.1 ,port 9848 is available , error ={}
java.util.concurrent.ExecutionException: com.alibaba.nacos.shaded.io.grpc.StatusRuntimeException: UNAVAILABLE: io exception
	at com.alibaba.nacos.shaded.com.google.common.util.concurrent.AbstractFuture.getDoneValue(AbstractFuture.java:566)
	at com.alibaba.nacos.shaded.com.google.common.util.concurrent.AbstractFuture.get(AbstractFuture.java:445)
	at com.alibaba.nacos.common.remote.client.grpc.GrpcClient.serverCheck(GrpcClient.java:218)
	at com.alibaba.nacos.common.remote.client.grpc.GrpcClient.connectToServer(GrpcClient.java:329)
	at com.alibaba.nacos.common.remote.client.RpcClient.start(RpcClient.java:363)
	at com.alibaba.nacos.client.naming.remote.gprc.NamingGrpcClientProxy.start(NamingGrpcClientProxy.java:105)
	at com.alibaba.nacos.client.naming.remote.gprc.NamingGrpcClientProxy.<init>(NamingGrpcClientProxy.java:98)
	at com.alibaba.nacos.client.naming.remote.NamingClientProxyDelegate.<init>(NamingClientProxyDelegate.java:78)
	at com.alibaba.nacos.client.naming.NacosNamingService.init(NacosNamingService.java:102)
	at com.alibaba.nacos.client.naming.NacosNamingService.<init>(NacosNamingService.java:85)
	at java.base/jdk.internal.reflect.NativeConstructorAccessorImpl.newInstance0(Native Method)
	at java.base/jdk.internal.reflect.NativeConstructorAccessorImpl.newInstance(NativeConstructorAccessorImpl.java:77)
	at java.base/jdk.internal.reflect.DelegatingConstructorAccessorImpl.newInstance(DelegatingConstructorAccessorImpl.java:45)
	at java.base/java.lang.reflect.Constructor.newInstanceWithCaller(Constructor.java:499)
	at java.base/java.lang.reflect.Constructor.newInstance(Constructor.java:480)
	at com.alibaba.nacos.api.naming.NamingFactory.createNamingService(NamingFactory.java:59)
	at com.alibaba.nacos.api.NacosFactory.createNamingService(NacosFactory.java:77)
	at com.alibaba.cloud.nacos.NacosServiceManager.createNewNamingService(NacosServiceManager.java:99)
	at com.alibaba.cloud.nacos.NacosServiceManager.buildNamingService(NacosServiceManager.java:90)
	at com.alibaba.cloud.nacos.NacosServiceManager.getNamingService(NacosServiceManager.java:46)
	at com.alibaba.cloud.nacos.registry.NacosServiceRegistry.namingService(NacosServiceRegistry.java:193)
	at com.alibaba.cloud.nacos.registry.NacosServiceRegistry.register(NacosServiceRegistry.java:68)
	at org.springframework.cloud.client.serviceregistry.AbstractAutoServiceRegistration.register(AbstractAutoServiceRegistration.java:264)
	at com.alibaba.cloud.nacos.registry.NacosAutoServiceRegistration.register(NacosAutoServiceRegistration.java:78)
	at org.springframework.cloud.client.serviceregistry.AbstractAutoServiceRegistration.start(AbstractAutoServiceRegistration.java:156)
	at org.springframework.cloud.client.serviceregistry.AbstractAutoServiceRegistration.onApplicationEvent(AbstractAutoServiceRegistration.java:119)
	at org.springframework.cloud.client.serviceregistry.AbstractAutoServiceRegistration.onApplicationEvent(AbstractAutoServiceRegistration.java:49)
	at org.springframework.context.event.SimpleApplicationEventMulticaster.doInvokeListener(SimpleApplicationEventMulticaster.java:176)
	at org.springframework.context.event.SimpleApplicationEventMulticaster.invokeListener(SimpleApplicationEventMulticaster.java:169)
	at org.springframework.context.event.SimpleApplicationEventMulticaster.multicastEvent(SimpleApplicationEventMulticaster.java:143)
	at org.springframework.context.support.AbstractApplicationContext.publishEvent(AbstractApplicationContext.java:413)
	at org.springframework.context.support.AbstractApplicationContext.publishEvent(AbstractApplicationContext.java:370)
	at org.springframework.boot.web.servlet.context.WebServerStartStopLifecycle.start(WebServerStartStopLifecycle.java:47)
	at org.springframework.context.support.DefaultLifecycleProcessor.doStart(DefaultLifecycleProcessor.java:178)
	at org.springframework.context.support.DefaultLifecycleProcessor$LifecycleGroup.start(DefaultLifecycleProcessor.java:356)
	at java.base/java.lang.Iterable.forEach(Iterable.java:75)
	at org.springframework.context.support.DefaultLifecycleProcessor.startBeans(DefaultLifecycleProcessor.java:155)
	at org.springframework.context.support.DefaultLifecycleProcessor.onRefresh(DefaultLifecycleProcessor.java:123)
	at org.springframework.context.support.AbstractApplicationContext.finishRefresh(AbstractApplicationContext.java:932)
	at org.springframework.context.support.AbstractApplicationContext.refresh(AbstractApplicationContext.java:587)
	at org.springframework.boot.web.servlet.context.ServletWebServerApplicationContext.refresh(ServletWebServerApplicationContext.java:146)
	at org.springframework.boot.SpringApplication.refresh(SpringApplication.java:730)
	at org.springframework.boot.SpringApplication.refreshContext(SpringApplication.java:432)
	at org.springframework.boot.SpringApplication.run(SpringApplication.java:308)
	at org.springframework.boot.SpringApplication.run(SpringApplication.java:1302)
	at org.springframework.boot.SpringApplication.run(SpringApplication.java:1291)
	at com.quanxiaoha.xiaohashu.auth.XiaohashuAuthApplication.main(XiaohashuAuthApplication.java:12)
Caused by: com.alibaba.nacos.shaded.io.grpc.StatusRuntimeException: UNAVAILABLE: io exception
	at com.alibaba.nacos.shaded.io.grpc.Status.asRuntimeException(Status.java:539)
	at com.alibaba.nacos.shaded.io.grpc.stub.ClientCalls$UnaryStreamToFuture.onClose(ClientCalls.java:544)
	at com.alibaba.nacos.shaded.io.grpc.internal.DelayedClientCall$DelayedListener$3.run(DelayedClientCall.java:471)
	at com.alibaba.nacos.shaded.io.grpc.internal.DelayedClientCall$DelayedListener.delayOrExecute(DelayedClientCall.java:435)
	at com.alibaba.nacos.shaded.io.grpc.internal.DelayedClientCall$DelayedListener.onClose(DelayedClientCall.java:468)
	at com.alibaba.nacos.shaded.io.grpc.internal.ClientCallImpl.closeObserver(ClientCallImpl.java:563)
	at com.alibaba.nacos.shaded.io.grpc.internal.ClientCallImpl.access$300(ClientCallImpl.java:70)
	at com.alibaba.nacos.shaded.io.grpc.internal.ClientCallImpl$ClientStreamListenerImpl$1StreamClosed.runInternal(ClientCallImpl.java:744)
	at com.alibaba.nacos.shaded.io.grpc.internal.ClientCallImpl$ClientStreamListenerImpl$1StreamClosed.runInContext(ClientCallImpl.java:723)
	at com.alibaba.nacos.shaded.io.grpc.internal.ContextRunnable.run(ContextRunnable.java:37)
	at com.alibaba.nacos.shaded.io.grpc.internal.SerializingExecutor.run(SerializingExecutor.java:133)
	at java.base/java.util.concurrent.ThreadPoolExecutor.runWorker(ThreadPoolExecutor.java:1136)
	at java.base/java.util.concurrent.ThreadPoolExecutor$Worker.run(ThreadPoolExecutor.java:635)
	at java.base/java.lang.Thread.run(Thread.java:842)
Caused by: com.alibaba.nacos.shaded.io.grpc.netty.shaded.io.netty.channel.AbstractChannel$AnnotatedConnectException: Connection refused: no further information: /127.0.0.1:9848
Caused by: java.net.ConnectException: Connection refused: no further information
	at java.base/sun.nio.ch.Net.pollConnect(Native Method)
	at java.base/sun.nio.ch.Net.pollConnectNow(Net.java:672)
	at java.base/sun.nio.ch.SocketChannelImpl.finishConnect(SocketChannelImpl.java:946)
	at com.alibaba.nacos.shaded.io.grpc.netty.shaded.io.netty.channel.socket.nio.NioSocketChannel.doFinishConnect(NioSocketChannel.java:337)
	at com.alibaba.nacos.shaded.io.grpc.netty.shaded.io.netty.channel.nio.AbstractNioChannel$AbstractNioUnsafe.finishConnect(AbstractNioChannel.java:334)
	at com.alibaba.nacos.shaded.io.grpc.netty.shaded.io.netty.channel.nio.NioEventLoop.processSelectedKey(NioEventLoop.java:710)
	at com.alibaba.nacos.shaded.io.grpc.netty.shaded.io.netty.channel.nio.NioEventLoop.processSelectedKeysOptimized(NioEventLoop.java:658)
	at com.alibaba.nacos.shaded.io.grpc.netty.shaded.io.netty.channel.nio.NioEventLoop.processSelectedKeys(NioEventLoop.java:584)
	at com.alibaba.nacos.shaded.io.grpc.netty.shaded.io.netty.channel.nio.NioEventLoop.run(NioEventLoop.java:496)
	at com.alibaba.nacos.shaded.io.grpc.netty.shaded.io.netty.util.concurrent.SingleThreadEventExecutor$4.run(SingleThreadEventExecutor.java:997)
	at com.alibaba.nacos.shaded.io.grpc.netty.shaded.io.netty.util.internal.ThreadExecutorMap$2.run(ThreadExecutorMap.java:74)
	at com.alibaba.nacos.shaded.io.grpc.netty.shaded.io.netty.util.concurrent.FastThreadLocalRunnable.run(FastThreadLocalRunnable.java:30)
	at java.base/java.lang.Thread.run(Thread.java:842)
2025-07-25 09:11:28.202 [main] INFO  com.alibaba.nacos.common.remote.client - [8ceb9221-aaa8-4cfe-82a4-5922d63f96e2] Try to connect to server on start up, server: {serverIp = '127.0.0.1', server main port = 8848}
2025-07-25 09:11:28.202 [main] INFO  c.a.nacos.common.remote.client.grpc.GrpcClient - grpc client connection server:127.0.0.1 ip,serverPort:9848,grpcTslConfig:{"sslProvider":"OPENSSL","enableTls":false,"mutualAuthEnable":false,"trustAll":false}
2025-07-25 09:11:28.207 [main] ERROR c.a.nacos.common.remote.client.grpc.GrpcClient - Server check fail, please check server 127.0.0.1 ,port 9848 is available , error ={}
java.util.concurrent.ExecutionException: com.alibaba.nacos.shaded.io.grpc.StatusRuntimeException: UNAVAILABLE: io exception
	at com.alibaba.nacos.shaded.com.google.common.util.concurrent.AbstractFuture.getDoneValue(AbstractFuture.java:566)
	at com.alibaba.nacos.shaded.com.google.common.util.concurrent.AbstractFuture.get(AbstractFuture.java:445)
	at com.alibaba.nacos.common.remote.client.grpc.GrpcClient.serverCheck(GrpcClient.java:218)
	at com.alibaba.nacos.common.remote.client.grpc.GrpcClient.connectToServer(GrpcClient.java:329)
	at com.alibaba.nacos.common.remote.client.RpcClient.start(RpcClient.java:363)
	at com.alibaba.nacos.client.naming.remote.gprc.NamingGrpcClientProxy.start(NamingGrpcClientProxy.java:105)
	at com.alibaba.nacos.client.naming.remote.gprc.NamingGrpcClientProxy.<init>(NamingGrpcClientProxy.java:98)
	at com.alibaba.nacos.client.naming.remote.NamingClientProxyDelegate.<init>(NamingClientProxyDelegate.java:78)
	at com.alibaba.nacos.client.naming.NacosNamingService.init(NacosNamingService.java:102)
	at com.alibaba.nacos.client.naming.NacosNamingService.<init>(NacosNamingService.java:85)
	at java.base/jdk.internal.reflect.NativeConstructorAccessorImpl.newInstance0(Native Method)
	at java.base/jdk.internal.reflect.NativeConstructorAccessorImpl.newInstance(NativeConstructorAccessorImpl.java:77)
	at java.base/jdk.internal.reflect.DelegatingConstructorAccessorImpl.newInstance(DelegatingConstructorAccessorImpl.java:45)
	at java.base/java.lang.reflect.Constructor.newInstanceWithCaller(Constructor.java:499)
	at java.base/java.lang.reflect.Constructor.newInstance(Constructor.java:480)
	at com.alibaba.nacos.api.naming.NamingFactory.createNamingService(NamingFactory.java:59)
	at com.alibaba.nacos.api.NacosFactory.createNamingService(NacosFactory.java:77)
	at com.alibaba.cloud.nacos.NacosServiceManager.createNewNamingService(NacosServiceManager.java:99)
	at com.alibaba.cloud.nacos.NacosServiceManager.buildNamingService(NacosServiceManager.java:90)
	at com.alibaba.cloud.nacos.NacosServiceManager.getNamingService(NacosServiceManager.java:46)
	at com.alibaba.cloud.nacos.registry.NacosServiceRegistry.namingService(NacosServiceRegistry.java:193)
	at com.alibaba.cloud.nacos.registry.NacosServiceRegistry.register(NacosServiceRegistry.java:68)
	at org.springframework.cloud.client.serviceregistry.AbstractAutoServiceRegistration.register(AbstractAutoServiceRegistration.java:264)
	at com.alibaba.cloud.nacos.registry.NacosAutoServiceRegistration.register(NacosAutoServiceRegistration.java:78)
	at org.springframework.cloud.client.serviceregistry.AbstractAutoServiceRegistration.start(AbstractAutoServiceRegistration.java:156)
	at org.springframework.cloud.client.serviceregistry.AbstractAutoServiceRegistration.onApplicationEvent(AbstractAutoServiceRegistration.java:119)
	at org.springframework.cloud.client.serviceregistry.AbstractAutoServiceRegistration.onApplicationEvent(AbstractAutoServiceRegistration.java:49)
	at org.springframework.context.event.SimpleApplicationEventMulticaster.doInvokeListener(SimpleApplicationEventMulticaster.java:176)
	at org.springframework.context.event.SimpleApplicationEventMulticaster.invokeListener(SimpleApplicationEventMulticaster.java:169)
	at org.springframework.context.event.SimpleApplicationEventMulticaster.multicastEvent(SimpleApplicationEventMulticaster.java:143)
	at org.springframework.context.support.AbstractApplicationContext.publishEvent(AbstractApplicationContext.java:413)
	at org.springframework.context.support.AbstractApplicationContext.publishEvent(AbstractApplicationContext.java:370)
	at org.springframework.boot.web.servlet.context.WebServerStartStopLifecycle.start(WebServerStartStopLifecycle.java:47)
	at org.springframework.context.support.DefaultLifecycleProcessor.doStart(DefaultLifecycleProcessor.java:178)
	at org.springframework.context.support.DefaultLifecycleProcessor$LifecycleGroup.start(DefaultLifecycleProcessor.java:356)
	at java.base/java.lang.Iterable.forEach(Iterable.java:75)
	at org.springframework.context.support.DefaultLifecycleProcessor.startBeans(DefaultLifecycleProcessor.java:155)
	at org.springframework.context.support.DefaultLifecycleProcessor.onRefresh(DefaultLifecycleProcessor.java:123)
	at org.springframework.context.support.AbstractApplicationContext.finishRefresh(AbstractApplicationContext.java:932)
	at org.springframework.context.support.AbstractApplicationContext.refresh(AbstractApplicationContext.java:587)
	at org.springframework.boot.web.servlet.context.ServletWebServerApplicationContext.refresh(ServletWebServerApplicationContext.java:146)
	at org.springframework.boot.SpringApplication.refresh(SpringApplication.java:730)
	at org.springframework.boot.SpringApplication.refreshContext(SpringApplication.java:432)
	at org.springframework.boot.SpringApplication.run(SpringApplication.java:308)
	at org.springframework.boot.SpringApplication.run(SpringApplication.java:1302)
	at org.springframework.boot.SpringApplication.run(SpringApplication.java:1291)
	at com.quanxiaoha.xiaohashu.auth.XiaohashuAuthApplication.main(XiaohashuAuthApplication.java:12)
Caused by: com.alibaba.nacos.shaded.io.grpc.StatusRuntimeException: UNAVAILABLE: io exception
	at com.alibaba.nacos.shaded.io.grpc.Status.asRuntimeException(Status.java:539)
	at com.alibaba.nacos.shaded.io.grpc.stub.ClientCalls$UnaryStreamToFuture.onClose(ClientCalls.java:544)
	at com.alibaba.nacos.shaded.io.grpc.internal.DelayedClientCall$DelayedListener$3.run(DelayedClientCall.java:471)
	at com.alibaba.nacos.shaded.io.grpc.internal.DelayedClientCall$DelayedListener.delayOrExecute(DelayedClientCall.java:435)
	at com.alibaba.nacos.shaded.io.grpc.internal.DelayedClientCall$DelayedListener.onClose(DelayedClientCall.java:468)
	at com.alibaba.nacos.shaded.io.grpc.internal.ClientCallImpl.closeObserver(ClientCallImpl.java:563)
	at com.alibaba.nacos.shaded.io.grpc.internal.ClientCallImpl.access$300(ClientCallImpl.java:70)
	at com.alibaba.nacos.shaded.io.grpc.internal.ClientCallImpl$ClientStreamListenerImpl$1StreamClosed.runInternal(ClientCallImpl.java:744)
	at com.alibaba.nacos.shaded.io.grpc.internal.ClientCallImpl$ClientStreamListenerImpl$1StreamClosed.runInContext(ClientCallImpl.java:723)
	at com.alibaba.nacos.shaded.io.grpc.internal.ContextRunnable.run(ContextRunnable.java:37)
	at com.alibaba.nacos.shaded.io.grpc.internal.SerializingExecutor.run(SerializingExecutor.java:133)
	at java.base/java.util.concurrent.ThreadPoolExecutor.runWorker(ThreadPoolExecutor.java:1136)
	at java.base/java.util.concurrent.ThreadPoolExecutor$Worker.run(ThreadPoolExecutor.java:635)
	at java.base/java.lang.Thread.run(Thread.java:842)
Caused by: com.alibaba.nacos.shaded.io.grpc.netty.shaded.io.netty.channel.AbstractChannel$AnnotatedConnectException: Connection refused: no further information: /127.0.0.1:9848
Caused by: java.net.ConnectException: Connection refused: no further information
	at java.base/sun.nio.ch.Net.pollConnect(Native Method)
	at java.base/sun.nio.ch.Net.pollConnectNow(Net.java:672)
	at java.base/sun.nio.ch.SocketChannelImpl.finishConnect(SocketChannelImpl.java:946)
	at com.alibaba.nacos.shaded.io.grpc.netty.shaded.io.netty.channel.socket.nio.NioSocketChannel.doFinishConnect(NioSocketChannel.java:337)
	at com.alibaba.nacos.shaded.io.grpc.netty.shaded.io.netty.channel.nio.AbstractNioChannel$AbstractNioUnsafe.finishConnect(AbstractNioChannel.java:334)
	at com.alibaba.nacos.shaded.io.grpc.netty.shaded.io.netty.channel.nio.NioEventLoop.processSelectedKey(NioEventLoop.java:710)
	at com.alibaba.nacos.shaded.io.grpc.netty.shaded.io.netty.channel.nio.NioEventLoop.processSelectedKeysOptimized(NioEventLoop.java:658)
	at com.alibaba.nacos.shaded.io.grpc.netty.shaded.io.netty.channel.nio.NioEventLoop.processSelectedKeys(NioEventLoop.java:584)
	at com.alibaba.nacos.shaded.io.grpc.netty.shaded.io.netty.channel.nio.NioEventLoop.run(NioEventLoop.java:496)
	at com.alibaba.nacos.shaded.io.grpc.netty.shaded.io.netty.util.concurrent.SingleThreadEventExecutor$4.run(SingleThreadEventExecutor.java:997)
	at com.alibaba.nacos.shaded.io.grpc.netty.shaded.io.netty.util.internal.ThreadExecutorMap$2.run(ThreadExecutorMap.java:74)
	at com.alibaba.nacos.shaded.io.grpc.netty.shaded.io.netty.util.concurrent.FastThreadLocalRunnable.run(FastThreadLocalRunnable.java:30)
	at java.base/java.lang.Thread.run(Thread.java:842)
2025-07-25 09:11:28.207 [main] INFO  com.alibaba.nacos.common.remote.client - [8ceb9221-aaa8-4cfe-82a4-5922d63f96e2] Try to connect to server on start up, server: {serverIp = '127.0.0.1', server main port = 8848}
2025-07-25 09:11:28.207 [main] INFO  c.a.nacos.common.remote.client.grpc.GrpcClient - grpc client connection server:127.0.0.1 ip,serverPort:9848,grpcTslConfig:{"sslProvider":"OPENSSL","enableTls":false,"mutualAuthEnable":false,"trustAll":false}
2025-07-25 09:11:28.207 [main] ERROR c.a.nacos.common.remote.client.grpc.GrpcClient - Server check fail, please check server 127.0.0.1 ,port 9848 is available , error ={}
java.util.concurrent.ExecutionException: com.alibaba.nacos.shaded.io.grpc.StatusRuntimeException: UNAVAILABLE: io exception
	at com.alibaba.nacos.shaded.com.google.common.util.concurrent.AbstractFuture.getDoneValue(AbstractFuture.java:566)
	at com.alibaba.nacos.shaded.com.google.common.util.concurrent.AbstractFuture.get(AbstractFuture.java:445)
	at com.alibaba.nacos.common.remote.client.grpc.GrpcClient.serverCheck(GrpcClient.java:218)
	at com.alibaba.nacos.common.remote.client.grpc.GrpcClient.connectToServer(GrpcClient.java:329)
	at com.alibaba.nacos.common.remote.client.RpcClient.start(RpcClient.java:363)
	at com.alibaba.nacos.client.naming.remote.gprc.NamingGrpcClientProxy.start(NamingGrpcClientProxy.java:105)
	at com.alibaba.nacos.client.naming.remote.gprc.NamingGrpcClientProxy.<init>(NamingGrpcClientProxy.java:98)
	at com.alibaba.nacos.client.naming.remote.NamingClientProxyDelegate.<init>(NamingClientProxyDelegate.java:78)
	at com.alibaba.nacos.client.naming.NacosNamingService.init(NacosNamingService.java:102)
	at com.alibaba.nacos.client.naming.NacosNamingService.<init>(NacosNamingService.java:85)
	at java.base/jdk.internal.reflect.NativeConstructorAccessorImpl.newInstance0(Native Method)
	at java.base/jdk.internal.reflect.NativeConstructorAccessorImpl.newInstance(NativeConstructorAccessorImpl.java:77)
	at java.base/jdk.internal.reflect.DelegatingConstructorAccessorImpl.newInstance(DelegatingConstructorAccessorImpl.java:45)
	at java.base/java.lang.reflect.Constructor.newInstanceWithCaller(Constructor.java:499)
	at java.base/java.lang.reflect.Constructor.newInstance(Constructor.java:480)
	at com.alibaba.nacos.api.naming.NamingFactory.createNamingService(NamingFactory.java:59)
	at com.alibaba.nacos.api.NacosFactory.createNamingService(NacosFactory.java:77)
	at com.alibaba.cloud.nacos.NacosServiceManager.createNewNamingService(NacosServiceManager.java:99)
	at com.alibaba.cloud.nacos.NacosServiceManager.buildNamingService(NacosServiceManager.java:90)
	at com.alibaba.cloud.nacos.NacosServiceManager.getNamingService(NacosServiceManager.java:46)
	at com.alibaba.cloud.nacos.registry.NacosServiceRegistry.namingService(NacosServiceRegistry.java:193)
	at com.alibaba.cloud.nacos.registry.NacosServiceRegistry.register(NacosServiceRegistry.java:68)
	at org.springframework.cloud.client.serviceregistry.AbstractAutoServiceRegistration.register(AbstractAutoServiceRegistration.java:264)
	at com.alibaba.cloud.nacos.registry.NacosAutoServiceRegistration.register(NacosAutoServiceRegistration.java:78)
	at org.springframework.cloud.client.serviceregistry.AbstractAutoServiceRegistration.start(AbstractAutoServiceRegistration.java:156)
	at org.springframework.cloud.client.serviceregistry.AbstractAutoServiceRegistration.onApplicationEvent(AbstractAutoServiceRegistration.java:119)
	at org.springframework.cloud.client.serviceregistry.AbstractAutoServiceRegistration.onApplicationEvent(AbstractAutoServiceRegistration.java:49)
	at org.springframework.context.event.SimpleApplicationEventMulticaster.doInvokeListener(SimpleApplicationEventMulticaster.java:176)
	at org.springframework.context.event.SimpleApplicationEventMulticaster.invokeListener(SimpleApplicationEventMulticaster.java:169)
	at org.springframework.context.event.SimpleApplicationEventMulticaster.multicastEvent(SimpleApplicationEventMulticaster.java:143)
	at org.springframework.context.support.AbstractApplicationContext.publishEvent(AbstractApplicationContext.java:413)
	at org.springframework.context.support.AbstractApplicationContext.publishEvent(AbstractApplicationContext.java:370)
	at org.springframework.boot.web.servlet.context.WebServerStartStopLifecycle.start(WebServerStartStopLifecycle.java:47)
	at org.springframework.context.support.DefaultLifecycleProcessor.doStart(DefaultLifecycleProcessor.java:178)
	at org.springframework.context.support.DefaultLifecycleProcessor$LifecycleGroup.start(DefaultLifecycleProcessor.java:356)
	at java.base/java.lang.Iterable.forEach(Iterable.java:75)
	at org.springframework.context.support.DefaultLifecycleProcessor.startBeans(DefaultLifecycleProcessor.java:155)
	at org.springframework.context.support.DefaultLifecycleProcessor.onRefresh(DefaultLifecycleProcessor.java:123)
	at org.springframework.context.support.AbstractApplicationContext.finishRefresh(AbstractApplicationContext.java:932)
	at org.springframework.context.support.AbstractApplicationContext.refresh(AbstractApplicationContext.java:587)
	at org.springframework.boot.web.servlet.context.ServletWebServerApplicationContext.refresh(ServletWebServerApplicationContext.java:146)
	at org.springframework.boot.SpringApplication.refresh(SpringApplication.java:730)
	at org.springframework.boot.SpringApplication.refreshContext(SpringApplication.java:432)
	at org.springframework.boot.SpringApplication.run(SpringApplication.java:308)
	at org.springframework.boot.SpringApplication.run(SpringApplication.java:1302)
	at org.springframework.boot.SpringApplication.run(SpringApplication.java:1291)
	at com.quanxiaoha.xiaohashu.auth.XiaohashuAuthApplication.main(XiaohashuAuthApplication.java:12)
Caused by: com.alibaba.nacos.shaded.io.grpc.StatusRuntimeException: UNAVAILABLE: io exception
	at com.alibaba.nacos.shaded.io.grpc.Status.asRuntimeException(Status.java:539)
	at com.alibaba.nacos.shaded.io.grpc.stub.ClientCalls$UnaryStreamToFuture.onClose(ClientCalls.java:544)
	at com.alibaba.nacos.shaded.io.grpc.internal.DelayedClientCall$DelayedListener$3.run(DelayedClientCall.java:471)
	at com.alibaba.nacos.shaded.io.grpc.internal.DelayedClientCall$DelayedListener.delayOrExecute(DelayedClientCall.java:435)
	at com.alibaba.nacos.shaded.io.grpc.internal.DelayedClientCall$DelayedListener.onClose(DelayedClientCall.java:468)
	at com.alibaba.nacos.shaded.io.grpc.internal.ClientCallImpl.closeObserver(ClientCallImpl.java:563)
	at com.alibaba.nacos.shaded.io.grpc.internal.ClientCallImpl.access$300(ClientCallImpl.java:70)
	at com.alibaba.nacos.shaded.io.grpc.internal.ClientCallImpl$ClientStreamListenerImpl$1StreamClosed.runInternal(ClientCallImpl.java:744)
	at com.alibaba.nacos.shaded.io.grpc.internal.ClientCallImpl$ClientStreamListenerImpl$1StreamClosed.runInContext(ClientCallImpl.java:723)
	at com.alibaba.nacos.shaded.io.grpc.internal.ContextRunnable.run(ContextRunnable.java:37)
	at com.alibaba.nacos.shaded.io.grpc.internal.SerializingExecutor.run(SerializingExecutor.java:133)
	at java.base/java.util.concurrent.ThreadPoolExecutor.runWorker(ThreadPoolExecutor.java:1136)
	at java.base/java.util.concurrent.ThreadPoolExecutor$Worker.run(ThreadPoolExecutor.java:635)
	at java.base/java.lang.Thread.run(Thread.java:842)
Caused by: com.alibaba.nacos.shaded.io.grpc.netty.shaded.io.netty.channel.AbstractChannel$AnnotatedConnectException: Connection refused: no further information: /127.0.0.1:9848
Caused by: java.net.ConnectException: Connection refused: no further information
	at java.base/sun.nio.ch.Net.pollConnect(Native Method)
	at java.base/sun.nio.ch.Net.pollConnectNow(Net.java:672)
	at java.base/sun.nio.ch.SocketChannelImpl.finishConnect(SocketChannelImpl.java:946)
	at com.alibaba.nacos.shaded.io.grpc.netty.shaded.io.netty.channel.socket.nio.NioSocketChannel.doFinishConnect(NioSocketChannel.java:337)
	at com.alibaba.nacos.shaded.io.grpc.netty.shaded.io.netty.channel.nio.AbstractNioChannel$AbstractNioUnsafe.finishConnect(AbstractNioChannel.java:334)
	at com.alibaba.nacos.shaded.io.grpc.netty.shaded.io.netty.channel.nio.NioEventLoop.processSelectedKey(NioEventLoop.java:710)
	at com.alibaba.nacos.shaded.io.grpc.netty.shaded.io.netty.channel.nio.NioEventLoop.processSelectedKeysOptimized(NioEventLoop.java:658)
	at com.alibaba.nacos.shaded.io.grpc.netty.shaded.io.netty.channel.nio.NioEventLoop.processSelectedKeys(NioEventLoop.java:584)
	at com.alibaba.nacos.shaded.io.grpc.netty.shaded.io.netty.channel.nio.NioEventLoop.run(NioEventLoop.java:496)
	at com.alibaba.nacos.shaded.io.grpc.netty.shaded.io.netty.util.concurrent.SingleThreadEventExecutor$4.run(SingleThreadEventExecutor.java:997)
	at com.alibaba.nacos.shaded.io.grpc.netty.shaded.io.netty.util.internal.ThreadExecutorMap$2.run(ThreadExecutorMap.java:74)
	at com.alibaba.nacos.shaded.io.grpc.netty.shaded.io.netty.util.concurrent.FastThreadLocalRunnable.run(FastThreadLocalRunnable.java:30)
	at java.base/java.lang.Thread.run(Thread.java:842)
2025-07-25 09:11:28.212 [main] INFO  com.alibaba.nacos.common.remote.client - [8ceb9221-aaa8-4cfe-82a4-5922d63f96e2] Register server push request handler:com.alibaba.nacos.common.remote.client.RpcClient$ConnectResetRequestHandler
2025-07-25 09:11:28.212 [com.alibaba.nacos.client.remote.worker] INFO  com.alibaba.nacos.common.remote.client - [8ceb9221-aaa8-4cfe-82a4-5922d63f96e2] Try to reconnect to a new server, server is  not appointed, will choose a random server.
2025-07-25 09:11:28.212 [main] INFO  com.alibaba.nacos.common.remote.client - [8ceb9221-aaa8-4cfe-82a4-5922d63f96e2] Register server push request handler:com.alibaba.nacos.common.remote.client.RpcClient$$Lambda$604/0x000001fa814ab798
2025-07-25 09:11:28.212 [com.alibaba.nacos.client.remote.worker] INFO  c.a.nacos.common.remote.client.grpc.GrpcClient - grpc client connection server:127.0.0.1 ip,serverPort:9848,grpcTslConfig:{"sslProvider":"OPENSSL","enableTls":false,"mutualAuthEnable":false,"trustAll":false}
2025-07-25 09:11:28.214 [main] INFO  com.alibaba.nacos.client.naming - [REGISTER-SERVICE] xiaohashu registering service xiaohashu-auth with instance Instance{instanceId='null', ip='192.168.93.1', port=8080, weight=1.0, healthy=true, enabled=true, ephemeral=true, clusterName='DEFAULT', serviceName='null', metadata={IPv6=[2409:8931:478:a5b:345c:88ad:f105:ea50], preserved.register.source=SPRING_CLOUD}}
2025-07-25 09:11:28.214 [com.alibaba.nacos.client.remote.worker] ERROR c.a.nacos.common.remote.client.grpc.GrpcClient - Server check fail, please check server 127.0.0.1 ,port 9848 is available , error ={}
java.util.concurrent.ExecutionException: com.alibaba.nacos.shaded.io.grpc.StatusRuntimeException: UNAVAILABLE: io exception
	at com.alibaba.nacos.shaded.com.google.common.util.concurrent.AbstractFuture.getDoneValue(AbstractFuture.java:566)
	at com.alibaba.nacos.shaded.com.google.common.util.concurrent.AbstractFuture.get(AbstractFuture.java:445)
	at com.alibaba.nacos.common.remote.client.grpc.GrpcClient.serverCheck(GrpcClient.java:218)
	at com.alibaba.nacos.common.remote.client.grpc.GrpcClient.connectToServer(GrpcClient.java:329)
	at com.alibaba.nacos.common.remote.client.RpcClient.reconnect(RpcClient.java:502)
	at com.alibaba.nacos.common.remote.client.RpcClient.lambda$start$2(RpcClient.java:343)
	at java.base/java.util.concurrent.Executors$RunnableAdapter.call(Executors.java:539)
	at java.base/java.util.concurrent.FutureTask.run(FutureTask.java:264)
	at java.base/java.util.concurrent.ScheduledThreadPoolExecutor$ScheduledFutureTask.run(ScheduledThreadPoolExecutor.java:304)
	at java.base/java.util.concurrent.ThreadPoolExecutor.runWorker(ThreadPoolExecutor.java:1136)
	at java.base/java.util.concurrent.ThreadPoolExecutor$Worker.run(ThreadPoolExecutor.java:635)
	at java.base/java.lang.Thread.run(Thread.java:842)
Caused by: com.alibaba.nacos.shaded.io.grpc.StatusRuntimeException: UNAVAILABLE: io exception
	at com.alibaba.nacos.shaded.io.grpc.Status.asRuntimeException(Status.java:539)
	at com.alibaba.nacos.shaded.io.grpc.stub.ClientCalls$UnaryStreamToFuture.onClose(ClientCalls.java:544)
	at com.alibaba.nacos.shaded.io.grpc.internal.DelayedClientCall$DelayedListener$3.run(DelayedClientCall.java:471)
	at com.alibaba.nacos.shaded.io.grpc.internal.DelayedClientCall$DelayedListener.delayOrExecute(DelayedClientCall.java:435)
	at com.alibaba.nacos.shaded.io.grpc.internal.DelayedClientCall$DelayedListener.onClose(DelayedClientCall.java:468)
	at com.alibaba.nacos.shaded.io.grpc.internal.ClientCallImpl.closeObserver(ClientCallImpl.java:563)
	at com.alibaba.nacos.shaded.io.grpc.internal.ClientCallImpl.access$300(ClientCallImpl.java:70)
	at com.alibaba.nacos.shaded.io.grpc.internal.ClientCallImpl$ClientStreamListenerImpl$1StreamClosed.runInternal(ClientCallImpl.java:744)
	at com.alibaba.nacos.shaded.io.grpc.internal.ClientCallImpl$ClientStreamListenerImpl$1StreamClosed.runInContext(ClientCallImpl.java:723)
	at com.alibaba.nacos.shaded.io.grpc.internal.ContextRunnable.run(ContextRunnable.java:37)
	at com.alibaba.nacos.shaded.io.grpc.internal.SerializingExecutor.run(SerializingExecutor.java:133)
	... 3 common frames omitted
Caused by: com.alibaba.nacos.shaded.io.grpc.netty.shaded.io.netty.channel.AbstractChannel$AnnotatedConnectException: Connection refused: no further information: /127.0.0.1:9848
Caused by: java.net.ConnectException: Connection refused: no further information
	at java.base/sun.nio.ch.Net.pollConnect(Native Method)
	at java.base/sun.nio.ch.Net.pollConnectNow(Net.java:672)
	at java.base/sun.nio.ch.SocketChannelImpl.finishConnect(SocketChannelImpl.java:946)
	at com.alibaba.nacos.shaded.io.grpc.netty.shaded.io.netty.channel.socket.nio.NioSocketChannel.doFinishConnect(NioSocketChannel.java:337)
	at com.alibaba.nacos.shaded.io.grpc.netty.shaded.io.netty.channel.nio.AbstractNioChannel$AbstractNioUnsafe.finishConnect(AbstractNioChannel.java:334)
	at com.alibaba.nacos.shaded.io.grpc.netty.shaded.io.netty.channel.nio.NioEventLoop.processSelectedKey(NioEventLoop.java:710)
	at com.alibaba.nacos.shaded.io.grpc.netty.shaded.io.netty.channel.nio.NioEventLoop.processSelectedKeysOptimized(NioEventLoop.java:658)
	at com.alibaba.nacos.shaded.io.grpc.netty.shaded.io.netty.channel.nio.NioEventLoop.processSelectedKeys(NioEventLoop.java:584)
	at com.alibaba.nacos.shaded.io.grpc.netty.shaded.io.netty.channel.nio.NioEventLoop.run(NioEventLoop.java:496)
	at com.alibaba.nacos.shaded.io.grpc.netty.shaded.io.netty.util.concurrent.SingleThreadEventExecutor$4.run(SingleThreadEventExecutor.java:997)
	at com.alibaba.nacos.shaded.io.grpc.netty.shaded.io.netty.util.internal.ThreadExecutorMap$2.run(ThreadExecutorMap.java:74)
	at com.alibaba.nacos.shaded.io.grpc.netty.shaded.io.netty.util.concurrent.FastThreadLocalRunnable.run(FastThreadLocalRunnable.java:30)
	at java.base/java.lang.Thread.run(Thread.java:842)
2025-07-25 09:11:28.320 [main] ERROR com.alibaba.nacos.common.remote.client - Send request fail, request = InstanceRequest{headers={app=unknown}, requestId='null'}, retryTimes = 0, errorMessage = Client not connected, current status:STARTING
2025-07-25 09:11:28.320 [com.alibaba.nacos.client.remote.worker] INFO  c.a.nacos.common.remote.client.grpc.GrpcClient - grpc client connection server:127.0.0.1 ip,serverPort:9848,grpcTslConfig:{"sslProvider":"OPENSSL","enableTls":false,"mutualAuthEnable":false,"trustAll":false}
2025-07-25 09:11:28.320 [com.alibaba.nacos.client.remote.worker] ERROR c.a.nacos.common.remote.client.grpc.GrpcClient - Server check fail, please check server 127.0.0.1 ,port 9848 is available , error ={}
java.util.concurrent.ExecutionException: com.alibaba.nacos.shaded.io.grpc.StatusRuntimeException: UNAVAILABLE: io exception
	at com.alibaba.nacos.shaded.com.google.common.util.concurrent.AbstractFuture.getDoneValue(AbstractFuture.java:566)
	at com.alibaba.nacos.shaded.com.google.common.util.concurrent.AbstractFuture.get(AbstractFuture.java:445)
	at com.alibaba.nacos.common.remote.client.grpc.GrpcClient.serverCheck(GrpcClient.java:218)
	at com.alibaba.nacos.common.remote.client.grpc.GrpcClient.connectToServer(GrpcClient.java:329)
	at com.alibaba.nacos.common.remote.client.RpcClient.reconnect(RpcClient.java:502)
	at com.alibaba.nacos.common.remote.client.RpcClient.lambda$start$2(RpcClient.java:343)
	at java.base/java.util.concurrent.Executors$RunnableAdapter.call(Executors.java:539)
	at java.base/java.util.concurrent.FutureTask.run(FutureTask.java:264)
	at java.base/java.util.concurrent.ScheduledThreadPoolExecutor$ScheduledFutureTask.run(ScheduledThreadPoolExecutor.java:304)
	at java.base/java.util.concurrent.ThreadPoolExecutor.runWorker(ThreadPoolExecutor.java:1136)
	at java.base/java.util.concurrent.ThreadPoolExecutor$Worker.run(ThreadPoolExecutor.java:635)
	at java.base/java.lang.Thread.run(Thread.java:842)
Caused by: com.alibaba.nacos.shaded.io.grpc.StatusRuntimeException: UNAVAILABLE: io exception
	at com.alibaba.nacos.shaded.io.grpc.Status.asRuntimeException(Status.java:539)
	at com.alibaba.nacos.shaded.io.grpc.stub.ClientCalls$UnaryStreamToFuture.onClose(ClientCalls.java:544)
	at com.alibaba.nacos.shaded.io.grpc.internal.DelayedClientCall$DelayedListener$3.run(DelayedClientCall.java:471)
	at com.alibaba.nacos.shaded.io.grpc.internal.DelayedClientCall$DelayedListener.delayOrExecute(DelayedClientCall.java:435)
	at com.alibaba.nacos.shaded.io.grpc.internal.DelayedClientCall$DelayedListener.onClose(DelayedClientCall.java:468)
	at com.alibaba.nacos.shaded.io.grpc.internal.ClientCallImpl.closeObserver(ClientCallImpl.java:563)
	at com.alibaba.nacos.shaded.io.grpc.internal.ClientCallImpl.access$300(ClientCallImpl.java:70)
	at com.alibaba.nacos.shaded.io.grpc.internal.ClientCallImpl$ClientStreamListenerImpl$1StreamClosed.runInternal(ClientCallImpl.java:744)
	at com.alibaba.nacos.shaded.io.grpc.internal.ClientCallImpl$ClientStreamListenerImpl$1StreamClosed.runInContext(ClientCallImpl.java:723)
	at com.alibaba.nacos.shaded.io.grpc.internal.ContextRunnable.run(ContextRunnable.java:37)
	at com.alibaba.nacos.shaded.io.grpc.internal.SerializingExecutor.run(SerializingExecutor.java:133)
	... 3 common frames omitted
Caused by: com.alibaba.nacos.shaded.io.grpc.netty.shaded.io.netty.channel.AbstractChannel$AnnotatedConnectException: Connection refused: no further information: /127.0.0.1:9848
Caused by: java.net.ConnectException: Connection refused: no further information
	at java.base/sun.nio.ch.Net.pollConnect(Native Method)
	at java.base/sun.nio.ch.Net.pollConnectNow(Net.java:672)
	at java.base/sun.nio.ch.SocketChannelImpl.finishConnect(SocketChannelImpl.java:946)
	at com.alibaba.nacos.shaded.io.grpc.netty.shaded.io.netty.channel.socket.nio.NioSocketChannel.doFinishConnect(NioSocketChannel.java:337)
	at com.alibaba.nacos.shaded.io.grpc.netty.shaded.io.netty.channel.nio.AbstractNioChannel$AbstractNioUnsafe.finishConnect(AbstractNioChannel.java:334)
	at com.alibaba.nacos.shaded.io.grpc.netty.shaded.io.netty.channel.nio.NioEventLoop.processSelectedKey(NioEventLoop.java:710)
	at com.alibaba.nacos.shaded.io.grpc.netty.shaded.io.netty.channel.nio.NioEventLoop.processSelectedKeysOptimized(NioEventLoop.java:658)
	at com.alibaba.nacos.shaded.io.grpc.netty.shaded.io.netty.channel.nio.NioEventLoop.processSelectedKeys(NioEventLoop.java:584)
	at com.alibaba.nacos.shaded.io.grpc.netty.shaded.io.netty.channel.nio.NioEventLoop.run(NioEventLoop.java:496)
	at com.alibaba.nacos.shaded.io.grpc.netty.shaded.io.netty.util.concurrent.SingleThreadEventExecutor$4.run(SingleThreadEventExecutor.java:997)
	at com.alibaba.nacos.shaded.io.grpc.netty.shaded.io.netty.util.internal.ThreadExecutorMap$2.run(ThreadExecutorMap.java:74)
	at com.alibaba.nacos.shaded.io.grpc.netty.shaded.io.netty.util.concurrent.FastThreadLocalRunnable.run(FastThreadLocalRunnable.java:30)
	at java.base/java.lang.Thread.run(Thread.java:842)
2025-07-25 09:11:28.320 [com.alibaba.nacos.client.remote.worker] INFO  com.alibaba.nacos.common.remote.client - [8ceb9221-aaa8-4cfe-82a4-5922d63f96e2] Fail to connect server, after trying 1 times, last try server is {serverIp = '127.0.0.1', server main port = 8848}, error = unknown
2025-07-25 09:11:28.425 [main] ERROR com.alibaba.nacos.common.remote.client - Send request fail, request = InstanceRequest{headers={app=unknown}, requestId='null'}, retryTimes = 1, errorMessage = Client not connected, current status:STARTING
2025-07-25 09:11:28.525 [com.alibaba.nacos.client.remote.worker] INFO  c.a.nacos.common.remote.client.grpc.GrpcClient - grpc client connection server:127.0.0.1 ip,serverPort:9848,grpcTslConfig:{"sslProvider":"OPENSSL","enableTls":false,"mutualAuthEnable":false,"trustAll":false}
2025-07-25 09:11:28.527 [main] ERROR com.alibaba.nacos.common.remote.client - Send request fail, request = InstanceRequest{headers={app=unknown}, requestId='null'}, retryTimes = 2, errorMessage = Client not connected, current status:STARTING
2025-07-25 09:11:28.527 [com.alibaba.nacos.client.remote.worker] ERROR c.a.nacos.common.remote.client.grpc.GrpcClient - Server check fail, please check server 127.0.0.1 ,port 9848 is available , error ={}
java.util.concurrent.ExecutionException: com.alibaba.nacos.shaded.io.grpc.StatusRuntimeException: UNAVAILABLE: io exception
	at com.alibaba.nacos.shaded.com.google.common.util.concurrent.AbstractFuture.getDoneValue(AbstractFuture.java:566)
	at com.alibaba.nacos.shaded.com.google.common.util.concurrent.AbstractFuture.get(AbstractFuture.java:445)
	at com.alibaba.nacos.common.remote.client.grpc.GrpcClient.serverCheck(GrpcClient.java:218)
	at com.alibaba.nacos.common.remote.client.grpc.GrpcClient.connectToServer(GrpcClient.java:329)
	at com.alibaba.nacos.common.remote.client.RpcClient.reconnect(RpcClient.java:502)
	at com.alibaba.nacos.common.remote.client.RpcClient.lambda$start$2(RpcClient.java:343)
	at java.base/java.util.concurrent.Executors$RunnableAdapter.call(Executors.java:539)
	at java.base/java.util.concurrent.FutureTask.run(FutureTask.java:264)
	at java.base/java.util.concurrent.ScheduledThreadPoolExecutor$ScheduledFutureTask.run(ScheduledThreadPoolExecutor.java:304)
	at java.base/java.util.concurrent.ThreadPoolExecutor.runWorker(ThreadPoolExecutor.java:1136)
	at java.base/java.util.concurrent.ThreadPoolExecutor$Worker.run(ThreadPoolExecutor.java:635)
	at java.base/java.lang.Thread.run(Thread.java:842)
Caused by: com.alibaba.nacos.shaded.io.grpc.StatusRuntimeException: UNAVAILABLE: io exception
	at com.alibaba.nacos.shaded.io.grpc.Status.asRuntimeException(Status.java:539)
	at com.alibaba.nacos.shaded.io.grpc.stub.ClientCalls$UnaryStreamToFuture.onClose(ClientCalls.java:544)
	at com.alibaba.nacos.shaded.io.grpc.internal.DelayedClientCall$DelayedListener$3.run(DelayedClientCall.java:471)
	at com.alibaba.nacos.shaded.io.grpc.internal.DelayedClientCall$DelayedListener.delayOrExecute(DelayedClientCall.java:435)
	at com.alibaba.nacos.shaded.io.grpc.internal.DelayedClientCall$DelayedListener.onClose(DelayedClientCall.java:468)
	at com.alibaba.nacos.shaded.io.grpc.internal.ClientCallImpl.closeObserver(ClientCallImpl.java:563)
	at com.alibaba.nacos.shaded.io.grpc.internal.ClientCallImpl.access$300(ClientCallImpl.java:70)
	at com.alibaba.nacos.shaded.io.grpc.internal.ClientCallImpl$ClientStreamListenerImpl$1StreamClosed.runInternal(ClientCallImpl.java:744)
	at com.alibaba.nacos.shaded.io.grpc.internal.ClientCallImpl$ClientStreamListenerImpl$1StreamClosed.runInContext(ClientCallImpl.java:723)
	at com.alibaba.nacos.shaded.io.grpc.internal.ContextRunnable.run(ContextRunnable.java:37)
	at com.alibaba.nacos.shaded.io.grpc.internal.SerializingExecutor.run(SerializingExecutor.java:133)
	... 3 common frames omitted
Caused by: com.alibaba.nacos.shaded.io.grpc.netty.shaded.io.netty.channel.AbstractChannel$AnnotatedConnectException: Connection refused: no further information: /127.0.0.1:9848
Caused by: java.net.ConnectException: Connection refused: no further information
	at java.base/sun.nio.ch.Net.pollConnect(Native Method)
	at java.base/sun.nio.ch.Net.pollConnectNow(Net.java:672)
	at java.base/sun.nio.ch.SocketChannelImpl.finishConnect(SocketChannelImpl.java:946)
	at com.alibaba.nacos.shaded.io.grpc.netty.shaded.io.netty.channel.socket.nio.NioSocketChannel.doFinishConnect(NioSocketChannel.java:337)
	at com.alibaba.nacos.shaded.io.grpc.netty.shaded.io.netty.channel.nio.AbstractNioChannel$AbstractNioUnsafe.finishConnect(AbstractNioChannel.java:334)
	at com.alibaba.nacos.shaded.io.grpc.netty.shaded.io.netty.channel.nio.NioEventLoop.processSelectedKey(NioEventLoop.java:710)
	at com.alibaba.nacos.shaded.io.grpc.netty.shaded.io.netty.channel.nio.NioEventLoop.processSelectedKeysOptimized(NioEventLoop.java:658)
	at com.alibaba.nacos.shaded.io.grpc.netty.shaded.io.netty.channel.nio.NioEventLoop.processSelectedKeys(NioEventLoop.java:584)
	at com.alibaba.nacos.shaded.io.grpc.netty.shaded.io.netty.channel.nio.NioEventLoop.run(NioEventLoop.java:496)
	at com.alibaba.nacos.shaded.io.grpc.netty.shaded.io.netty.util.concurrent.SingleThreadEventExecutor$4.run(SingleThreadEventExecutor.java:997)
	at com.alibaba.nacos.shaded.io.grpc.netty.shaded.io.netty.util.internal.ThreadExecutorMap$2.run(ThreadExecutorMap.java:74)
	at com.alibaba.nacos.shaded.io.grpc.netty.shaded.io.netty.util.concurrent.FastThreadLocalRunnable.run(FastThreadLocalRunnable.java:30)
	at java.base/java.lang.Thread.run(Thread.java:842)
2025-07-25 09:11:28.527 [com.alibaba.nacos.client.remote.worker] INFO  com.alibaba.nacos.common.remote.client - [8ceb9221-aaa8-4cfe-82a4-5922d63f96e2] Fail to connect server, after trying 2 times, last try server is {serverIp = '127.0.0.1', server main port = 8848}, error = unknown
2025-07-25 09:11:28.532 [main] ERROR c.a.cloud.nacos.registry.NacosServiceRegistry - nacos registry, xiaohashu-auth register failed...NacosRegistration{nacosDiscoveryProperties=NacosDiscoveryProperties{serverAddr='127.0.0.1:8848', username='', password='', endpoint='', namespace='xiaohashu', watchDelay=30000, logName='', service='xiaohashu-auth', weight=1.0, clusterName='DEFAULT', group='DEFAULT_GROUP', namingLoadCacheAtStart='false', metadata={IPv6=[2409:8931:478:a5b:345c:88ad:f105:ea50], preserved.register.source=SPRING_CLOUD}, registerEnabled=true, ip='192.168.93.1', networkInterface='', port=8080, secure=false, accessKey='', secretKey='', heartBeatInterval=null, heartBeatTimeout=null, ipDeleteTimeout=null, instanceEnabled=true, ephemeral=true, failureToleranceEnabled=false}, ipDeleteTimeout=null, failFast=true}},
com.alibaba.nacos.api.exception.NacosException: Client not connected, current status:STARTING
	at com.alibaba.nacos.common.remote.client.RpcClient.request(RpcClient.java:643)
	at com.alibaba.nacos.common.remote.client.RpcClient.request(RpcClient.java:623)
	at com.alibaba.nacos.client.naming.remote.gprc.NamingGrpcClientProxy.requestToServer(NamingGrpcClientProxy.java:357)
	at com.alibaba.nacos.client.naming.remote.gprc.NamingGrpcClientProxy.doRegisterService(NamingGrpcClientProxy.java:210)
	at com.alibaba.nacos.client.naming.remote.gprc.NamingGrpcClientProxy.registerService(NamingGrpcClientProxy.java:124)
	at com.alibaba.nacos.client.naming.remote.NamingClientProxyDelegate.registerService(NamingClientProxyDelegate.java:98)
	at com.alibaba.nacos.client.naming.NacosNamingService.registerInstance(NacosNamingService.java:143)
	at com.alibaba.cloud.nacos.registry.NacosServiceRegistry.register(NacosServiceRegistry.java:75)
	at org.springframework.cloud.client.serviceregistry.AbstractAutoServiceRegistration.register(AbstractAutoServiceRegistration.java:264)
	at com.alibaba.cloud.nacos.registry.NacosAutoServiceRegistration.register(NacosAutoServiceRegistration.java:78)
	at org.springframework.cloud.client.serviceregistry.AbstractAutoServiceRegistration.start(AbstractAutoServiceRegistration.java:156)
	at org.springframework.cloud.client.serviceregistry.AbstractAutoServiceRegistration.onApplicationEvent(AbstractAutoServiceRegistration.java:119)
	at org.springframework.cloud.client.serviceregistry.AbstractAutoServiceRegistration.onApplicationEvent(AbstractAutoServiceRegistration.java:49)
	at org.springframework.context.event.SimpleApplicationEventMulticaster.doInvokeListener(SimpleApplicationEventMulticaster.java:176)
	at org.springframework.context.event.SimpleApplicationEventMulticaster.invokeListener(SimpleApplicationEventMulticaster.java:169)
	at org.springframework.context.event.SimpleApplicationEventMulticaster.multicastEvent(SimpleApplicationEventMulticaster.java:143)
	at org.springframework.context.support.AbstractApplicationContext.publishEvent(AbstractApplicationContext.java:413)
	at org.springframework.context.support.AbstractApplicationContext.publishEvent(AbstractApplicationContext.java:370)
	at org.springframework.boot.web.servlet.context.WebServerStartStopLifecycle.start(WebServerStartStopLifecycle.java:47)
	at org.springframework.context.support.DefaultLifecycleProcessor.doStart(DefaultLifecycleProcessor.java:178)
	at org.springframework.context.support.DefaultLifecycleProcessor$LifecycleGroup.start(DefaultLifecycleProcessor.java:356)
	at java.base/java.lang.Iterable.forEach(Iterable.java:75)
	at org.springframework.context.support.DefaultLifecycleProcessor.startBeans(DefaultLifecycleProcessor.java:155)
	at org.springframework.context.support.DefaultLifecycleProcessor.onRefresh(DefaultLifecycleProcessor.java:123)
	at org.springframework.context.support.AbstractApplicationContext.finishRefresh(AbstractApplicationContext.java:932)
	at org.springframework.context.support.AbstractApplicationContext.refresh(AbstractApplicationContext.java:587)
	at org.springframework.boot.web.servlet.context.ServletWebServerApplicationContext.refresh(ServletWebServerApplicationContext.java:146)
	at org.springframework.boot.SpringApplication.refresh(SpringApplication.java:730)
	at org.springframework.boot.SpringApplication.refreshContext(SpringApplication.java:432)
	at org.springframework.boot.SpringApplication.run(SpringApplication.java:308)
	at org.springframework.boot.SpringApplication.run(SpringApplication.java:1302)
	at org.springframework.boot.SpringApplication.run(SpringApplication.java:1291)
	at com.quanxiaoha.xiaohashu.auth.XiaohashuAuthApplication.main(XiaohashuAuthApplication.java:12)
2025-07-25 09:11:28.532 [main] WARN  o.s.b.w.s.c.AnnotationConfigServletWebServerApplicationContext - Exception encountered during context initialization - cancelling refresh attempt: org.springframework.context.ApplicationContextException: Failed to start bean 'webServerStartStop'
2025-07-25 09:11:28.537 [main] INFO  com.alibaba.nacos.client.naming - com.alibaba.nacos.client.naming.cache.ServiceInfoHolder do shutdown begin
2025-07-25 09:11:28.537 [main] INFO  com.alibaba.nacos.client.naming - com.alibaba.nacos.client.naming.backups.FailoverReactor do shutdown begin
2025-07-25 09:11:28.832 [com.alibaba.nacos.client.remote.worker] INFO  c.a.nacos.common.remote.client.grpc.GrpcClient - grpc client connection server:127.0.0.1 ip,serverPort:9848,grpcTslConfig:{"sslProvider":"OPENSSL","enableTls":false,"mutualAuthEnable":false,"trustAll":false}
2025-07-25 09:11:28.832 [com.alibaba.nacos.client.remote.worker] ERROR c.a.nacos.common.remote.client.grpc.GrpcClient - Server check fail, please check server 127.0.0.1 ,port 9848 is available , error ={}
java.util.concurrent.ExecutionException: com.alibaba.nacos.shaded.io.grpc.StatusRuntimeException: UNAVAILABLE: io exception
	at com.alibaba.nacos.shaded.com.google.common.util.concurrent.AbstractFuture.getDoneValue(AbstractFuture.java:566)
	at com.alibaba.nacos.shaded.com.google.common.util.concurrent.AbstractFuture.get(AbstractFuture.java:445)
	at com.alibaba.nacos.common.remote.client.grpc.GrpcClient.serverCheck(GrpcClient.java:218)
	at com.alibaba.nacos.common.remote.client.grpc.GrpcClient.connectToServer(GrpcClient.java:329)
	at com.alibaba.nacos.common.remote.client.RpcClient.reconnect(RpcClient.java:502)
	at com.alibaba.nacos.common.remote.client.RpcClient.lambda$start$2(RpcClient.java:343)
	at java.base/java.util.concurrent.Executors$RunnableAdapter.call(Executors.java:539)
	at java.base/java.util.concurrent.FutureTask.run(FutureTask.java:264)
	at java.base/java.util.concurrent.ScheduledThreadPoolExecutor$ScheduledFutureTask.run(ScheduledThreadPoolExecutor.java:304)
	at java.base/java.util.concurrent.ThreadPoolExecutor.runWorker(ThreadPoolExecutor.java:1136)
	at java.base/java.util.concurrent.ThreadPoolExecutor$Worker.run(ThreadPoolExecutor.java:635)
	at java.base/java.lang.Thread.run(Thread.java:842)
Caused by: com.alibaba.nacos.shaded.io.grpc.StatusRuntimeException: UNAVAILABLE: io exception
	at com.alibaba.nacos.shaded.io.grpc.Status.asRuntimeException(Status.java:539)
	at com.alibaba.nacos.shaded.io.grpc.stub.ClientCalls$UnaryStreamToFuture.onClose(ClientCalls.java:544)
	at com.alibaba.nacos.shaded.io.grpc.internal.DelayedClientCall$DelayedListener$3.run(DelayedClientCall.java:471)
	at com.alibaba.nacos.shaded.io.grpc.internal.DelayedClientCall$DelayedListener.delayOrExecute(DelayedClientCall.java:435)
	at com.alibaba.nacos.shaded.io.grpc.internal.DelayedClientCall$DelayedListener.onClose(DelayedClientCall.java:468)
	at com.alibaba.nacos.shaded.io.grpc.internal.ClientCallImpl.closeObserver(ClientCallImpl.java:563)
	at com.alibaba.nacos.shaded.io.grpc.internal.ClientCallImpl.access$300(ClientCallImpl.java:70)
	at com.alibaba.nacos.shaded.io.grpc.internal.ClientCallImpl$ClientStreamListenerImpl$1StreamClosed.runInternal(ClientCallImpl.java:744)
	at com.alibaba.nacos.shaded.io.grpc.internal.ClientCallImpl$ClientStreamListenerImpl$1StreamClosed.runInContext(ClientCallImpl.java:723)
	at com.alibaba.nacos.shaded.io.grpc.internal.ContextRunnable.run(ContextRunnable.java:37)
	at com.alibaba.nacos.shaded.io.grpc.internal.SerializingExecutor.run(SerializingExecutor.java:133)
	... 3 common frames omitted
Caused by: com.alibaba.nacos.shaded.io.grpc.netty.shaded.io.netty.channel.AbstractChannel$AnnotatedConnectException: Connection refused: no further information: /127.0.0.1:9848
Caused by: java.net.ConnectException: Connection refused: no further information
	at java.base/sun.nio.ch.Net.pollConnect(Native Method)
	at java.base/sun.nio.ch.Net.pollConnectNow(Net.java:672)
	at java.base/sun.nio.ch.SocketChannelImpl.finishConnect(SocketChannelImpl.java:946)
	at com.alibaba.nacos.shaded.io.grpc.netty.shaded.io.netty.channel.socket.nio.NioSocketChannel.doFinishConnect(NioSocketChannel.java:337)
	at com.alibaba.nacos.shaded.io.grpc.netty.shaded.io.netty.channel.nio.AbstractNioChannel$AbstractNioUnsafe.finishConnect(AbstractNioChannel.java:334)
	at com.alibaba.nacos.shaded.io.grpc.netty.shaded.io.netty.channel.nio.NioEventLoop.processSelectedKey(NioEventLoop.java:710)
	at com.alibaba.nacos.shaded.io.grpc.netty.shaded.io.netty.channel.nio.NioEventLoop.processSelectedKeysOptimized(NioEventLoop.java:658)
	at com.alibaba.nacos.shaded.io.grpc.netty.shaded.io.netty.channel.nio.NioEventLoop.processSelectedKeys(NioEventLoop.java:584)
	at com.alibaba.nacos.shaded.io.grpc.netty.shaded.io.netty.channel.nio.NioEventLoop.run(NioEventLoop.java:496)
	at com.alibaba.nacos.shaded.io.grpc.netty.shaded.io.netty.util.concurrent.SingleThreadEventExecutor$4.run(SingleThreadEventExecutor.java:997)
	at com.alibaba.nacos.shaded.io.grpc.netty.shaded.io.netty.util.internal.ThreadExecutorMap$2.run(ThreadExecutorMap.java:74)
	at com.alibaba.nacos.shaded.io.grpc.netty.shaded.io.netty.util.concurrent.FastThreadLocalRunnable.run(FastThreadLocalRunnable.java:30)
	at java.base/java.lang.Thread.run(Thread.java:842)
2025-07-25 09:11:28.832 [com.alibaba.nacos.client.remote.worker] INFO  com.alibaba.nacos.common.remote.client - [8ceb9221-aaa8-4cfe-82a4-5922d63f96e2] Fail to connect server, after trying 3 times, last try server is {serverIp = '127.0.0.1', server main port = 8848}, error = unknown
2025-07-25 09:11:28.874 [main] INFO  com.alibaba.nacos.client.naming - com.alibaba.nacos.client.naming.backups.FailoverReactor do shutdown stop
2025-07-25 09:11:28.874 [main] INFO  com.alibaba.nacos.client.naming - com.alibaba.nacos.client.naming.cache.ServiceInfoHolder do shutdown stop
2025-07-25 09:11:28.874 [main] INFO  com.alibaba.nacos.client.naming - com.alibaba.nacos.client.naming.remote.NamingClientProxyDelegate do shutdown begin
2025-07-25 09:11:28.874 [main] INFO  com.alibaba.nacos.client.naming - com.alibaba.nacos.client.naming.core.ServiceInfoUpdateService do shutdown begin
2025-07-25 09:11:28.874 [main] INFO  com.alibaba.nacos.client.naming - com.alibaba.nacos.client.naming.core.ServiceInfoUpdateService do shutdown stop
2025-07-25 09:11:28.874 [main] INFO  com.alibaba.nacos.client.naming - com.alibaba.nacos.client.naming.core.ServerListManager do shutdown begin
2025-07-25 09:11:28.874 [main] WARN  com.alibaba.nacos.client.naming - [NamingHttpClientManager] Start destroying NacosRestTemplate
2025-07-25 09:11:28.874 [main] WARN  com.alibaba.nacos.client.naming - [NamingHttpClientManager] Destruction of the end
2025-07-25 09:11:28.874 [main] INFO  com.alibaba.nacos.client.naming - com.alibaba.nacos.client.naming.core.ServerListManager do shutdown stop
2025-07-25 09:11:28.874 [main] INFO  com.alibaba.nacos.client.naming - com.alibaba.nacos.client.naming.remote.http.NamingHttpClientProxy do shutdown begin
2025-07-25 09:11:28.874 [main] WARN  com.alibaba.nacos.client.naming - [NamingHttpClientManager] Start destroying NacosRestTemplate
2025-07-25 09:11:28.874 [main] WARN  com.alibaba.nacos.client.naming - [NamingHttpClientManager] Destruction of the end
2025-07-25 09:11:28.874 [main] INFO  com.alibaba.nacos.client.naming - com.alibaba.nacos.client.naming.remote.http.NamingHttpClientProxy do shutdown stop
2025-07-25 09:11:28.874 [main] INFO  com.alibaba.nacos.common.remote.client - Shutdown rpc client, set status to shutdown
2025-07-25 09:11:28.874 [main] INFO  com.alibaba.nacos.common.remote.client - Shutdown client event executor java.util.concurrent.ScheduledThreadPoolExecutor@56017274[Running, pool size = 2, active threads = 2, queued tasks = 0, completed tasks = 0]
2025-07-25 09:11:28.874 [main] INFO  c.a.nacos.common.remote.client.grpc.GrpcClient - Shutdown grpc executor java.util.concurrent.ThreadPoolExecutor@2bf0bb93[Running, pool size = 28, active threads = 0, queued tasks = 0, completed tasks = 28]
2025-07-25 09:11:28.874 [com.alibaba.nacos.client.remote.worker] INFO  com.alibaba.nacos.common.remote.client - [8ceb9221-aaa8-4cfe-82a4-5922d63f96e2] Client is shutdown, stop reconnect to server
2025-07-25 09:11:28.875 [main] INFO  com.alibaba.nacos.client.naming - Shutdown grpc redo service executor java.util.concurrent.ScheduledThreadPoolExecutor@23adbd6b[Running, pool size = 1, active threads = 0, queued tasks = 1, completed tasks = 0]
2025-07-25 09:11:28.875 [main] INFO  c.a.n.client.auth.ram.identify.CredentialWatcher - [null] CredentialWatcher is stopped
2025-07-25 09:11:28.875 [main] INFO  c.a.n.client.auth.ram.identify.CredentialService - [null] CredentialService is freed
2025-07-25 09:11:28.875 [main] INFO  com.alibaba.nacos.client.naming - com.alibaba.nacos.client.naming.remote.NamingClientProxyDelegate do shutdown stop
2025-07-25 09:11:28.898 [main] INFO  com.alibaba.druid.pool.DruidDataSource - {dataSource-1} closing ...
2025-07-25 09:11:28.903 [main] INFO  com.alibaba.druid.pool.DruidDataSource - {dataSource-1} closed
2025-07-25 09:11:28.913 [main] INFO  org.apache.catalina.core.StandardService - Stopping service [Tomcat]
2025-07-25 09:11:28.933 [main] INFO  o.s.b.a.logging.ConditionEvaluationReportLogger - 

Error starting ApplicationContext. To display the condition evaluation report re-run your application with 'debug' enabled.
2025-07-25 09:11:28.948 [com.alibaba.nacos.client.remote.worker] INFO  c.a.nacos.common.remote.client.grpc.GrpcClient - grpc client connection server:127.0.0.1 ip,serverPort:9848,grpcTslConfig:{"sslProvider":"OPENSSL","enableTls":false,"mutualAuthEnable":false,"trustAll":false}
2025-07-25 09:11:28.948 [main] ERROR org.springframework.boot.SpringApplication - Application run failed
org.springframework.context.ApplicationContextException: Failed to start bean 'webServerStartStop'
	at org.springframework.context.support.DefaultLifecycleProcessor.doStart(DefaultLifecycleProcessor.java:181)
	at org.springframework.context.support.DefaultLifecycleProcessor$LifecycleGroup.start(DefaultLifecycleProcessor.java:356)
	at java.base/java.lang.Iterable.forEach(Iterable.java:75)
	at org.springframework.context.support.DefaultLifecycleProcessor.startBeans(DefaultLifecycleProcessor.java:155)
	at org.springframework.context.support.DefaultLifecycleProcessor.onRefresh(DefaultLifecycleProcessor.java:123)
	at org.springframework.context.support.AbstractApplicationContext.finishRefresh(AbstractApplicationContext.java:932)
	at org.springframework.context.support.AbstractApplicationContext.refresh(AbstractApplicationContext.java:587)
	at org.springframework.boot.web.servlet.context.ServletWebServerApplicationContext.refresh(ServletWebServerApplicationContext.java:146)
	at org.springframework.boot.SpringApplication.refresh(SpringApplication.java:730)
	at org.springframework.boot.SpringApplication.refreshContext(SpringApplication.java:432)
	at org.springframework.boot.SpringApplication.run(SpringApplication.java:308)
	at org.springframework.boot.SpringApplication.run(SpringApplication.java:1302)
	at org.springframework.boot.SpringApplication.run(SpringApplication.java:1291)
	at com.quanxiaoha.xiaohashu.auth.XiaohashuAuthApplication.main(XiaohashuAuthApplication.java:12)
Caused by: java.lang.reflect.UndeclaredThrowableException: null
	at org.springframework.util.ReflectionUtils.rethrowRuntimeException(ReflectionUtils.java:147)
	at com.alibaba.cloud.nacos.registry.NacosServiceRegistry.register(NacosServiceRegistry.java:83)
	at org.springframework.cloud.client.serviceregistry.AbstractAutoServiceRegistration.register(AbstractAutoServiceRegistration.java:264)
	at com.alibaba.cloud.nacos.registry.NacosAutoServiceRegistration.register(NacosAutoServiceRegistration.java:78)
	at org.springframework.cloud.client.serviceregistry.AbstractAutoServiceRegistration.start(AbstractAutoServiceRegistration.java:156)
	at org.springframework.cloud.client.serviceregistry.AbstractAutoServiceRegistration.onApplicationEvent(AbstractAutoServiceRegistration.java:119)
	at org.springframework.cloud.client.serviceregistry.AbstractAutoServiceRegistration.onApplicationEvent(AbstractAutoServiceRegistration.java:49)
	at org.springframework.context.event.SimpleApplicationEventMulticaster.doInvokeListener(SimpleApplicationEventMulticaster.java:176)
	at org.springframework.context.event.SimpleApplicationEventMulticaster.invokeListener(SimpleApplicationEventMulticaster.java:169)
	at org.springframework.context.event.SimpleApplicationEventMulticaster.multicastEvent(SimpleApplicationEventMulticaster.java:143)
	at org.springframework.context.support.AbstractApplicationContext.publishEvent(AbstractApplicationContext.java:413)
	at org.springframework.context.support.AbstractApplicationContext.publishEvent(AbstractApplicationContext.java:370)
	at org.springframework.boot.web.servlet.context.WebServerStartStopLifecycle.start(WebServerStartStopLifecycle.java:47)
	at org.springframework.context.support.DefaultLifecycleProcessor.doStart(DefaultLifecycleProcessor.java:178)
	... 13 common frames omitted
Caused by: com.alibaba.nacos.api.exception.NacosException: Client not connected, current status:STARTING
	at com.alibaba.nacos.common.remote.client.RpcClient.request(RpcClient.java:643)
	at com.alibaba.nacos.common.remote.client.RpcClient.request(RpcClient.java:623)
	at com.alibaba.nacos.client.naming.remote.gprc.NamingGrpcClientProxy.requestToServer(NamingGrpcClientProxy.java:357)
	at com.alibaba.nacos.client.naming.remote.gprc.NamingGrpcClientProxy.doRegisterService(NamingGrpcClientProxy.java:210)
	at com.alibaba.nacos.client.naming.remote.gprc.NamingGrpcClientProxy.registerService(NamingGrpcClientProxy.java:124)
	at com.alibaba.nacos.client.naming.remote.NamingClientProxyDelegate.registerService(NamingClientProxyDelegate.java:98)
	at com.alibaba.nacos.client.naming.NacosNamingService.registerInstance(NacosNamingService.java:143)
	at com.alibaba.cloud.nacos.registry.NacosServiceRegistry.register(NacosServiceRegistry.java:75)
	... 25 common frames omitted
2025-07-25 09:11:28.948 [com.alibaba.nacos.client.remote.worker] ERROR c.a.nacos.common.remote.client.grpc.GrpcClient - Server check fail, please check server 127.0.0.1 ,port 9848 is available , error ={}
java.util.concurrent.ExecutionException: com.alibaba.nacos.shaded.io.grpc.StatusRuntimeException: UNAVAILABLE: io exception
	at com.alibaba.nacos.shaded.com.google.common.util.concurrent.AbstractFuture.getDoneValue(AbstractFuture.java:566)
	at com.alibaba.nacos.shaded.com.google.common.util.concurrent.AbstractFuture.get(AbstractFuture.java:445)
	at com.alibaba.nacos.common.remote.client.grpc.GrpcClient.serverCheck(GrpcClient.java:218)
	at com.alibaba.nacos.common.remote.client.grpc.GrpcClient.connectToServer(GrpcClient.java:329)
	at com.alibaba.nacos.common.remote.client.RpcClient.reconnect(RpcClient.java:502)
	at com.alibaba.nacos.common.remote.client.RpcClient.lambda$start$2(RpcClient.java:343)
	at java.base/java.util.concurrent.Executors$RunnableAdapter.call(Executors.java:539)
	at java.base/java.util.concurrent.FutureTask.run(FutureTask.java:264)
	at java.base/java.util.concurrent.ScheduledThreadPoolExecutor$ScheduledFutureTask.run(ScheduledThreadPoolExecutor.java:304)
	at java.base/java.util.concurrent.ThreadPoolExecutor.runWorker(ThreadPoolExecutor.java:1136)
	at java.base/java.util.concurrent.ThreadPoolExecutor$Worker.run(ThreadPoolExecutor.java:635)
	at java.base/java.lang.Thread.run(Thread.java:842)
Caused by: com.alibaba.nacos.shaded.io.grpc.StatusRuntimeException: UNAVAILABLE: io exception
	at com.alibaba.nacos.shaded.io.grpc.Status.asRuntimeException(Status.java:539)
	at com.alibaba.nacos.shaded.io.grpc.stub.ClientCalls$UnaryStreamToFuture.onClose(ClientCalls.java:544)
	at com.alibaba.nacos.shaded.io.grpc.internal.DelayedClientCall$DelayedListener$3.run(DelayedClientCall.java:471)
	at com.alibaba.nacos.shaded.io.grpc.internal.DelayedClientCall$DelayedListener.delayOrExecute(DelayedClientCall.java:435)
	at com.alibaba.nacos.shaded.io.grpc.internal.DelayedClientCall$DelayedListener.onClose(DelayedClientCall.java:468)
	at com.alibaba.nacos.shaded.io.grpc.internal.ClientCallImpl.closeObserver(ClientCallImpl.java:563)
	at com.alibaba.nacos.shaded.io.grpc.internal.ClientCallImpl.access$300(ClientCallImpl.java:70)
	at com.alibaba.nacos.shaded.io.grpc.internal.ClientCallImpl$ClientStreamListenerImpl$1StreamClosed.runInternal(ClientCallImpl.java:744)
	at com.alibaba.nacos.shaded.io.grpc.internal.ClientCallImpl$ClientStreamListenerImpl$1StreamClosed.runInContext(ClientCallImpl.java:723)
	at com.alibaba.nacos.shaded.io.grpc.internal.ContextRunnable.run(ContextRunnable.java:37)
	at com.alibaba.nacos.shaded.io.grpc.internal.SerializingExecutor.run(SerializingExecutor.java:133)
	... 3 common frames omitted
Caused by: com.alibaba.nacos.shaded.io.grpc.netty.shaded.io.netty.channel.AbstractChannel$AnnotatedConnectException: Connection refused: no further information: /127.0.0.1:9848
Caused by: java.net.ConnectException: Connection refused: no further information
	at java.base/sun.nio.ch.Net.pollConnect(Native Method)
	at java.base/sun.nio.ch.Net.pollConnectNow(Net.java:672)
	at java.base/sun.nio.ch.SocketChannelImpl.finishConnect(SocketChannelImpl.java:946)
	at com.alibaba.nacos.shaded.io.grpc.netty.shaded.io.netty.channel.socket.nio.NioSocketChannel.doFinishConnect(NioSocketChannel.java:337)
	at com.alibaba.nacos.shaded.io.grpc.netty.shaded.io.netty.channel.nio.AbstractNioChannel$AbstractNioUnsafe.finishConnect(AbstractNioChannel.java:334)
	at com.alibaba.nacos.shaded.io.grpc.netty.shaded.io.netty.channel.nio.NioEventLoop.processSelectedKey(NioEventLoop.java:710)
	at com.alibaba.nacos.shaded.io.grpc.netty.shaded.io.netty.channel.nio.NioEventLoop.processSelectedKeysOptimized(NioEventLoop.java:658)
	at com.alibaba.nacos.shaded.io.grpc.netty.shaded.io.netty.channel.nio.NioEventLoop.processSelectedKeys(NioEventLoop.java:584)
	at com.alibaba.nacos.shaded.io.grpc.netty.shaded.io.netty.channel.nio.NioEventLoop.run(NioEventLoop.java:496)
	at com.alibaba.nacos.shaded.io.grpc.netty.shaded.io.netty.util.concurrent.SingleThreadEventExecutor$4.run(SingleThreadEventExecutor.java:997)
	at com.alibaba.nacos.shaded.io.grpc.netty.shaded.io.netty.util.internal.ThreadExecutorMap$2.run(ThreadExecutorMap.java:74)
	at com.alibaba.nacos.shaded.io.grpc.netty.shaded.io.netty.util.concurrent.FastThreadLocalRunnable.run(FastThreadLocalRunnable.java:30)
	at java.base/java.lang.Thread.run(Thread.java:842)
2025-07-25 09:11:28.948 [com.alibaba.nacos.client.remote.worker] INFO  com.alibaba.nacos.common.remote.client - [d0eb5c95-82e3-455b-9fd4-9496dd58694a_config-0] Fail to connect server, after trying 11 times, last try server is {serverIp = '127.0.0.1', server main port = 8848}, error = unknown
2025-07-25 09:11:29.909 [Thread-2] WARN  c.alibaba.nacos.common.http.HttpClientBeanHolder - [HttpClientBeanHolder] Start destroying common HttpClient
2025-07-25 09:11:29.909 [Thread-9] WARN  com.alibaba.nacos.common.notify.NotifyCenter - [NotifyCenter] Start destroying Publisher
2025-07-25 09:11:29.909 [Thread-9] WARN  com.alibaba.nacos.common.notify.NotifyCenter - [NotifyCenter] Destruction of the end
2025-07-25 09:11:29.909 [Thread-2] WARN  c.alibaba.nacos.common.http.HttpClientBeanHolder - [HttpClientBeanHolder] Destruction of the end
2025-07-25 09:12:32.144 [main] WARN  com.alibaba.nacos.client.logging.NacosLogging - Load Logback Configuration of Nacos fail, message: Could not initialize Logback Nacos logging from classpath:nacos-logback.xml
2025-07-25 09:12:32.196 [main] WARN  com.alibaba.nacos.client.logging.NacosLogging - Load Logback Configuration of Nacos fail, message: Could not initialize Logback Nacos logging from classpath:nacos-logback.xml
2025-07-25 09:12:32.392 [main] WARN  com.alibaba.nacos.client.logging.NacosLogging - Load Logback Configuration of Nacos fail, message: Could not initialize Logback Nacos logging from classpath:nacos-logback.xml
2025-07-25 09:12:32.392 [main] INFO  com.alibaba.nacos.client.utils.ParamUtil - [settings] [req-serv] nacos-server port:8848
2025-07-25 09:12:32.392 [main] INFO  com.alibaba.nacos.client.utils.ParamUtil - [settings] [http-client] connect timeout:1000
2025-07-25 09:12:32.397 [main] INFO  com.alibaba.nacos.client.utils.ParamUtil - PER_TASK_CONFIG_SIZE: 3000.0
2025-07-25 09:12:32.423 [main] INFO  c.a.n.p.auth.spi.client.ClientAuthPluginManager - [ClientAuthPluginManager] Load ClientAuthService com.alibaba.nacos.client.auth.impl.NacosClientAuthServiceImpl success.
2025-07-25 09:12:32.423 [main] INFO  c.a.n.p.auth.spi.client.ClientAuthPluginManager - [ClientAuthPluginManager] Load ClientAuthService com.alibaba.nacos.client.auth.ram.RamClientAuthServiceImpl success.
2025-07-25 09:12:32.428 [main] INFO  c.a.n.client.auth.ram.identify.CredentialWatcher - null No credential found
2025-07-25 09:12:33.601 [main] WARN  com.alibaba.nacos.client.logging.NacosLogging - Load Logback Configuration of Nacos fail, message: Could not initialize Logback Nacos logging from classpath:nacos-logback.xml
2025-07-25 09:12:33.616 [main] INFO  c.a.n.client.config.impl.LocalConfigInfoProcessor - LOCAL_SNAPSHOT_PATH:C:\Users\50723\nacos\config
2025-07-25 09:12:33.616 [main] INFO  com.alibaba.nacos.common.remote.client - [RpcClientFactory] create a new rpc client of 9aeebbaa-1abb-4a70-a316-62cf37f580b9_config-0
2025-07-25 09:12:33.631 [main] INFO  com.alibaba.nacos.common.remote.client - [9aeebbaa-1abb-4a70-a316-62cf37f580b9_config-0] Register server push request handler:com.alibaba.nacos.client.config.impl.ClientWorker$ConfigRpcTransportClient$$Lambda$584/0x000001ec81391060
2025-07-25 09:12:33.631 [main] INFO  com.alibaba.nacos.common.remote.client - [9aeebbaa-1abb-4a70-a316-62cf37f580b9_config-0] Register server push request handler:com.alibaba.nacos.client.config.impl.ClientWorker$ConfigRpcTransportClient$$Lambda$585/0x000001ec81391480
2025-07-25 09:12:33.631 [main] INFO  com.alibaba.nacos.common.remote.client - [9aeebbaa-1abb-4a70-a316-62cf37f580b9_config-0] Registry connection listener to current client:com.alibaba.nacos.client.config.impl.ClientWorker$ConfigRpcTransportClient$1
2025-07-25 09:12:33.631 [main] INFO  com.alibaba.nacos.common.remote.client - [9aeebbaa-1abb-4a70-a316-62cf37f580b9_config-0] RpcClient init, ServerListFactory = com.alibaba.nacos.client.config.impl.ClientWorker$ConfigRpcTransportClient$2
2025-07-25 09:12:33.646 [main] INFO  com.alibaba.nacos.common.remote.client - [9aeebbaa-1abb-4a70-a316-62cf37f580b9_config-0] Try to connect to server on start up, server: {serverIp = '127.0.0.1', server main port = 8848}
2025-07-25 09:12:33.671 [main] INFO  c.a.nacos.common.remote.client.grpc.GrpcClient - grpc client connection server:127.0.0.1 ip,serverPort:9848,grpcTslConfig:{"sslProvider":"OPENSSL","enableTls":false,"mutualAuthEnable":false,"trustAll":false}
2025-07-25 09:12:34.431 [main] INFO  com.alibaba.nacos.common.remote.client - [9aeebbaa-1abb-4a70-a316-62cf37f580b9_config-0] Success to connect to server [127.0.0.1:8848] on start up, connectionId = 1753405954219_127.0.0.1_59924
2025-07-25 09:12:34.431 [com.alibaba.nacos.client.remote.worker] INFO  com.alibaba.nacos.common.remote.client - [9aeebbaa-1abb-4a70-a316-62cf37f580b9_config-0] Notify connected event to listeners.
2025-07-25 09:12:34.431 [com.alibaba.nacos.client.remote.worker] INFO  com.alibaba.nacos.client.config.impl.ClientWorker - [9aeebbaa-1abb-4a70-a316-62cf37f580b9_config-0] Connected,notify listen context...
2025-07-25 09:12:34.431 [main] INFO  com.alibaba.nacos.common.remote.client - [9aeebbaa-1abb-4a70-a316-62cf37f580b9_config-0] Register server push request handler:com.alibaba.nacos.common.remote.client.RpcClient$ConnectResetRequestHandler
2025-07-25 09:12:34.431 [main] INFO  com.alibaba.nacos.common.remote.client - [9aeebbaa-1abb-4a70-a316-62cf37f580b9_config-0] Register server push request handler:com.alibaba.nacos.common.remote.client.RpcClient$$Lambda$605/0x000001ec814d9448
2025-07-25 09:12:34.473 [main] INFO  com.alibaba.nacos.client.config.impl.Limiter - limitTime:5.0
2025-07-25 09:12:34.513 [main] INFO  com.alibaba.nacos.client.config.utils.JvmUtil - isMultiInstance:false
2025-07-25 09:12:34.523 [main] WARN  c.a.cloud.nacos.client.NacosPropertySourceBuilder - Ignore the empty nacos configuration and get it based on dataId[xiaohashu-auth.yaml] & group[DEFAULT_GROUP]
2025-07-25 09:12:34.533 [main] INFO  o.s.c.b.c.PropertySourceBootstrapConfiguration - Located property source: [BootstrapPropertySource {name='bootstrapProperties-xiaohashu-auth-dev.yaml,DEFAULT_GROUP'}, BootstrapPropertySource {name='bootstrapProperties-xiaohashu-auth.yaml,DEFAULT_GROUP'}, BootstrapPropertySource {name='bootstrapProperties-xiaohashu-auth,DEFAULT_GROUP'}]
2025-07-25 09:12:34.548 [main] WARN  com.alibaba.nacos.client.logging.NacosLogging - Load Logback Configuration of Nacos fail, message: Could not initialize Logback Nacos logging from classpath:nacos-logback.xml
2025-07-25 09:12:34.553 [main] INFO  c.q.xiaohashu.auth.XiaohashuAuthApplication - The following 1 profile is active: "dev"
2025-07-25 09:12:35.030 [main] INFO  o.s.d.r.config.RepositoryConfigurationDelegate - Multiple Spring Data modules found, entering strict repository configuration mode
2025-07-25 09:12:35.030 [main] INFO  o.s.d.r.config.RepositoryConfigurationDelegate - Bootstrapping Spring Data Redis repositories in DEFAULT mode.
2025-07-25 09:12:35.050 [main] INFO  o.s.d.r.config.RepositoryConfigurationDelegate - Finished Spring Data repository scanning in 8 ms. Found 0 Redis repository interfaces.
2025-07-25 09:12:35.145 [main] INFO  o.springframework.cloud.context.scope.GenericScope - BeanFactory id=ce825f38-1723-3926-b5a2-fd0182ae3fd6
2025-07-25 09:12:35.546 [main] INFO  o.s.boot.web.embedded.tomcat.TomcatWebServer - Tomcat initialized with port(s): 8080 (http)
2025-07-25 09:12:35.557 [main] INFO  org.apache.catalina.core.StandardService - Starting service [Tomcat]
2025-07-25 09:12:35.557 [main] INFO  org.apache.catalina.core.StandardEngine - Starting Servlet engine: [Apache Tomcat/10.1.5]
2025-07-25 09:12:35.611 [main] INFO  o.a.c.core.ContainerBase.[Tomcat].[localhost].[/] - Initializing Spring embedded WebApplicationContext
2025-07-25 09:12:35.611 [main] INFO  o.s.b.w.s.c.ServletWebServerApplicationContext - Root WebApplicationContext: initialization completed in 1048 ms
2025-07-25 09:12:35.696 [main] INFO  c.a.d.s.b.a.DruidDataSourceAutoConfigure - Init DruidDataSource
2025-07-25 09:12:35.960 [main] INFO  com.alibaba.druid.pool.DruidDataSource - {dataSource-1} inited
2025-07-25 09:12:37.659 [main] INFO  org.springframework.cloud.commons.util.InetUtils - Cannot determine local hostname
2025-07-25 09:12:38.895 [main] INFO  org.springframework.cloud.commons.util.InetUtils - Cannot determine local hostname
2025-07-25 09:12:38.950 [main] INFO  o.s.boot.web.embedded.tomcat.TomcatWebServer - Tomcat started on port(s): 8080 (http) with context path ''
2025-07-25 09:12:38.955 [main] INFO  com.alibaba.nacos.client.naming - initializer namespace from ans.namespace attribute : null
2025-07-25 09:12:38.955 [main] INFO  com.alibaba.nacos.client.naming - initializer namespace from ALIBABA_ALIWARE_NAMESPACE attribute :null
2025-07-25 09:12:38.955 [main] INFO  com.alibaba.nacos.client.naming - initializer namespace from namespace attribute :null
2025-07-25 09:12:38.960 [main] INFO  c.a.n.p.auth.spi.client.ClientAuthPluginManager - [ClientAuthPluginManager] Load ClientAuthService com.alibaba.nacos.client.auth.impl.NacosClientAuthServiceImpl success.
2025-07-25 09:12:38.960 [main] INFO  c.a.n.p.auth.spi.client.ClientAuthPluginManager - [ClientAuthPluginManager] Load ClientAuthService com.alibaba.nacos.client.auth.ram.RamClientAuthServiceImpl success.
2025-07-25 09:12:38.965 [main] INFO  com.alibaba.nacos.common.remote.client - [RpcClientFactory] create a new rpc client of b81d3fff-645a-481d-81ed-a1cc935e5beb
2025-07-25 09:12:38.965 [main] INFO  com.alibaba.nacos.common.remote.client - [b81d3fff-645a-481d-81ed-a1cc935e5beb] RpcClient init, ServerListFactory = com.alibaba.nacos.client.naming.core.ServerListManager
2025-07-25 09:12:38.965 [main] INFO  com.alibaba.nacos.common.remote.client - [b81d3fff-645a-481d-81ed-a1cc935e5beb] Registry connection listener to current client:com.alibaba.nacos.client.naming.remote.gprc.redo.NamingGrpcRedoService
2025-07-25 09:12:38.965 [main] INFO  com.alibaba.nacos.common.remote.client - [b81d3fff-645a-481d-81ed-a1cc935e5beb] Register server push request handler:com.alibaba.nacos.client.naming.remote.gprc.NamingPushRequestHandler
2025-07-25 09:12:38.965 [main] INFO  com.alibaba.nacos.common.remote.client - [b81d3fff-645a-481d-81ed-a1cc935e5beb] Try to connect to server on start up, server: {serverIp = '127.0.0.1', server main port = 8848}
2025-07-25 09:12:38.965 [main] INFO  c.a.nacos.common.remote.client.grpc.GrpcClient - grpc client connection server:127.0.0.1 ip,serverPort:9848,grpcTslConfig:{"sslProvider":"OPENSSL","enableTls":false,"mutualAuthEnable":false,"trustAll":false}
2025-07-25 09:12:39.078 [main] INFO  com.alibaba.nacos.common.remote.client - [b81d3fff-645a-481d-81ed-a1cc935e5beb] Success to connect to server [127.0.0.1:8848] on start up, connectionId = 1753405958970_127.0.0.1_59930
2025-07-25 09:12:39.078 [main] INFO  com.alibaba.nacos.common.remote.client - [b81d3fff-645a-481d-81ed-a1cc935e5beb] Register server push request handler:com.alibaba.nacos.common.remote.client.RpcClient$ConnectResetRequestHandler
2025-07-25 09:12:39.078 [main] INFO  com.alibaba.nacos.common.remote.client - [b81d3fff-645a-481d-81ed-a1cc935e5beb] Register server push request handler:com.alibaba.nacos.common.remote.client.RpcClient$$Lambda$605/0x000001ec814d9448
2025-07-25 09:12:39.078 [com.alibaba.nacos.client.remote.worker] INFO  com.alibaba.nacos.common.remote.client - [b81d3fff-645a-481d-81ed-a1cc935e5beb] Notify connected event to listeners.
2025-07-25 09:12:39.078 [com.alibaba.nacos.client.remote.worker] INFO  com.alibaba.nacos.client.naming - Grpc connection connect
2025-07-25 09:12:39.078 [main] INFO  com.alibaba.nacos.client.naming - [REGISTER-SERVICE] xiaohashu registering service xiaohashu-auth with instance Instance{instanceId='null', ip='192.168.93.1', port=8080, weight=1.0, healthy=true, enabled=true, ephemeral=true, clusterName='DEFAULT', serviceName='null', metadata={IPv6=[2409:8931:478:a5b:345c:88ad:f105:ea50], preserved.register.source=SPRING_CLOUD}}
2025-07-25 09:12:39.104 [main] INFO  c.a.cloud.nacos.registry.NacosServiceRegistry - nacos registry, DEFAULT_GROUP xiaohashu-auth 192.168.93.1:8080 register finished
2025-07-25 09:12:40.203 [main] INFO  org.springframework.cloud.commons.util.InetUtils - Cannot determine local hostname
2025-07-25 09:12:40.229 [main] INFO  c.q.xiaohashu.auth.XiaohashuAuthApplication - Started XiaohashuAuthApplication in 9.646 seconds (process running for 10.121)
2025-07-25 09:12:40.229 [main] INFO  c.q.x.auth.runner.PushRolePermissions2RedisRunner - ==> 服务启动，开始同步角色权限数据到 Redis 中...
2025-07-25 09:12:40.562 [main] WARN  c.q.x.auth.runner.PushRolePermissions2RedisRunner - ==> 角色权限数据已经同步至 Redis 中，不再同步...
2025-07-25 09:12:40.562 [main] INFO  com.alibaba.nacos.client.config.impl.CacheData - nacos.cache.data.init.snapshot = true 
2025-07-25 09:12:40.562 [main] INFO  com.alibaba.nacos.client.config.impl.ClientWorker - [fixed-xiaohashu-127.0.0.1_8848] [subscribe] xiaohashu-auth.yaml+DEFAULT_GROUP+xiaohashu
2025-07-25 09:12:40.572 [main] INFO  com.alibaba.nacos.client.config.impl.CacheData - [fixed-xiaohashu-127.0.0.1_8848] [add-listener] ok, tenant=xiaohashu, dataId=xiaohashu-auth.yaml, group=DEFAULT_GROUP, cnt=1
2025-07-25 09:12:40.572 [main] INFO  c.a.cloud.nacos.refresh.NacosContextRefresher - [Nacos Config] Listening config: dataId=xiaohashu-auth.yaml, group=DEFAULT_GROUP
2025-07-25 09:12:40.572 [main] INFO  com.alibaba.nacos.client.config.impl.ClientWorker - [fixed-xiaohashu-127.0.0.1_8848] [subscribe] xiaohashu-auth-dev.yaml+DEFAULT_GROUP+xiaohashu
2025-07-25 09:12:40.572 [main] INFO  com.alibaba.nacos.client.config.impl.CacheData - [fixed-xiaohashu-127.0.0.1_8848] [add-listener] ok, tenant=xiaohashu, dataId=xiaohashu-auth-dev.yaml, group=DEFAULT_GROUP, cnt=1
2025-07-25 09:12:40.572 [main] INFO  c.a.cloud.nacos.refresh.NacosContextRefresher - [Nacos Config] Listening config: dataId=xiaohashu-auth-dev.yaml, group=DEFAULT_GROUP
2025-07-25 09:12:40.572 [main] INFO  com.alibaba.nacos.client.config.impl.ClientWorker - [fixed-xiaohashu-127.0.0.1_8848] [subscribe] xiaohashu-auth+DEFAULT_GROUP+xiaohashu
2025-07-25 09:12:40.572 [main] INFO  com.alibaba.nacos.client.config.impl.CacheData - [fixed-xiaohashu-127.0.0.1_8848] [add-listener] ok, tenant=xiaohashu, dataId=xiaohashu-auth, group=DEFAULT_GROUP, cnt=1
2025-07-25 09:12:40.572 [main] INFO  c.a.cloud.nacos.refresh.NacosContextRefresher - [Nacos Config] Listening config: dataId=xiaohashu-auth, group=DEFAULT_GROUP
2025-07-25 09:16:57.606 [Thread-9] WARN  com.alibaba.nacos.common.notify.NotifyCenter - [NotifyCenter] Start destroying Publisher
2025-07-25 09:16:57.606 [Thread-2] WARN  c.alibaba.nacos.common.http.HttpClientBeanHolder - [HttpClientBeanHolder] Start destroying common HttpClient
2025-07-25 09:16:57.610 [Thread-9] WARN  com.alibaba.nacos.common.notify.NotifyCenter - [NotifyCenter] Destruction of the end
2025-07-25 09:16:57.610 [Thread-2] WARN  c.alibaba.nacos.common.http.HttpClientBeanHolder - [HttpClientBeanHolder] Destruction of the end
2025-07-25 09:16:57.641 [SpringApplicationShutdownHook] INFO  c.a.cloud.nacos.registry.NacosServiceRegistry - De-registering from Nacos Server now...
2025-07-25 09:16:57.641 [SpringApplicationShutdownHook] INFO  com.alibaba.nacos.client.naming - [DEREGISTER-SERVICE] xiaohashu deregistering service xiaohashu-auth with instance: Instance{instanceId='null', ip='192.168.93.1', port=8080, weight=1.0, healthy=true, enabled=true, ephemeral=true, clusterName='DEFAULT', serviceName='null', metadata={}}
2025-07-25 09:16:57.646 [SpringApplicationShutdownHook] INFO  c.a.cloud.nacos.registry.NacosServiceRegistry - De-registration finished.
2025-07-25 09:16:57.646 [SpringApplicationShutdownHook] INFO  com.alibaba.nacos.client.naming - com.alibaba.nacos.client.naming.cache.ServiceInfoHolder do shutdown begin
2025-07-25 09:16:57.646 [SpringApplicationShutdownHook] INFO  com.alibaba.nacos.client.naming - com.alibaba.nacos.client.naming.backups.FailoverReactor do shutdown begin
2025-07-25 09:16:57.646 [SpringApplicationShutdownHook] INFO  com.alibaba.nacos.client.naming - com.alibaba.nacos.client.naming.backups.FailoverReactor do shutdown stop
2025-07-25 09:16:57.646 [SpringApplicationShutdownHook] INFO  com.alibaba.nacos.client.naming - com.alibaba.nacos.client.naming.cache.ServiceInfoHolder do shutdown stop
2025-07-25 09:16:57.646 [SpringApplicationShutdownHook] INFO  com.alibaba.nacos.client.naming - com.alibaba.nacos.client.naming.remote.NamingClientProxyDelegate do shutdown begin
2025-07-25 09:16:57.646 [SpringApplicationShutdownHook] INFO  com.alibaba.nacos.client.naming - com.alibaba.nacos.client.naming.core.ServiceInfoUpdateService do shutdown begin
2025-07-25 09:16:57.646 [SpringApplicationShutdownHook] INFO  com.alibaba.nacos.client.naming - com.alibaba.nacos.client.naming.core.ServiceInfoUpdateService do shutdown stop
2025-07-25 09:16:57.646 [SpringApplicationShutdownHook] INFO  com.alibaba.nacos.client.naming - com.alibaba.nacos.client.naming.core.ServerListManager do shutdown begin
2025-07-25 09:16:57.646 [SpringApplicationShutdownHook] WARN  com.alibaba.nacos.client.naming - [NamingHttpClientManager] Start destroying NacosRestTemplate
2025-07-25 09:16:57.646 [SpringApplicationShutdownHook] WARN  com.alibaba.nacos.client.naming - [NamingHttpClientManager] Destruction of the end
2025-07-25 09:16:57.646 [SpringApplicationShutdownHook] INFO  com.alibaba.nacos.client.naming - com.alibaba.nacos.client.naming.core.ServerListManager do shutdown stop
2025-07-25 09:16:57.646 [SpringApplicationShutdownHook] INFO  com.alibaba.nacos.client.naming - com.alibaba.nacos.client.naming.remote.http.NamingHttpClientProxy do shutdown begin
2025-07-25 09:16:57.646 [SpringApplicationShutdownHook] WARN  com.alibaba.nacos.client.naming - [NamingHttpClientManager] Start destroying NacosRestTemplate
2025-07-25 09:16:57.646 [SpringApplicationShutdownHook] WARN  com.alibaba.nacos.client.naming - [NamingHttpClientManager] Destruction of the end
2025-07-25 09:16:57.646 [SpringApplicationShutdownHook] INFO  com.alibaba.nacos.client.naming - com.alibaba.nacos.client.naming.remote.http.NamingHttpClientProxy do shutdown stop
2025-07-25 09:16:57.646 [SpringApplicationShutdownHook] INFO  com.alibaba.nacos.common.remote.client - Shutdown rpc client, set status to shutdown
2025-07-25 09:16:57.646 [SpringApplicationShutdownHook] INFO  com.alibaba.nacos.common.remote.client - Shutdown client event executor java.util.concurrent.ScheduledThreadPoolExecutor@72549b09[Running, pool size = 2, active threads = 2, queued tasks = 0, completed tasks = 0]
2025-07-25 09:16:57.646 [SpringApplicationShutdownHook] INFO  com.alibaba.nacos.common.remote.client - Close current connection 1753405958970_127.0.0.1_59930
2025-07-25 09:16:57.648 [SpringApplicationShutdownHook] INFO  c.a.nacos.common.remote.client.grpc.GrpcClient - Shutdown grpc executor java.util.concurrent.ThreadPoolExecutor@54e97e86[Running, pool size = 3, active threads = 0, queued tasks = 0, completed tasks = 74]
2025-07-25 09:16:57.648 [SpringApplicationShutdownHook] INFO  com.alibaba.nacos.client.naming - Shutdown grpc redo service executor java.util.concurrent.ScheduledThreadPoolExecutor@39b1e457[Running, pool size = 1, active threads = 0, queued tasks = 1, completed tasks = 86]
2025-07-25 09:16:57.648 [SpringApplicationShutdownHook] INFO  c.a.n.client.auth.ram.identify.CredentialWatcher - [null] CredentialWatcher is stopped
2025-07-25 09:16:57.648 [SpringApplicationShutdownHook] INFO  c.a.n.client.auth.ram.identify.CredentialService - [null] CredentialService is freed
2025-07-25 09:16:57.648 [SpringApplicationShutdownHook] INFO  com.alibaba.nacos.client.naming - com.alibaba.nacos.client.naming.remote.NamingClientProxyDelegate do shutdown stop
2025-07-25 09:16:57.778 [SpringApplicationShutdownHook] INFO  com.alibaba.druid.pool.DruidDataSource - {dataSource-1} closing ...
2025-07-25 09:16:57.783 [SpringApplicationShutdownHook] INFO  com.alibaba.druid.pool.DruidDataSource - {dataSource-1} closed
2025-07-25 09:17:04.045 [main] WARN  com.alibaba.nacos.client.logging.NacosLogging - Load Logback Configuration of Nacos fail, message: Could not initialize Logback Nacos logging from classpath:nacos-logback.xml
2025-07-25 09:17:04.102 [main] WARN  com.alibaba.nacos.client.logging.NacosLogging - Load Logback Configuration of Nacos fail, message: Could not initialize Logback Nacos logging from classpath:nacos-logback.xml
2025-07-25 09:17:04.311 [main] WARN  com.alibaba.nacos.client.logging.NacosLogging - Load Logback Configuration of Nacos fail, message: Could not initialize Logback Nacos logging from classpath:nacos-logback.xml
2025-07-25 09:17:04.311 [main] INFO  com.alibaba.nacos.client.utils.ParamUtil - [settings] [req-serv] nacos-server port:8848
2025-07-25 09:17:04.311 [main] INFO  com.alibaba.nacos.client.utils.ParamUtil - [settings] [http-client] connect timeout:1000
2025-07-25 09:17:04.311 [main] INFO  com.alibaba.nacos.client.utils.ParamUtil - PER_TASK_CONFIG_SIZE: 3000.0
2025-07-25 09:17:04.340 [main] INFO  c.a.n.p.auth.spi.client.ClientAuthPluginManager - [ClientAuthPluginManager] Load ClientAuthService com.alibaba.nacos.client.auth.impl.NacosClientAuthServiceImpl success.
2025-07-25 09:17:04.345 [main] INFO  c.a.n.p.auth.spi.client.ClientAuthPluginManager - [ClientAuthPluginManager] Load ClientAuthService com.alibaba.nacos.client.auth.ram.RamClientAuthServiceImpl success.
2025-07-25 09:17:04.350 [main] INFO  c.a.n.client.auth.ram.identify.CredentialWatcher - null No credential found
2025-07-25 09:17:05.537 [main] WARN  com.alibaba.nacos.client.logging.NacosLogging - Load Logback Configuration of Nacos fail, message: Could not initialize Logback Nacos logging from classpath:nacos-logback.xml
2025-07-25 09:17:05.552 [main] INFO  c.a.n.client.config.impl.LocalConfigInfoProcessor - LOCAL_SNAPSHOT_PATH:C:\Users\50723\nacos\config
2025-07-25 09:17:05.557 [main] INFO  com.alibaba.nacos.common.remote.client - [RpcClientFactory] create a new rpc client of e1edb2fe-4337-45d3-8eb0-8f737715103d_config-0
2025-07-25 09:17:05.572 [main] INFO  com.alibaba.nacos.common.remote.client - [e1edb2fe-4337-45d3-8eb0-8f737715103d_config-0] Register server push request handler:com.alibaba.nacos.client.config.impl.ClientWorker$ConfigRpcTransportClient$$Lambda$583/0x000001c5303ccf38
2025-07-25 09:17:05.572 [main] INFO  com.alibaba.nacos.common.remote.client - [e1edb2fe-4337-45d3-8eb0-8f737715103d_config-0] Register server push request handler:com.alibaba.nacos.client.config.impl.ClientWorker$ConfigRpcTransportClient$$Lambda$584/0x000001c5303cd358
2025-07-25 09:17:05.572 [main] INFO  com.alibaba.nacos.common.remote.client - [e1edb2fe-4337-45d3-8eb0-8f737715103d_config-0] Registry connection listener to current client:com.alibaba.nacos.client.config.impl.ClientWorker$ConfigRpcTransportClient$1
2025-07-25 09:17:05.572 [main] INFO  com.alibaba.nacos.common.remote.client - [e1edb2fe-4337-45d3-8eb0-8f737715103d_config-0] RpcClient init, ServerListFactory = com.alibaba.nacos.client.config.impl.ClientWorker$ConfigRpcTransportClient$2
2025-07-25 09:17:05.582 [main] INFO  com.alibaba.nacos.common.remote.client - [e1edb2fe-4337-45d3-8eb0-8f737715103d_config-0] Try to connect to server on start up, server: {serverIp = '127.0.0.1', server main port = 8848}
2025-07-25 09:17:05.612 [main] INFO  c.a.nacos.common.remote.client.grpc.GrpcClient - grpc client connection server:127.0.0.1 ip,serverPort:9848,grpcTslConfig:{"sslProvider":"OPENSSL","enableTls":false,"mutualAuthEnable":false,"trustAll":false}
2025-07-25 09:17:06.388 [main] INFO  com.alibaba.nacos.common.remote.client - [e1edb2fe-4337-45d3-8eb0-8f737715103d_config-0] Success to connect to server [127.0.0.1:8848] on start up, connectionId = 1753406226192_127.0.0.1_59990
2025-07-25 09:17:06.388 [com.alibaba.nacos.client.remote.worker] INFO  com.alibaba.nacos.common.remote.client - [e1edb2fe-4337-45d3-8eb0-8f737715103d_config-0] Notify connected event to listeners.
2025-07-25 09:17:06.388 [com.alibaba.nacos.client.remote.worker] INFO  com.alibaba.nacos.client.config.impl.ClientWorker - [e1edb2fe-4337-45d3-8eb0-8f737715103d_config-0] Connected,notify listen context...
2025-07-25 09:17:06.388 [main] INFO  com.alibaba.nacos.common.remote.client - [e1edb2fe-4337-45d3-8eb0-8f737715103d_config-0] Register server push request handler:com.alibaba.nacos.common.remote.client.RpcClient$ConnectResetRequestHandler
2025-07-25 09:17:06.388 [main] INFO  com.alibaba.nacos.common.remote.client - [e1edb2fe-4337-45d3-8eb0-8f737715103d_config-0] Register server push request handler:com.alibaba.nacos.common.remote.client.RpcClient$$Lambda$604/0x000001c530514890
2025-07-25 09:17:06.423 [main] INFO  com.alibaba.nacos.client.config.impl.Limiter - limitTime:5.0
2025-07-25 09:17:06.438 [main] INFO  com.alibaba.nacos.client.config.utils.JvmUtil - isMultiInstance:false
2025-07-25 09:17:06.448 [main] WARN  c.a.cloud.nacos.client.NacosPropertySourceBuilder - Ignore the empty nacos configuration and get it based on dataId[xiaohashu-auth.yaml] & group[DEFAULT_GROUP]
2025-07-25 09:17:06.476 [main] INFO  o.s.c.b.c.PropertySourceBootstrapConfiguration - Located property source: [BootstrapPropertySource {name='bootstrapProperties-xiaohashu-auth-dev.yaml,DEFAULT_GROUP'}, BootstrapPropertySource {name='bootstrapProperties-xiaohashu-auth.yaml,DEFAULT_GROUP'}, BootstrapPropertySource {name='bootstrapProperties-xiaohashu-auth,DEFAULT_GROUP'}]
2025-07-25 09:17:06.496 [main] WARN  com.alibaba.nacos.client.logging.NacosLogging - Load Logback Configuration of Nacos fail, message: Could not initialize Logback Nacos logging from classpath:nacos-logback.xml
2025-07-25 09:17:06.501 [main] INFO  c.q.xiaohashu.auth.XiaohashuAuthApplication - The following 1 profile is active: "dev"
2025-07-25 09:17:07.056 [main] INFO  o.s.d.r.config.RepositoryConfigurationDelegate - Multiple Spring Data modules found, entering strict repository configuration mode
2025-07-25 09:17:07.061 [main] INFO  o.s.d.r.config.RepositoryConfigurationDelegate - Bootstrapping Spring Data Redis repositories in DEFAULT mode.
2025-07-25 09:17:07.081 [main] INFO  o.s.d.r.config.RepositoryConfigurationDelegate - Finished Spring Data repository scanning in 8 ms. Found 0 Redis repository interfaces.
2025-07-25 09:17:07.237 [main] INFO  o.springframework.cloud.context.scope.GenericScope - BeanFactory id=ce825f38-1723-3926-b5a2-fd0182ae3fd6
2025-07-25 09:17:08.089 [main] INFO  o.s.boot.web.embedded.tomcat.TomcatWebServer - Tomcat initialized with port(s): 8080 (http)
2025-07-25 09:17:08.104 [main] INFO  org.apache.catalina.core.StandardService - Starting service [Tomcat]
2025-07-25 09:17:08.104 [main] INFO  org.apache.catalina.core.StandardEngine - Starting Servlet engine: [Apache Tomcat/10.1.5]
2025-07-25 09:17:08.209 [main] INFO  o.a.c.core.ContainerBase.[Tomcat].[localhost].[/] - Initializing Spring embedded WebApplicationContext
2025-07-25 09:17:08.209 [main] INFO  o.s.b.w.s.c.ServletWebServerApplicationContext - Root WebApplicationContext: initialization completed in 1698 ms
2025-07-25 09:17:08.402 [main] INFO  c.a.d.s.b.a.DruidDataSourceAutoConfigure - Init DruidDataSource
2025-07-25 09:17:08.905 [main] INFO  com.alibaba.druid.pool.DruidDataSource - {dataSource-1} inited
2025-07-25 09:17:11.395 [main] INFO  org.springframework.cloud.commons.util.InetUtils - Cannot determine local hostname
2025-07-25 09:17:12.744 [main] INFO  org.springframework.cloud.commons.util.InetUtils - Cannot determine local hostname
2025-07-25 09:17:12.843 [main] INFO  o.s.boot.web.embedded.tomcat.TomcatWebServer - Tomcat started on port(s): 8080 (http) with context path ''
2025-07-25 09:17:12.853 [main] INFO  com.alibaba.nacos.client.naming - initializer namespace from ans.namespace attribute : null
2025-07-25 09:17:12.853 [main] INFO  com.alibaba.nacos.client.naming - initializer namespace from ALIBABA_ALIWARE_NAMESPACE attribute :null
2025-07-25 09:17:12.853 [main] INFO  com.alibaba.nacos.client.naming - initializer namespace from namespace attribute :null
2025-07-25 09:17:12.873 [main] INFO  c.a.n.p.auth.spi.client.ClientAuthPluginManager - [ClientAuthPluginManager] Load ClientAuthService com.alibaba.nacos.client.auth.impl.NacosClientAuthServiceImpl success.
2025-07-25 09:17:12.873 [main] INFO  c.a.n.p.auth.spi.client.ClientAuthPluginManager - [ClientAuthPluginManager] Load ClientAuthService com.alibaba.nacos.client.auth.ram.RamClientAuthServiceImpl success.
2025-07-25 09:17:12.878 [main] INFO  com.alibaba.nacos.common.remote.client - [RpcClientFactory] create a new rpc client of 46499a5f-b953-4300-b888-1aae92428746
2025-07-25 09:17:12.883 [main] INFO  com.alibaba.nacos.common.remote.client - [46499a5f-b953-4300-b888-1aae92428746] RpcClient init, ServerListFactory = com.alibaba.nacos.client.naming.core.ServerListManager
2025-07-25 09:17:12.883 [main] INFO  com.alibaba.nacos.common.remote.client - [46499a5f-b953-4300-b888-1aae92428746] Registry connection listener to current client:com.alibaba.nacos.client.naming.remote.gprc.redo.NamingGrpcRedoService
2025-07-25 09:17:12.883 [main] INFO  com.alibaba.nacos.common.remote.client - [46499a5f-b953-4300-b888-1aae92428746] Register server push request handler:com.alibaba.nacos.client.naming.remote.gprc.NamingPushRequestHandler
2025-07-25 09:17:12.883 [main] INFO  com.alibaba.nacos.common.remote.client - [46499a5f-b953-4300-b888-1aae92428746] Try to connect to server on start up, server: {serverIp = '127.0.0.1', server main port = 8848}
2025-07-25 09:17:12.883 [main] INFO  c.a.nacos.common.remote.client.grpc.GrpcClient - grpc client connection server:127.0.0.1 ip,serverPort:9848,grpcTslConfig:{"sslProvider":"OPENSSL","enableTls":false,"mutualAuthEnable":false,"trustAll":false}
2025-07-25 09:17:12.994 [main] INFO  com.alibaba.nacos.common.remote.client - [46499a5f-b953-4300-b888-1aae92428746] Success to connect to server [127.0.0.1:8848] on start up, connectionId = 1753406232888_127.0.0.1_59997
2025-07-25 09:17:12.994 [main] INFO  com.alibaba.nacos.common.remote.client - [46499a5f-b953-4300-b888-1aae92428746] Register server push request handler:com.alibaba.nacos.common.remote.client.RpcClient$ConnectResetRequestHandler
2025-07-25 09:17:12.994 [com.alibaba.nacos.client.remote.worker] INFO  com.alibaba.nacos.common.remote.client - [46499a5f-b953-4300-b888-1aae92428746] Notify connected event to listeners.
2025-07-25 09:17:12.994 [main] INFO  com.alibaba.nacos.common.remote.client - [46499a5f-b953-4300-b888-1aae92428746] Register server push request handler:com.alibaba.nacos.common.remote.client.RpcClient$$Lambda$604/0x000001c530514890
2025-07-25 09:17:12.994 [com.alibaba.nacos.client.remote.worker] INFO  com.alibaba.nacos.client.naming - Grpc connection connect
2025-07-25 09:17:12.994 [main] INFO  com.alibaba.nacos.client.naming - [REGISTER-SERVICE] xiaohashu registering service xiaohashu-auth with instance Instance{instanceId='null', ip='192.168.93.1', port=8080, weight=1.0, healthy=true, enabled=true, ephemeral=true, clusterName='DEFAULT', serviceName='null', metadata={IPv6=[2409:8931:478:a5b:345c:88ad:f105:ea50], preserved.register.source=SPRING_CLOUD}}
2025-07-25 09:17:13.009 [main] INFO  c.a.cloud.nacos.registry.NacosServiceRegistry - nacos registry, DEFAULT_GROUP xiaohashu-auth 192.168.93.1:8080 register finished
2025-07-25 09:17:14.103 [main] INFO  org.springframework.cloud.commons.util.InetUtils - Cannot determine local hostname
2025-07-25 09:17:14.127 [main] INFO  c.q.xiaohashu.auth.XiaohashuAuthApplication - Started XiaohashuAuthApplication in 11.662 seconds (process running for 12.785)
2025-07-25 09:17:14.127 [main] INFO  c.q.x.auth.runner.PushRolePermissions2RedisRunner - ==> 服务启动，开始同步角色权限数据到 Redis 中...
2025-07-25 09:17:14.809 [main] WARN  c.q.x.auth.runner.PushRolePermissions2RedisRunner - ==> 角色权限数据已经同步至 Redis 中，不再同步...
2025-07-25 09:17:14.814 [main] INFO  com.alibaba.nacos.client.config.impl.CacheData - nacos.cache.data.init.snapshot = true 
2025-07-25 09:17:14.814 [main] INFO  com.alibaba.nacos.client.config.impl.ClientWorker - [fixed-xiaohashu-127.0.0.1_8848] [subscribe] xiaohashu-auth.yaml+DEFAULT_GROUP+xiaohashu
2025-07-25 09:17:14.829 [main] INFO  com.alibaba.nacos.client.config.impl.CacheData - [fixed-xiaohashu-127.0.0.1_8848] [add-listener] ok, tenant=xiaohashu, dataId=xiaohashu-auth.yaml, group=DEFAULT_GROUP, cnt=1
2025-07-25 09:17:14.829 [main] INFO  c.a.cloud.nacos.refresh.NacosContextRefresher - [Nacos Config] Listening config: dataId=xiaohashu-auth.yaml, group=DEFAULT_GROUP
2025-07-25 09:17:14.834 [main] INFO  com.alibaba.nacos.client.config.impl.ClientWorker - [fixed-xiaohashu-127.0.0.1_8848] [subscribe] xiaohashu-auth-dev.yaml+DEFAULT_GROUP+xiaohashu
2025-07-25 09:17:14.834 [main] INFO  com.alibaba.nacos.client.config.impl.CacheData - [fixed-xiaohashu-127.0.0.1_8848] [add-listener] ok, tenant=xiaohashu, dataId=xiaohashu-auth-dev.yaml, group=DEFAULT_GROUP, cnt=1
2025-07-25 09:17:14.834 [main] INFO  c.a.cloud.nacos.refresh.NacosContextRefresher - [Nacos Config] Listening config: dataId=xiaohashu-auth-dev.yaml, group=DEFAULT_GROUP
2025-07-25 09:17:14.834 [main] INFO  com.alibaba.nacos.client.config.impl.ClientWorker - [fixed-xiaohashu-127.0.0.1_8848] [subscribe] xiaohashu-auth+DEFAULT_GROUP+xiaohashu
2025-07-25 09:17:14.834 [main] INFO  com.alibaba.nacos.client.config.impl.CacheData - [fixed-xiaohashu-127.0.0.1_8848] [add-listener] ok, tenant=xiaohashu, dataId=xiaohashu-auth, group=DEFAULT_GROUP, cnt=1
2025-07-25 09:17:14.834 [main] INFO  c.a.cloud.nacos.refresh.NacosContextRefresher - [Nacos Config] Listening config: dataId=xiaohashu-auth, group=DEFAULT_GROUP
2025-07-25 09:18:09.679 [http-nio-8080-exec-2] INFO  o.a.c.core.ContainerBase.[Tomcat].[localhost].[/] - Initializing Spring DispatcherServlet 'dispatcherServlet'
2025-07-25 09:18:09.679 [http-nio-8080-exec-2] INFO  org.springframework.web.servlet.DispatcherServlet - Initializing Servlet 'dispatcherServlet'
2025-07-25 09:18:09.680 [http-nio-8080-exec-2] INFO  org.springframework.web.servlet.DispatcherServlet - Completed initialization in 1 ms
2025-07-25 09:18:09.776 [http-nio-8080-exec-2] ERROR c.q.x.auth.exception.GlobalExceptionHandler - /user/login request error, 
org.springframework.http.converter.HttpMessageNotReadableException: Required request body is missing: public com.quanxiaoha.framework.common.response.Response<java.lang.String> com.quanxiaoha.xiaohashu.auth.controller.UserController.login(com.quanxiaoha.xiaohashu.auth.model.UserVO)
	at org.springframework.web.servlet.mvc.method.annotation.RequestResponseBodyMethodProcessor.readWithMessageConverters(RequestResponseBodyMethodProcessor.java:166)
	at org.springframework.web.servlet.mvc.method.annotation.RequestResponseBodyMethodProcessor.resolveArgument(RequestResponseBodyMethodProcessor.java:136)
	at org.springframework.web.method.support.HandlerMethodArgumentResolverComposite.resolveArgument(HandlerMethodArgumentResolverComposite.java:122)
	at org.springframework.web.method.support.InvocableHandlerMethod.getMethodArgumentValues(InvocableHandlerMethod.java:181)
	at org.springframework.web.method.support.InvocableHandlerMethod.invokeForRequest(InvocableHandlerMethod.java:148)
	at org.springframework.web.servlet.mvc.method.annotation.ServletInvocableHandlerMethod.invokeAndHandle(ServletInvocableHandlerMethod.java:117)
	at org.springframework.web.servlet.mvc.method.annotation.RequestMappingHandlerAdapter.invokeHandlerMethod(RequestMappingHandlerAdapter.java:884)
	at org.springframework.web.servlet.mvc.method.annotation.RequestMappingHandlerAdapter.handleInternal(RequestMappingHandlerAdapter.java:797)
	at org.springframework.web.servlet.mvc.method.AbstractHandlerMethodAdapter.handle(AbstractHandlerMethodAdapter.java:87)
	at org.springframework.web.servlet.DispatcherServlet.doDispatch(DispatcherServlet.java:1080)
	at org.springframework.web.servlet.DispatcherServlet.doService(DispatcherServlet.java:973)
	at org.springframework.web.servlet.FrameworkServlet.processRequest(FrameworkServlet.java:1011)
	at org.springframework.web.servlet.FrameworkServlet.doPost(FrameworkServlet.java:914)
	at jakarta.servlet.http.HttpServlet.service(HttpServlet.java:731)
	at org.springframework.web.servlet.FrameworkServlet.service(FrameworkServlet.java:885)
	at jakarta.servlet.http.HttpServlet.service(HttpServlet.java:814)
	at org.apache.catalina.core.ApplicationFilterChain.internalDoFilter(ApplicationFilterChain.java:223)
	at org.apache.catalina.core.ApplicationFilterChain.doFilter(ApplicationFilterChain.java:158)
	at org.apache.tomcat.websocket.server.WsFilter.doFilter(WsFilter.java:53)
	at org.apache.catalina.core.ApplicationFilterChain.internalDoFilter(ApplicationFilterChain.java:185)
	at org.apache.catalina.core.ApplicationFilterChain.doFilter(ApplicationFilterChain.java:158)
	at com.alibaba.druid.support.jakarta.WebStatFilter.doFilter(WebStatFilter.java:113)
	at org.apache.catalina.core.ApplicationFilterChain.internalDoFilter(ApplicationFilterChain.java:185)
	at org.apache.catalina.core.ApplicationFilterChain.doFilter(ApplicationFilterChain.java:158)
	at org.springframework.web.filter.RequestContextFilter.doFilterInternal(RequestContextFilter.java:100)
	at org.springframework.web.filter.OncePerRequestFilter.doFilter(OncePerRequestFilter.java:116)
	at org.apache.catalina.core.ApplicationFilterChain.internalDoFilter(ApplicationFilterChain.java:185)
	at org.apache.catalina.core.ApplicationFilterChain.doFilter(ApplicationFilterChain.java:158)
	at cn.dev33.satoken.filter.SaPathCheckFilterForJakartaServlet.doFilter(SaPathCheckFilterForJakartaServlet.java:55)
	at org.apache.catalina.core.ApplicationFilterChain.internalDoFilter(ApplicationFilterChain.java:185)
	at org.apache.catalina.core.ApplicationFilterChain.doFilter(ApplicationFilterChain.java:158)
	at org.springframework.web.filter.FormContentFilter.doFilterInternal(FormContentFilter.java:93)
	at org.springframework.web.filter.OncePerRequestFilter.doFilter(OncePerRequestFilter.java:116)
	at org.apache.catalina.core.ApplicationFilterChain.internalDoFilter(ApplicationFilterChain.java:185)
	at org.apache.catalina.core.ApplicationFilterChain.doFilter(ApplicationFilterChain.java:158)
	at org.springframework.web.filter.CharacterEncodingFilter.doFilterInternal(CharacterEncodingFilter.java:201)
	at org.springframework.web.filter.OncePerRequestFilter.doFilter(OncePerRequestFilter.java:116)
	at org.apache.catalina.core.ApplicationFilterChain.internalDoFilter(ApplicationFilterChain.java:185)
	at org.apache.catalina.core.ApplicationFilterChain.doFilter(ApplicationFilterChain.java:158)
	at org.apache.catalina.core.StandardWrapperValve.invoke(StandardWrapperValve.java:177)
	at org.apache.catalina.core.StandardContextValve.invoke(StandardContextValve.java:97)
	at org.apache.catalina.authenticator.AuthenticatorBase.invoke(AuthenticatorBase.java:542)
	at org.apache.catalina.core.StandardHostValve.invoke(StandardHostValve.java:119)
	at org.apache.catalina.valves.ErrorReportValve.invoke(ErrorReportValve.java:92)
	at org.apache.catalina.core.StandardEngineValve.invoke(StandardEngineValve.java:78)
	at org.apache.catalina.connector.CoyoteAdapter.service(CoyoteAdapter.java:357)
	at org.apache.coyote.http11.Http11Processor.service(Http11Processor.java:400)
	at org.apache.coyote.AbstractProcessorLight.process(AbstractProcessorLight.java:65)
	at org.apache.coyote.AbstractProtocol$ConnectionHandler.process(AbstractProtocol.java:859)
	at org.apache.tomcat.util.net.NioEndpoint$SocketProcessor.doRun(NioEndpoint.java:1734)
	at org.apache.tomcat.util.net.SocketProcessorBase.run(SocketProcessorBase.java:52)
	at org.apache.tomcat.util.threads.ThreadPoolExecutor.runWorker(ThreadPoolExecutor.java:1191)
	at org.apache.tomcat.util.threads.ThreadPoolExecutor$Worker.run(ThreadPoolExecutor.java:659)
	at org.apache.tomcat.util.threads.TaskThread$WrappingRunnable.run(TaskThread.java:61)
	at java.base/java.lang.Thread.run(Thread.java:842)
2025-07-25 09:18:45.865 [http-nio-8080-exec-4] ERROR c.q.x.auth.exception.GlobalExceptionHandler - /user/login request error, 
org.springframework.http.converter.HttpMessageNotReadableException: Required request body is missing: public com.quanxiaoha.framework.common.response.Response<java.lang.String> com.quanxiaoha.xiaohashu.auth.controller.UserController.login(com.quanxiaoha.xiaohashu.auth.model.UserVO)
	at org.springframework.web.servlet.mvc.method.annotation.RequestResponseBodyMethodProcessor.readWithMessageConverters(RequestResponseBodyMethodProcessor.java:166)
	at org.springframework.web.servlet.mvc.method.annotation.RequestResponseBodyMethodProcessor.resolveArgument(RequestResponseBodyMethodProcessor.java:136)
	at org.springframework.web.method.support.HandlerMethodArgumentResolverComposite.resolveArgument(HandlerMethodArgumentResolverComposite.java:122)
	at org.springframework.web.method.support.InvocableHandlerMethod.getMethodArgumentValues(InvocableHandlerMethod.java:181)
	at org.springframework.web.method.support.InvocableHandlerMethod.invokeForRequest(InvocableHandlerMethod.java:148)
	at org.springframework.web.servlet.mvc.method.annotation.ServletInvocableHandlerMethod.invokeAndHandle(ServletInvocableHandlerMethod.java:117)
	at org.springframework.web.servlet.mvc.method.annotation.RequestMappingHandlerAdapter.invokeHandlerMethod(RequestMappingHandlerAdapter.java:884)
	at org.springframework.web.servlet.mvc.method.annotation.RequestMappingHandlerAdapter.handleInternal(RequestMappingHandlerAdapter.java:797)
	at org.springframework.web.servlet.mvc.method.AbstractHandlerMethodAdapter.handle(AbstractHandlerMethodAdapter.java:87)
	at org.springframework.web.servlet.DispatcherServlet.doDispatch(DispatcherServlet.java:1080)
	at org.springframework.web.servlet.DispatcherServlet.doService(DispatcherServlet.java:973)
	at org.springframework.web.servlet.FrameworkServlet.processRequest(FrameworkServlet.java:1011)
	at org.springframework.web.servlet.FrameworkServlet.doPost(FrameworkServlet.java:914)
	at jakarta.servlet.http.HttpServlet.service(HttpServlet.java:731)
	at org.springframework.web.servlet.FrameworkServlet.service(FrameworkServlet.java:885)
	at jakarta.servlet.http.HttpServlet.service(HttpServlet.java:814)
	at org.apache.catalina.core.ApplicationFilterChain.internalDoFilter(ApplicationFilterChain.java:223)
	at org.apache.catalina.core.ApplicationFilterChain.doFilter(ApplicationFilterChain.java:158)
	at org.apache.tomcat.websocket.server.WsFilter.doFilter(WsFilter.java:53)
	at org.apache.catalina.core.ApplicationFilterChain.internalDoFilter(ApplicationFilterChain.java:185)
	at org.apache.catalina.core.ApplicationFilterChain.doFilter(ApplicationFilterChain.java:158)
	at com.alibaba.druid.support.jakarta.WebStatFilter.doFilter(WebStatFilter.java:113)
	at org.apache.catalina.core.ApplicationFilterChain.internalDoFilter(ApplicationFilterChain.java:185)
	at org.apache.catalina.core.ApplicationFilterChain.doFilter(ApplicationFilterChain.java:158)
	at org.springframework.web.filter.RequestContextFilter.doFilterInternal(RequestContextFilter.java:100)
	at org.springframework.web.filter.OncePerRequestFilter.doFilter(OncePerRequestFilter.java:116)
	at org.apache.catalina.core.ApplicationFilterChain.internalDoFilter(ApplicationFilterChain.java:185)
	at org.apache.catalina.core.ApplicationFilterChain.doFilter(ApplicationFilterChain.java:158)
	at cn.dev33.satoken.filter.SaPathCheckFilterForJakartaServlet.doFilter(SaPathCheckFilterForJakartaServlet.java:55)
	at org.apache.catalina.core.ApplicationFilterChain.internalDoFilter(ApplicationFilterChain.java:185)
	at org.apache.catalina.core.ApplicationFilterChain.doFilter(ApplicationFilterChain.java:158)
	at org.springframework.web.filter.FormContentFilter.doFilterInternal(FormContentFilter.java:93)
	at org.springframework.web.filter.OncePerRequestFilter.doFilter(OncePerRequestFilter.java:116)
	at org.apache.catalina.core.ApplicationFilterChain.internalDoFilter(ApplicationFilterChain.java:185)
	at org.apache.catalina.core.ApplicationFilterChain.doFilter(ApplicationFilterChain.java:158)
	at org.springframework.web.filter.CharacterEncodingFilter.doFilterInternal(CharacterEncodingFilter.java:201)
	at org.springframework.web.filter.OncePerRequestFilter.doFilter(OncePerRequestFilter.java:116)
	at org.apache.catalina.core.ApplicationFilterChain.internalDoFilter(ApplicationFilterChain.java:185)
	at org.apache.catalina.core.ApplicationFilterChain.doFilter(ApplicationFilterChain.java:158)
	at org.apache.catalina.core.StandardWrapperValve.invoke(StandardWrapperValve.java:177)
	at org.apache.catalina.core.StandardContextValve.invoke(StandardContextValve.java:97)
	at org.apache.catalina.authenticator.AuthenticatorBase.invoke(AuthenticatorBase.java:542)
	at org.apache.catalina.core.StandardHostValve.invoke(StandardHostValve.java:119)
	at org.apache.catalina.valves.ErrorReportValve.invoke(ErrorReportValve.java:92)
	at org.apache.catalina.core.StandardEngineValve.invoke(StandardEngineValve.java:78)
	at org.apache.catalina.connector.CoyoteAdapter.service(CoyoteAdapter.java:357)
	at org.apache.coyote.http11.Http11Processor.service(Http11Processor.java:400)
	at org.apache.coyote.AbstractProcessorLight.process(AbstractProcessorLight.java:65)
	at org.apache.coyote.AbstractProtocol$ConnectionHandler.process(AbstractProtocol.java:859)
	at org.apache.tomcat.util.net.NioEndpoint$SocketProcessor.doRun(NioEndpoint.java:1734)
	at org.apache.tomcat.util.net.SocketProcessorBase.run(SocketProcessorBase.java:52)
	at org.apache.tomcat.util.threads.ThreadPoolExecutor.runWorker(ThreadPoolExecutor.java:1191)
	at org.apache.tomcat.util.threads.ThreadPoolExecutor$Worker.run(ThreadPoolExecutor.java:659)
	at org.apache.tomcat.util.threads.TaskThread$WrappingRunnable.run(TaskThread.java:61)
	at java.base/java.lang.Thread.run(Thread.java:842)
2025-07-25 09:21:14.183 [http-nio-8080-exec-8] DEBUG c.q.x.a.domain.mapper.UserDOMapper.selectByPhone - ==>  Preparing: select id,password,phone,status from t_user where phone=?
2025-07-25 09:21:14.897 [http-nio-8080-exec-8] DEBUG c.q.x.a.domain.mapper.UserDOMapper.selectByPhone - ==> Parameters: 12345678900(String)
2025-07-25 09:21:15.049 [http-nio-8080-exec-8] DEBUG c.q.x.a.domain.mapper.UserDOMapper.selectByPhone - <==      Total: 0
2025-07-25 09:22:18.604 [http-nio-8080-exec-8] ERROR c.q.x.auth.exception.GlobalExceptionHandler - /user/register request error, 
java.lang.NullPointerException: Cannot invoke "java.lang.Integer.intValue()" because the return value of "com.quanxiaoha.xiaohashu.auth.model.RegisterVO.getRegisterType()" is null
	at com.quanxiaoha.xiaohashu.auth.service.Impl.UserServiceImpl.register(UserServiceImpl.java:90)
	at com.quanxiaoha.xiaohashu.auth.controller.UserController.register(UserController.java:25)
	at java.base/jdk.internal.reflect.NativeMethodAccessorImpl.invoke0(Native Method)
	at java.base/jdk.internal.reflect.NativeMethodAccessorImpl.invoke(NativeMethodAccessorImpl.java:77)
	at java.base/jdk.internal.reflect.DelegatingMethodAccessorImpl.invoke(DelegatingMethodAccessorImpl.java:43)
	at java.base/java.lang.reflect.Method.invoke(Method.java:568)
	at org.springframework.aop.support.AopUtils.invokeJoinpointUsingReflection(AopUtils.java:343)
	at org.springframework.aop.framework.ReflectiveMethodInvocation.invokeJoinpoint(ReflectiveMethodInvocation.java:196)
	at org.springframework.aop.framework.ReflectiveMethodInvocation.proceed(ReflectiveMethodInvocation.java:163)
	at org.springframework.aop.framework.CglibAopProxy$CglibMethodInvocation.proceed(CglibAopProxy.java:752)
	at org.springframework.aop.interceptor.ExposeInvocationInterceptor.invoke(ExposeInvocationInterceptor.java:97)
	at org.springframework.aop.framework.ReflectiveMethodInvocation.proceed(ReflectiveMethodInvocation.java:184)
	at org.springframework.aop.framework.CglibAopProxy$CglibMethodInvocation.proceed(CglibAopProxy.java:752)
	at org.springframework.aop.framework.CglibAopProxy$DynamicAdvisedInterceptor.intercept(CglibAopProxy.java:703)
	at com.quanxiaoha.xiaohashu.auth.controller.UserController$$SpringCGLIB$$0.register(<generated>)
	at java.base/jdk.internal.reflect.NativeMethodAccessorImpl.invoke0(Native Method)
	at java.base/jdk.internal.reflect.NativeMethodAccessorImpl.invoke(NativeMethodAccessorImpl.java:77)
	at java.base/jdk.internal.reflect.DelegatingMethodAccessorImpl.invoke(DelegatingMethodAccessorImpl.java:43)
	at java.base/java.lang.reflect.Method.invoke(Method.java:568)
	at org.springframework.web.method.support.InvocableHandlerMethod.doInvoke(InvocableHandlerMethod.java:207)
	at org.springframework.web.method.support.InvocableHandlerMethod.invokeForRequest(InvocableHandlerMethod.java:152)
	at org.springframework.web.servlet.mvc.method.annotation.ServletInvocableHandlerMethod.invokeAndHandle(ServletInvocableHandlerMethod.java:117)
	at org.springframework.web.servlet.mvc.method.annotation.RequestMappingHandlerAdapter.invokeHandlerMethod(RequestMappingHandlerAdapter.java:884)
	at org.springframework.web.servlet.mvc.method.annotation.RequestMappingHandlerAdapter.handleInternal(RequestMappingHandlerAdapter.java:797)
	at org.springframework.web.servlet.mvc.method.AbstractHandlerMethodAdapter.handle(AbstractHandlerMethodAdapter.java:87)
	at org.springframework.web.servlet.DispatcherServlet.doDispatch(DispatcherServlet.java:1080)
	at org.springframework.web.servlet.DispatcherServlet.doService(DispatcherServlet.java:973)
	at org.springframework.web.servlet.FrameworkServlet.processRequest(FrameworkServlet.java:1011)
	at org.springframework.web.servlet.FrameworkServlet.doPost(FrameworkServlet.java:914)
	at jakarta.servlet.http.HttpServlet.service(HttpServlet.java:731)
	at org.springframework.web.servlet.FrameworkServlet.service(FrameworkServlet.java:885)
	at jakarta.servlet.http.HttpServlet.service(HttpServlet.java:814)
	at org.apache.catalina.core.ApplicationFilterChain.internalDoFilter(ApplicationFilterChain.java:223)
	at org.apache.catalina.core.ApplicationFilterChain.doFilter(ApplicationFilterChain.java:158)
	at org.apache.tomcat.websocket.server.WsFilter.doFilter(WsFilter.java:53)
	at org.apache.catalina.core.ApplicationFilterChain.internalDoFilter(ApplicationFilterChain.java:185)
	at org.apache.catalina.core.ApplicationFilterChain.doFilter(ApplicationFilterChain.java:158)
	at com.alibaba.druid.support.jakarta.WebStatFilter.doFilter(WebStatFilter.java:113)
	at org.apache.catalina.core.ApplicationFilterChain.internalDoFilter(ApplicationFilterChain.java:185)
	at org.apache.catalina.core.ApplicationFilterChain.doFilter(ApplicationFilterChain.java:158)
	at org.springframework.web.filter.RequestContextFilter.doFilterInternal(RequestContextFilter.java:100)
	at org.springframework.web.filter.OncePerRequestFilter.doFilter(OncePerRequestFilter.java:116)
	at org.apache.catalina.core.ApplicationFilterChain.internalDoFilter(ApplicationFilterChain.java:185)
	at org.apache.catalina.core.ApplicationFilterChain.doFilter(ApplicationFilterChain.java:158)
	at cn.dev33.satoken.filter.SaPathCheckFilterForJakartaServlet.doFilter(SaPathCheckFilterForJakartaServlet.java:55)
	at org.apache.catalina.core.ApplicationFilterChain.internalDoFilter(ApplicationFilterChain.java:185)
	at org.apache.catalina.core.ApplicationFilterChain.doFilter(ApplicationFilterChain.java:158)
	at org.springframework.web.filter.FormContentFilter.doFilterInternal(FormContentFilter.java:93)
	at org.springframework.web.filter.OncePerRequestFilter.doFilter(OncePerRequestFilter.java:116)
	at org.apache.catalina.core.ApplicationFilterChain.internalDoFilter(ApplicationFilterChain.java:185)
	at org.apache.catalina.core.ApplicationFilterChain.doFilter(ApplicationFilterChain.java:158)
	at org.springframework.web.filter.CharacterEncodingFilter.doFilterInternal(CharacterEncodingFilter.java:201)
	at org.springframework.web.filter.OncePerRequestFilter.doFilter(OncePerRequestFilter.java:116)
	at org.apache.catalina.core.ApplicationFilterChain.internalDoFilter(ApplicationFilterChain.java:185)
	at org.apache.catalina.core.ApplicationFilterChain.doFilter(ApplicationFilterChain.java:158)
	at org.apache.catalina.core.StandardWrapperValve.invoke(StandardWrapperValve.java:177)
	at org.apache.catalina.core.StandardContextValve.invoke(StandardContextValve.java:97)
	at org.apache.catalina.authenticator.AuthenticatorBase.invoke(AuthenticatorBase.java:542)
	at org.apache.catalina.core.StandardHostValve.invoke(StandardHostValve.java:119)
	at org.apache.catalina.valves.ErrorReportValve.invoke(ErrorReportValve.java:92)
	at org.apache.catalina.core.StandardEngineValve.invoke(StandardEngineValve.java:78)
	at org.apache.catalina.connector.CoyoteAdapter.service(CoyoteAdapter.java:357)
	at org.apache.coyote.http11.Http11Processor.service(Http11Processor.java:400)
	at org.apache.coyote.AbstractProcessorLight.process(AbstractProcessorLight.java:65)
	at org.apache.coyote.AbstractProtocol$ConnectionHandler.process(AbstractProtocol.java:859)
	at org.apache.tomcat.util.net.NioEndpoint$SocketProcessor.doRun(NioEndpoint.java:1734)
	at org.apache.tomcat.util.net.SocketProcessorBase.run(SocketProcessorBase.java:52)
	at org.apache.tomcat.util.threads.ThreadPoolExecutor.runWorker(ThreadPoolExecutor.java:1191)
	at org.apache.tomcat.util.threads.ThreadPoolExecutor$Worker.run(ThreadPoolExecutor.java:659)
	at org.apache.tomcat.util.threads.TaskThread$WrappingRunnable.run(TaskThread.java:61)
	at java.base/java.lang.Thread.run(Thread.java:842)
2025-07-25 09:22:18.628 [com.alibaba.nacos.client.remote.worker] INFO  com.alibaba.nacos.common.remote.client - [e1edb2fe-4337-45d3-8eb0-8f737715103d_config-0] Server healthy check fail, currentConnection = 1753406226192_127.0.0.1_59990
2025-07-25 09:22:18.628 [com.alibaba.nacos.client.Worker] ERROR com.alibaba.nacos.common.remote.client - Connection is unregistered, switch server, connectionId = 1753406226192_127.0.0.1_59990, request = ConfigBatchListenRequest
2025-07-25 09:22:18.628 [com.alibaba.nacos.client.remote.worker] INFO  com.alibaba.nacos.common.remote.client - [46499a5f-b953-4300-b888-1aae92428746] Server healthy check fail, currentConnection = 1753406232888_127.0.0.1_59997
2025-07-25 09:22:18.629 [com.alibaba.nacos.client.remote.worker] INFO  com.alibaba.nacos.common.remote.client - [46499a5f-b953-4300-b888-1aae92428746] Try to reconnect to a new server, server is  not appointed, will choose a random server.
2025-07-25 09:22:18.629 [com.alibaba.nacos.client.remote.worker] INFO  com.alibaba.nacos.common.remote.client - [e1edb2fe-4337-45d3-8eb0-8f737715103d_config-0] Try to reconnect to a new server, server is  not appointed, will choose a random server.
2025-07-25 09:22:18.630 [com.alibaba.nacos.client.remote.worker] INFO  c.a.nacos.common.remote.client.grpc.GrpcClient - grpc client connection server:127.0.0.1 ip,serverPort:9848,grpcTslConfig:{"sslProvider":"OPENSSL","enableTls":false,"mutualAuthEnable":false,"trustAll":false}
2025-07-25 09:22:18.630 [com.alibaba.nacos.client.remote.worker] INFO  c.a.nacos.common.remote.client.grpc.GrpcClient - grpc client connection server:127.0.0.1 ip,serverPort:9848,grpcTslConfig:{"sslProvider":"OPENSSL","enableTls":false,"mutualAuthEnable":false,"trustAll":false}
2025-07-25 09:22:18.640 [nacos-grpc-client-executor-127.0.0.1-65] INFO  com.alibaba.nacos.common.remote.client - [e1edb2fe-4337-45d3-8eb0-8f737715103d_config-0] Receive server push request, request = ClientDetectionRequest, requestId = 2
2025-07-25 09:22:18.640 [nacos-grpc-client-executor-127.0.0.1-55] INFO  com.alibaba.nacos.common.remote.client - [46499a5f-b953-4300-b888-1aae92428746] Receive server push request, request = ClientDetectionRequest, requestId = 3
2025-07-25 09:22:18.640 [nacos-grpc-client-executor-127.0.0.1-65] INFO  com.alibaba.nacos.common.remote.client - [e1edb2fe-4337-45d3-8eb0-8f737715103d_config-0] Ack server push request, request = ClientDetectionRequest, requestId = 2
2025-07-25 09:22:18.640 [nacos-grpc-client-executor-127.0.0.1-55] INFO  com.alibaba.nacos.common.remote.client - [46499a5f-b953-4300-b888-1aae92428746] Ack server push request, request = ClientDetectionRequest, requestId = 3
2025-07-25 09:22:18.641 [nacos-grpc-client-executor-127.0.0.1-55] INFO  c.a.nacos.common.remote.client.grpc.GrpcClient - [1753406232888_127.0.0.1_59997]Ignore complete event,isRunning:false,isAbandon=false
2025-07-25 09:22:18.641 [nacos-grpc-client-executor-127.0.0.1-65] INFO  c.a.nacos.common.remote.client.grpc.GrpcClient - [1753406226192_127.0.0.1_59990]Ignore complete event,isRunning:false,isAbandon=false
2025-07-25 09:22:18.730 [com.alibaba.nacos.client.Worker] ERROR com.alibaba.nacos.common.remote.client - Send request fail, request = ConfigBatchListenRequest{headers={charset=UTF-8, Client-AppName=unknown, Client-RequestToken=d065c0342f13002b0ccdaa0ba8d2aab6, Client-RequestTS=1753406538602, exConfigInfo=true}, requestId='null'}, retryTimes = 0, errorMessage = Connection is unregistered.
2025-07-25 09:22:18.740 [com.alibaba.nacos.client.remote.worker] INFO  com.alibaba.nacos.common.remote.client - [e1edb2fe-4337-45d3-8eb0-8f737715103d_config-0] Success to connect a server [127.0.0.1:8848], connectionId = 1753406538635_127.0.0.1_60131
2025-07-25 09:22:18.740 [com.alibaba.nacos.client.remote.worker] INFO  com.alibaba.nacos.common.remote.client - [46499a5f-b953-4300-b888-1aae92428746] Success to connect a server [127.0.0.1:8848], connectionId = 1753406538634_127.0.0.1_60132
2025-07-25 09:22:18.740 [com.alibaba.nacos.client.remote.worker] INFO  com.alibaba.nacos.common.remote.client - [e1edb2fe-4337-45d3-8eb0-8f737715103d_config-0] Abandon prev connection, server is 127.0.0.1:8848, connectionId is 1753406226192_127.0.0.1_59990
2025-07-25 09:22:18.740 [com.alibaba.nacos.client.remote.worker] INFO  com.alibaba.nacos.common.remote.client - [46499a5f-b953-4300-b888-1aae92428746] Abandon prev connection, server is 127.0.0.1:8848, connectionId is 1753406232888_127.0.0.1_59997
2025-07-25 09:22:18.740 [com.alibaba.nacos.client.remote.worker] INFO  com.alibaba.nacos.common.remote.client - Close current connection 1753406232888_127.0.0.1_59997
2025-07-25 09:22:18.740 [com.alibaba.nacos.client.remote.worker] INFO  com.alibaba.nacos.common.remote.client - Close current connection 1753406226192_127.0.0.1_59990
2025-07-25 09:22:18.747 [com.alibaba.nacos.client.remote.worker] INFO  com.alibaba.nacos.common.remote.client - [e1edb2fe-4337-45d3-8eb0-8f737715103d_config-0] Notify disconnected event to listeners
2025-07-25 09:22:18.747 [com.alibaba.nacos.client.remote.worker] INFO  com.alibaba.nacos.common.remote.client - [46499a5f-b953-4300-b888-1aae92428746] Notify disconnected event to listeners
2025-07-25 09:22:18.747 [com.alibaba.nacos.client.remote.worker] INFO  com.alibaba.nacos.common.remote.client - [e1edb2fe-4337-45d3-8eb0-8f737715103d_config-0] Try to reconnect to a new server, server is  not appointed, will choose a random server.
2025-07-25 09:22:18.747 [com.alibaba.nacos.client.remote.worker] INFO  com.alibaba.nacos.client.config.impl.ClientWorker - [e1edb2fe-4337-45d3-8eb0-8f737715103d_config-0] DisConnected,clear listen context...
2025-07-25 09:22:18.747 [com.alibaba.nacos.client.remote.worker] WARN  com.alibaba.nacos.client.naming - Grpc connection disconnect, mark to redo
2025-07-25 09:22:18.747 [com.alibaba.nacos.client.remote.worker] INFO  com.alibaba.nacos.common.remote.client - [e1edb2fe-4337-45d3-8eb0-8f737715103d_config-0] Notify connected event to listeners.
2025-07-25 09:22:18.747 [com.alibaba.nacos.client.remote.worker] INFO  com.alibaba.nacos.client.config.impl.ClientWorker - [e1edb2fe-4337-45d3-8eb0-8f737715103d_config-0] Connected,notify listen context...
2025-07-25 09:22:18.747 [com.alibaba.nacos.client.remote.worker] INFO  c.a.nacos.common.remote.client.grpc.GrpcClient - grpc client connection server:127.0.0.1 ip,serverPort:9848,grpcTslConfig:{"sslProvider":"OPENSSL","enableTls":false,"mutualAuthEnable":false,"trustAll":false}
2025-07-25 09:22:18.749 [com.alibaba.nacos.client.remote.worker] WARN  com.alibaba.nacos.client.naming - mark to redo completed
2025-07-25 09:22:18.749 [com.alibaba.nacos.client.remote.worker] INFO  com.alibaba.nacos.common.remote.client - [46499a5f-b953-4300-b888-1aae92428746] Notify connected event to listeners.
2025-07-25 09:22:18.749 [com.alibaba.nacos.client.remote.worker] INFO  com.alibaba.nacos.client.naming - Grpc connection connect
2025-07-25 09:22:18.837 [com.alibaba.nacos.client.Worker] ERROR com.alibaba.nacos.common.remote.client - Send request fail, request = ConfigBatchListenRequest{headers={charset=UTF-8, Client-AppName=unknown, Client-RequestToken=d065c0342f13002b0ccdaa0ba8d2aab6, Client-RequestTS=1753406538602, exConfigInfo=true}, requestId='null'}, retryTimes = 1, errorMessage = Client not connected, current status:UNHEALTHY
2025-07-25 09:22:18.869 [com.alibaba.nacos.client.remote.worker] INFO  com.alibaba.nacos.common.remote.client - [e1edb2fe-4337-45d3-8eb0-8f737715103d_config-0] Success to connect a server [127.0.0.1:8848], connectionId = 1753406538751_127.0.0.1_60133
2025-07-25 09:22:18.869 [com.alibaba.nacos.client.remote.worker] INFO  com.alibaba.nacos.common.remote.client - [e1edb2fe-4337-45d3-8eb0-8f737715103d_config-0] Abandon prev connection, server is 127.0.0.1:8848, connectionId is 1753406538635_127.0.0.1_60131
2025-07-25 09:22:18.869 [com.alibaba.nacos.client.remote.worker] INFO  com.alibaba.nacos.common.remote.client - Close current connection 1753406538635_127.0.0.1_60131
2025-07-25 09:22:18.873 [nacos-grpc-client-executor-127.0.0.1-84] WARN  c.a.nacos.common.remote.client.grpc.GrpcClient - [1753406538635_127.0.0.1_60131]Ignore error event,isRunning:true,isAbandon=true
2025-07-25 09:22:18.874 [com.alibaba.nacos.client.remote.worker] INFO  com.alibaba.nacos.common.remote.client - [e1edb2fe-4337-45d3-8eb0-8f737715103d_config-0] Notify disconnected event to listeners
2025-07-25 09:22:18.874 [com.alibaba.nacos.client.remote.worker] INFO  com.alibaba.nacos.client.config.impl.ClientWorker - [e1edb2fe-4337-45d3-8eb0-8f737715103d_config-0] DisConnected,clear listen context...
2025-07-25 09:22:18.874 [com.alibaba.nacos.client.remote.worker] INFO  com.alibaba.nacos.common.remote.client - [e1edb2fe-4337-45d3-8eb0-8f737715103d_config-0] Notify connected event to listeners.
2025-07-25 09:22:18.874 [com.alibaba.nacos.client.remote.worker] INFO  com.alibaba.nacos.client.config.impl.ClientWorker - [e1edb2fe-4337-45d3-8eb0-8f737715103d_config-0] Connected,notify listen context...
2025-07-25 09:22:21.614 [com.alibaba.nacos.client.naming.grpc.redo.0] INFO  com.alibaba.nacos.client.naming - Redo instance operation REGISTER for DEFAULT_GROUP@@xiaohashu-auth
2025-07-25 09:22:56.195 [http-nio-8080-exec-10] DEBUG c.q.x.a.domain.mapper.UserDOMapper.selectByPhone - ==>  Preparing: select id,password,phone,status from t_user where phone=?
2025-07-25 09:22:56.197 [http-nio-8080-exec-10] DEBUG c.q.x.a.domain.mapper.UserDOMapper.selectByPhone - ==> Parameters: 12345678900(String)
2025-07-25 09:22:56.200 [http-nio-8080-exec-10] DEBUG c.q.x.a.domain.mapper.UserDOMapper.selectByPhone - <==      Total: 0
2025-07-25 09:23:04.136 [http-nio-8080-exec-10] ERROR c.q.x.auth.exception.GlobalExceptionHandler - /user/register request error, 
java.lang.NullPointerException: Cannot invoke "java.lang.Integer.intValue()" because the return value of "com.quanxiaoha.xiaohashu.auth.model.RegisterVO.getRegisterType()" is null
	at com.quanxiaoha.xiaohashu.auth.service.Impl.UserServiceImpl.register(UserServiceImpl.java:90)
	at com.quanxiaoha.xiaohashu.auth.controller.UserController.register(UserController.java:25)
	at java.base/jdk.internal.reflect.NativeMethodAccessorImpl.invoke0(Native Method)
	at java.base/jdk.internal.reflect.NativeMethodAccessorImpl.invoke(NativeMethodAccessorImpl.java:77)
	at java.base/jdk.internal.reflect.DelegatingMethodAccessorImpl.invoke(DelegatingMethodAccessorImpl.java:43)
	at java.base/java.lang.reflect.Method.invoke(Method.java:568)
	at org.springframework.aop.support.AopUtils.invokeJoinpointUsingReflection(AopUtils.java:343)
	at org.springframework.aop.framework.ReflectiveMethodInvocation.invokeJoinpoint(ReflectiveMethodInvocation.java:196)
	at org.springframework.aop.framework.ReflectiveMethodInvocation.proceed(ReflectiveMethodInvocation.java:163)
	at org.springframework.aop.framework.CglibAopProxy$CglibMethodInvocation.proceed(CglibAopProxy.java:752)
	at org.springframework.aop.interceptor.ExposeInvocationInterceptor.invoke(ExposeInvocationInterceptor.java:97)
	at org.springframework.aop.framework.ReflectiveMethodInvocation.proceed(ReflectiveMethodInvocation.java:184)
	at org.springframework.aop.framework.CglibAopProxy$CglibMethodInvocation.proceed(CglibAopProxy.java:752)
	at org.springframework.aop.framework.CglibAopProxy$DynamicAdvisedInterceptor.intercept(CglibAopProxy.java:703)
	at com.quanxiaoha.xiaohashu.auth.controller.UserController$$SpringCGLIB$$0.register(<generated>)
	at java.base/jdk.internal.reflect.NativeMethodAccessorImpl.invoke0(Native Method)
	at java.base/jdk.internal.reflect.NativeMethodAccessorImpl.invoke(NativeMethodAccessorImpl.java:77)
	at java.base/jdk.internal.reflect.DelegatingMethodAccessorImpl.invoke(DelegatingMethodAccessorImpl.java:43)
	at java.base/java.lang.reflect.Method.invoke(Method.java:568)
	at org.springframework.web.method.support.InvocableHandlerMethod.doInvoke(InvocableHandlerMethod.java:207)
	at org.springframework.web.method.support.InvocableHandlerMethod.invokeForRequest(InvocableHandlerMethod.java:152)
	at org.springframework.web.servlet.mvc.method.annotation.ServletInvocableHandlerMethod.invokeAndHandle(ServletInvocableHandlerMethod.java:117)
	at org.springframework.web.servlet.mvc.method.annotation.RequestMappingHandlerAdapter.invokeHandlerMethod(RequestMappingHandlerAdapter.java:884)
	at org.springframework.web.servlet.mvc.method.annotation.RequestMappingHandlerAdapter.handleInternal(RequestMappingHandlerAdapter.java:797)
	at org.springframework.web.servlet.mvc.method.AbstractHandlerMethodAdapter.handle(AbstractHandlerMethodAdapter.java:87)
	at org.springframework.web.servlet.DispatcherServlet.doDispatch(DispatcherServlet.java:1080)
	at org.springframework.web.servlet.DispatcherServlet.doService(DispatcherServlet.java:973)
	at org.springframework.web.servlet.FrameworkServlet.processRequest(FrameworkServlet.java:1011)
	at org.springframework.web.servlet.FrameworkServlet.doPost(FrameworkServlet.java:914)
	at jakarta.servlet.http.HttpServlet.service(HttpServlet.java:731)
	at org.springframework.web.servlet.FrameworkServlet.service(FrameworkServlet.java:885)
	at jakarta.servlet.http.HttpServlet.service(HttpServlet.java:814)
	at org.apache.catalina.core.ApplicationFilterChain.internalDoFilter(ApplicationFilterChain.java:223)
	at org.apache.catalina.core.ApplicationFilterChain.doFilter(ApplicationFilterChain.java:158)
	at org.apache.tomcat.websocket.server.WsFilter.doFilter(WsFilter.java:53)
	at org.apache.catalina.core.ApplicationFilterChain.internalDoFilter(ApplicationFilterChain.java:185)
	at org.apache.catalina.core.ApplicationFilterChain.doFilter(ApplicationFilterChain.java:158)
	at com.alibaba.druid.support.jakarta.WebStatFilter.doFilter(WebStatFilter.java:113)
	at org.apache.catalina.core.ApplicationFilterChain.internalDoFilter(ApplicationFilterChain.java:185)
	at org.apache.catalina.core.ApplicationFilterChain.doFilter(ApplicationFilterChain.java:158)
	at org.springframework.web.filter.RequestContextFilter.doFilterInternal(RequestContextFilter.java:100)
	at org.springframework.web.filter.OncePerRequestFilter.doFilter(OncePerRequestFilter.java:116)
	at org.apache.catalina.core.ApplicationFilterChain.internalDoFilter(ApplicationFilterChain.java:185)
	at org.apache.catalina.core.ApplicationFilterChain.doFilter(ApplicationFilterChain.java:158)
	at cn.dev33.satoken.filter.SaPathCheckFilterForJakartaServlet.doFilter(SaPathCheckFilterForJakartaServlet.java:55)
	at org.apache.catalina.core.ApplicationFilterChain.internalDoFilter(ApplicationFilterChain.java:185)
	at org.apache.catalina.core.ApplicationFilterChain.doFilter(ApplicationFilterChain.java:158)
	at org.springframework.web.filter.FormContentFilter.doFilterInternal(FormContentFilter.java:93)
	at org.springframework.web.filter.OncePerRequestFilter.doFilter(OncePerRequestFilter.java:116)
	at org.apache.catalina.core.ApplicationFilterChain.internalDoFilter(ApplicationFilterChain.java:185)
	at org.apache.catalina.core.ApplicationFilterChain.doFilter(ApplicationFilterChain.java:158)
	at org.springframework.web.filter.CharacterEncodingFilter.doFilterInternal(CharacterEncodingFilter.java:201)
	at org.springframework.web.filter.OncePerRequestFilter.doFilter(OncePerRequestFilter.java:116)
	at org.apache.catalina.core.ApplicationFilterChain.internalDoFilter(ApplicationFilterChain.java:185)
	at org.apache.catalina.core.ApplicationFilterChain.doFilter(ApplicationFilterChain.java:158)
	at org.apache.catalina.core.StandardWrapperValve.invoke(StandardWrapperValve.java:177)
	at org.apache.catalina.core.StandardContextValve.invoke(StandardContextValve.java:97)
	at org.apache.catalina.authenticator.AuthenticatorBase.invoke(AuthenticatorBase.java:542)
	at org.apache.catalina.core.StandardHostValve.invoke(StandardHostValve.java:119)
	at org.apache.catalina.valves.ErrorReportValve.invoke(ErrorReportValve.java:92)
	at org.apache.catalina.core.StandardEngineValve.invoke(StandardEngineValve.java:78)
	at org.apache.catalina.connector.CoyoteAdapter.service(CoyoteAdapter.java:357)
	at org.apache.coyote.http11.Http11Processor.service(Http11Processor.java:400)
	at org.apache.coyote.AbstractProcessorLight.process(AbstractProcessorLight.java:65)
	at org.apache.coyote.AbstractProtocol$ConnectionHandler.process(AbstractProtocol.java:859)
	at org.apache.tomcat.util.net.NioEndpoint$SocketProcessor.doRun(NioEndpoint.java:1734)
	at org.apache.tomcat.util.net.SocketProcessorBase.run(SocketProcessorBase.java:52)
	at org.apache.tomcat.util.threads.ThreadPoolExecutor.runWorker(ThreadPoolExecutor.java:1191)
	at org.apache.tomcat.util.threads.ThreadPoolExecutor$Worker.run(ThreadPoolExecutor.java:659)
	at org.apache.tomcat.util.threads.TaskThread$WrappingRunnable.run(TaskThread.java:61)
	at java.base/java.lang.Thread.run(Thread.java:842)
2025-07-25 09:23:13.672 [Thread-9] WARN  com.alibaba.nacos.common.notify.NotifyCenter - [NotifyCenter] Start destroying Publisher
2025-07-25 09:23:13.672 [Thread-2] WARN  c.alibaba.nacos.common.http.HttpClientBeanHolder - [HttpClientBeanHolder] Start destroying common HttpClient
2025-07-25 09:23:13.672 [Thread-9] WARN  com.alibaba.nacos.common.notify.NotifyCenter - [NotifyCenter] Destruction of the end
2025-07-25 09:23:13.673 [Thread-2] WARN  c.alibaba.nacos.common.http.HttpClientBeanHolder - [HttpClientBeanHolder] Destruction of the end
2025-07-25 09:23:13.694 [SpringApplicationShutdownHook] INFO  c.a.cloud.nacos.registry.NacosServiceRegistry - De-registering from Nacos Server now...
2025-07-25 09:23:13.694 [SpringApplicationShutdownHook] INFO  com.alibaba.nacos.client.naming - [DEREGISTER-SERVICE] xiaohashu deregistering service xiaohashu-auth with instance: Instance{instanceId='null', ip='192.168.93.1', port=8080, weight=1.0, healthy=true, enabled=true, ephemeral=true, clusterName='DEFAULT', serviceName='null', metadata={}}
2025-07-25 09:23:13.698 [SpringApplicationShutdownHook] INFO  c.a.cloud.nacos.registry.NacosServiceRegistry - De-registration finished.
2025-07-25 09:23:13.698 [SpringApplicationShutdownHook] INFO  com.alibaba.nacos.client.naming - com.alibaba.nacos.client.naming.cache.ServiceInfoHolder do shutdown begin
2025-07-25 09:23:13.698 [SpringApplicationShutdownHook] INFO  com.alibaba.nacos.client.naming - com.alibaba.nacos.client.naming.backups.FailoverReactor do shutdown begin
2025-07-25 09:23:13.699 [SpringApplicationShutdownHook] INFO  com.alibaba.nacos.client.naming - com.alibaba.nacos.client.naming.backups.FailoverReactor do shutdown stop
2025-07-25 09:23:13.699 [SpringApplicationShutdownHook] INFO  com.alibaba.nacos.client.naming - com.alibaba.nacos.client.naming.cache.ServiceInfoHolder do shutdown stop
2025-07-25 09:23:13.699 [SpringApplicationShutdownHook] INFO  com.alibaba.nacos.client.naming - com.alibaba.nacos.client.naming.remote.NamingClientProxyDelegate do shutdown begin
2025-07-25 09:23:13.699 [SpringApplicationShutdownHook] INFO  com.alibaba.nacos.client.naming - com.alibaba.nacos.client.naming.core.ServiceInfoUpdateService do shutdown begin
2025-07-25 09:23:13.699 [SpringApplicationShutdownHook] INFO  com.alibaba.nacos.client.naming - com.alibaba.nacos.client.naming.core.ServiceInfoUpdateService do shutdown stop
2025-07-25 09:23:13.699 [SpringApplicationShutdownHook] INFO  com.alibaba.nacos.client.naming - com.alibaba.nacos.client.naming.core.ServerListManager do shutdown begin
2025-07-25 09:23:13.699 [SpringApplicationShutdownHook] WARN  com.alibaba.nacos.client.naming - [NamingHttpClientManager] Start destroying NacosRestTemplate
2025-07-25 09:23:13.699 [SpringApplicationShutdownHook] WARN  com.alibaba.nacos.client.naming - [NamingHttpClientManager] Destruction of the end
2025-07-25 09:23:13.699 [SpringApplicationShutdownHook] INFO  com.alibaba.nacos.client.naming - com.alibaba.nacos.client.naming.core.ServerListManager do shutdown stop
2025-07-25 09:23:13.699 [SpringApplicationShutdownHook] INFO  com.alibaba.nacos.client.naming - com.alibaba.nacos.client.naming.remote.http.NamingHttpClientProxy do shutdown begin
2025-07-25 09:23:13.699 [SpringApplicationShutdownHook] WARN  com.alibaba.nacos.client.naming - [NamingHttpClientManager] Start destroying NacosRestTemplate
2025-07-25 09:23:13.699 [SpringApplicationShutdownHook] WARN  com.alibaba.nacos.client.naming - [NamingHttpClientManager] Destruction of the end
2025-07-25 09:23:13.699 [SpringApplicationShutdownHook] INFO  com.alibaba.nacos.client.naming - com.alibaba.nacos.client.naming.remote.http.NamingHttpClientProxy do shutdown stop
2025-07-25 09:23:13.699 [SpringApplicationShutdownHook] INFO  com.alibaba.nacos.common.remote.client - Shutdown rpc client, set status to shutdown
2025-07-25 09:23:13.699 [SpringApplicationShutdownHook] INFO  com.alibaba.nacos.common.remote.client - Shutdown client event executor java.util.concurrent.ScheduledThreadPoolExecutor@62c80c75[Running, pool size = 2, active threads = 2, queued tasks = 0, completed tasks = 0]
2025-07-25 09:23:13.699 [SpringApplicationShutdownHook] INFO  com.alibaba.nacos.common.remote.client - Close current connection 1753406538634_127.0.0.1_60132
2025-07-25 09:23:13.700 [SpringApplicationShutdownHook] INFO  c.a.nacos.common.remote.client.grpc.GrpcClient - Shutdown grpc executor java.util.concurrent.ThreadPoolExecutor@43a0a732[Running, pool size = 4, active threads = 1, queued tasks = 0, completed tasks = 75]
2025-07-25 09:23:13.700 [nacos-grpc-client-executor-127.0.0.1-75] WARN  c.a.nacos.common.remote.client.grpc.GrpcClient - [1753406538634_127.0.0.1_60132]Ignore error event,isRunning:false,isAbandon=false
2025-07-25 09:23:13.700 [SpringApplicationShutdownHook] INFO  com.alibaba.nacos.client.naming - Shutdown grpc redo service executor java.util.concurrent.ScheduledThreadPoolExecutor@5449ee4b[Running, pool size = 1, active threads = 0, queued tasks = 1, completed tasks = 97]
2025-07-25 09:23:13.700 [SpringApplicationShutdownHook] INFO  c.a.n.client.auth.ram.identify.CredentialWatcher - [null] CredentialWatcher is stopped
2025-07-25 09:23:13.700 [SpringApplicationShutdownHook] INFO  c.a.n.client.auth.ram.identify.CredentialService - [null] CredentialService is freed
2025-07-25 09:23:13.700 [SpringApplicationShutdownHook] INFO  com.alibaba.nacos.client.naming - com.alibaba.nacos.client.naming.remote.NamingClientProxyDelegate do shutdown stop
2025-07-25 09:23:13.821 [SpringApplicationShutdownHook] INFO  com.alibaba.druid.pool.DruidDataSource - {dataSource-1} closing ...
2025-07-25 09:23:13.827 [SpringApplicationShutdownHook] INFO  com.alibaba.druid.pool.DruidDataSource - {dataSource-1} closed
2025-07-25 09:23:17.678 [main] WARN  com.alibaba.nacos.client.logging.NacosLogging - Load Logback Configuration of Nacos fail, message: Could not initialize Logback Nacos logging from classpath:nacos-logback.xml
2025-07-25 09:23:17.736 [main] WARN  com.alibaba.nacos.client.logging.NacosLogging - Load Logback Configuration of Nacos fail, message: Could not initialize Logback Nacos logging from classpath:nacos-logback.xml
2025-07-25 09:23:17.952 [main] WARN  com.alibaba.nacos.client.logging.NacosLogging - Load Logback Configuration of Nacos fail, message: Could not initialize Logback Nacos logging from classpath:nacos-logback.xml
2025-07-25 09:23:17.954 [main] INFO  com.alibaba.nacos.client.utils.ParamUtil - [settings] [req-serv] nacos-server port:8848
2025-07-25 09:23:17.955 [main] INFO  com.alibaba.nacos.client.utils.ParamUtil - [settings] [http-client] connect timeout:1000
2025-07-25 09:23:17.956 [main] INFO  com.alibaba.nacos.client.utils.ParamUtil - PER_TASK_CONFIG_SIZE: 3000.0
2025-07-25 09:23:17.986 [main] INFO  c.a.n.p.auth.spi.client.ClientAuthPluginManager - [ClientAuthPluginManager] Load ClientAuthService com.alibaba.nacos.client.auth.impl.NacosClientAuthServiceImpl success.
2025-07-25 09:23:17.986 [main] INFO  c.a.n.p.auth.spi.client.ClientAuthPluginManager - [ClientAuthPluginManager] Load ClientAuthService com.alibaba.nacos.client.auth.ram.RamClientAuthServiceImpl success.
2025-07-25 09:23:17.989 [main] INFO  c.a.n.client.auth.ram.identify.CredentialWatcher - null No credential found
2025-07-25 09:23:19.185 [main] WARN  com.alibaba.nacos.client.logging.NacosLogging - Load Logback Configuration of Nacos fail, message: Could not initialize Logback Nacos logging from classpath:nacos-logback.xml
2025-07-25 09:23:19.197 [main] INFO  c.a.n.client.config.impl.LocalConfigInfoProcessor - LOCAL_SNAPSHOT_PATH:C:\Users\50723\nacos\config
2025-07-25 09:23:19.201 [main] INFO  com.alibaba.nacos.common.remote.client - [RpcClientFactory] create a new rpc client of f880307b-f427-4982-8174-75bd4c9bbfe6_config-0
2025-07-25 09:23:19.217 [main] INFO  com.alibaba.nacos.common.remote.client - [f880307b-f427-4982-8174-75bd4c9bbfe6_config-0] Register server push request handler:com.alibaba.nacos.client.config.impl.ClientWorker$ConfigRpcTransportClient$$Lambda$583/0x00000289303ccce0
2025-07-25 09:23:19.217 [main] INFO  com.alibaba.nacos.common.remote.client - [f880307b-f427-4982-8174-75bd4c9bbfe6_config-0] Register server push request handler:com.alibaba.nacos.client.config.impl.ClientWorker$ConfigRpcTransportClient$$Lambda$584/0x00000289303cd100
2025-07-25 09:23:19.217 [main] INFO  com.alibaba.nacos.common.remote.client - [f880307b-f427-4982-8174-75bd4c9bbfe6_config-0] Registry connection listener to current client:com.alibaba.nacos.client.config.impl.ClientWorker$ConfigRpcTransportClient$1
2025-07-25 09:23:19.218 [main] INFO  com.alibaba.nacos.common.remote.client - [f880307b-f427-4982-8174-75bd4c9bbfe6_config-0] RpcClient init, ServerListFactory = com.alibaba.nacos.client.config.impl.ClientWorker$ConfigRpcTransportClient$2
2025-07-25 09:23:19.225 [main] INFO  com.alibaba.nacos.common.remote.client - [f880307b-f427-4982-8174-75bd4c9bbfe6_config-0] Try to connect to server on start up, server: {serverIp = '127.0.0.1', server main port = 8848}
2025-07-25 09:23:19.253 [main] INFO  c.a.nacos.common.remote.client.grpc.GrpcClient - grpc client connection server:127.0.0.1 ip,serverPort:9848,grpcTslConfig:{"sslProvider":"OPENSSL","enableTls":false,"mutualAuthEnable":false,"trustAll":false}
2025-07-25 09:23:20.039 [main] INFO  com.alibaba.nacos.common.remote.client - [f880307b-f427-4982-8174-75bd4c9bbfe6_config-0] Success to connect to server [127.0.0.1:8848] on start up, connectionId = 1753406599853_127.0.0.1_60154
2025-07-25 09:23:20.040 [com.alibaba.nacos.client.remote.worker] INFO  com.alibaba.nacos.common.remote.client - [f880307b-f427-4982-8174-75bd4c9bbfe6_config-0] Notify connected event to listeners.
2025-07-25 09:23:20.040 [com.alibaba.nacos.client.remote.worker] INFO  com.alibaba.nacos.client.config.impl.ClientWorker - [f880307b-f427-4982-8174-75bd4c9bbfe6_config-0] Connected,notify listen context...
2025-07-25 09:23:20.041 [main] INFO  com.alibaba.nacos.common.remote.client - [f880307b-f427-4982-8174-75bd4c9bbfe6_config-0] Register server push request handler:com.alibaba.nacos.common.remote.client.RpcClient$ConnectResetRequestHandler
2025-07-25 09:23:20.041 [main] INFO  com.alibaba.nacos.common.remote.client - [f880307b-f427-4982-8174-75bd4c9bbfe6_config-0] Register server push request handler:com.alibaba.nacos.common.remote.client.RpcClient$$Lambda$604/0x0000028930514890
2025-07-25 09:23:20.079 [main] INFO  com.alibaba.nacos.client.config.impl.Limiter - limitTime:5.0
2025-07-25 09:23:20.090 [main] INFO  com.alibaba.nacos.client.config.utils.JvmUtil - isMultiInstance:false
2025-07-25 09:23:20.101 [main] WARN  c.a.cloud.nacos.client.NacosPropertySourceBuilder - Ignore the empty nacos configuration and get it based on dataId[xiaohashu-auth.yaml] & group[DEFAULT_GROUP]
2025-07-25 09:23:20.107 [main] INFO  o.s.c.b.c.PropertySourceBootstrapConfiguration - Located property source: [BootstrapPropertySource {name='bootstrapProperties-xiaohashu-auth-dev.yaml,DEFAULT_GROUP'}, BootstrapPropertySource {name='bootstrapProperties-xiaohashu-auth.yaml,DEFAULT_GROUP'}, BootstrapPropertySource {name='bootstrapProperties-xiaohashu-auth,DEFAULT_GROUP'}]
2025-07-25 09:23:20.126 [main] WARN  com.alibaba.nacos.client.logging.NacosLogging - Load Logback Configuration of Nacos fail, message: Could not initialize Logback Nacos logging from classpath:nacos-logback.xml
2025-07-25 09:23:20.127 [main] INFO  c.q.xiaohashu.auth.XiaohashuAuthApplication - The following 1 profile is active: "dev"
2025-07-25 09:23:20.663 [main] INFO  o.s.d.r.config.RepositoryConfigurationDelegate - Multiple Spring Data modules found, entering strict repository configuration mode
2025-07-25 09:23:20.666 [main] INFO  o.s.d.r.config.RepositoryConfigurationDelegate - Bootstrapping Spring Data Redis repositories in DEFAULT mode.
2025-07-25 09:23:20.686 [main] INFO  o.s.d.r.config.RepositoryConfigurationDelegate - Finished Spring Data repository scanning in 8 ms. Found 0 Redis repository interfaces.
2025-07-25 09:23:20.831 [main] INFO  o.springframework.cloud.context.scope.GenericScope - BeanFactory id=ce825f38-1723-3926-b5a2-fd0182ae3fd6
2025-07-25 09:23:21.654 [main] INFO  o.s.boot.web.embedded.tomcat.TomcatWebServer - Tomcat initialized with port(s): 8080 (http)
2025-07-25 09:23:21.669 [main] INFO  org.apache.catalina.core.StandardService - Starting service [Tomcat]
2025-07-25 09:23:21.669 [main] INFO  org.apache.catalina.core.StandardEngine - Starting Servlet engine: [Apache Tomcat/10.1.5]
2025-07-25 09:23:21.771 [main] INFO  o.a.c.core.ContainerBase.[Tomcat].[localhost].[/] - Initializing Spring embedded WebApplicationContext
2025-07-25 09:23:21.772 [main] INFO  o.s.b.w.s.c.ServletWebServerApplicationContext - Root WebApplicationContext: initialization completed in 1633 ms
2025-07-25 09:23:21.941 [main] INFO  c.a.d.s.b.a.DruidDataSourceAutoConfigure - Init DruidDataSource
2025-07-25 09:23:22.423 [main] INFO  com.alibaba.druid.pool.DruidDataSource - {dataSource-1} inited
2025-07-25 09:23:24.947 [main] INFO  org.springframework.cloud.commons.util.InetUtils - Cannot determine local hostname
2025-07-25 09:23:26.289 [main] INFO  org.springframework.cloud.commons.util.InetUtils - Cannot determine local hostname
2025-07-25 09:23:26.389 [main] INFO  o.s.boot.web.embedded.tomcat.TomcatWebServer - Tomcat started on port(s): 8080 (http) with context path ''
2025-07-25 09:23:26.396 [main] INFO  com.alibaba.nacos.client.naming - initializer namespace from ans.namespace attribute : null
2025-07-25 09:23:26.397 [main] INFO  com.alibaba.nacos.client.naming - initializer namespace from ALIBABA_ALIWARE_NAMESPACE attribute :null
2025-07-25 09:23:26.398 [main] INFO  com.alibaba.nacos.client.naming - initializer namespace from namespace attribute :null
2025-07-25 09:23:26.415 [main] INFO  c.a.n.p.auth.spi.client.ClientAuthPluginManager - [ClientAuthPluginManager] Load ClientAuthService com.alibaba.nacos.client.auth.impl.NacosClientAuthServiceImpl success.
2025-07-25 09:23:26.415 [main] INFO  c.a.n.p.auth.spi.client.ClientAuthPluginManager - [ClientAuthPluginManager] Load ClientAuthService com.alibaba.nacos.client.auth.ram.RamClientAuthServiceImpl success.
2025-07-25 09:23:26.421 [main] INFO  com.alibaba.nacos.common.remote.client - [RpcClientFactory] create a new rpc client of c1a1f5f6-2bc9-42c6-b0e5-a5c7278c4db4
2025-07-25 09:23:26.424 [main] INFO  com.alibaba.nacos.common.remote.client - [c1a1f5f6-2bc9-42c6-b0e5-a5c7278c4db4] RpcClient init, ServerListFactory = com.alibaba.nacos.client.naming.core.ServerListManager
2025-07-25 09:23:26.424 [main] INFO  com.alibaba.nacos.common.remote.client - [c1a1f5f6-2bc9-42c6-b0e5-a5c7278c4db4] Registry connection listener to current client:com.alibaba.nacos.client.naming.remote.gprc.redo.NamingGrpcRedoService
2025-07-25 09:23:26.425 [main] INFO  com.alibaba.nacos.common.remote.client - [c1a1f5f6-2bc9-42c6-b0e5-a5c7278c4db4] Register server push request handler:com.alibaba.nacos.client.naming.remote.gprc.NamingPushRequestHandler
2025-07-25 09:23:26.425 [main] INFO  com.alibaba.nacos.common.remote.client - [c1a1f5f6-2bc9-42c6-b0e5-a5c7278c4db4] Try to connect to server on start up, server: {serverIp = '127.0.0.1', server main port = 8848}
2025-07-25 09:23:26.426 [main] INFO  c.a.nacos.common.remote.client.grpc.GrpcClient - grpc client connection server:127.0.0.1 ip,serverPort:9848,grpcTslConfig:{"sslProvider":"OPENSSL","enableTls":false,"mutualAuthEnable":false,"trustAll":false}
2025-07-25 09:23:26.542 [main] INFO  com.alibaba.nacos.common.remote.client - [c1a1f5f6-2bc9-42c6-b0e5-a5c7278c4db4] Success to connect to server [127.0.0.1:8848] on start up, connectionId = 1753406606429_127.0.0.1_60162
2025-07-25 09:23:26.542 [main] INFO  com.alibaba.nacos.common.remote.client - [c1a1f5f6-2bc9-42c6-b0e5-a5c7278c4db4] Register server push request handler:com.alibaba.nacos.common.remote.client.RpcClient$ConnectResetRequestHandler
2025-07-25 09:23:26.542 [com.alibaba.nacos.client.remote.worker] INFO  com.alibaba.nacos.common.remote.client - [c1a1f5f6-2bc9-42c6-b0e5-a5c7278c4db4] Notify connected event to listeners.
2025-07-25 09:23:26.542 [main] INFO  com.alibaba.nacos.common.remote.client - [c1a1f5f6-2bc9-42c6-b0e5-a5c7278c4db4] Register server push request handler:com.alibaba.nacos.common.remote.client.RpcClient$$Lambda$604/0x0000028930514890
2025-07-25 09:23:26.542 [com.alibaba.nacos.client.remote.worker] INFO  com.alibaba.nacos.client.naming - Grpc connection connect
2025-07-25 09:23:26.545 [main] INFO  com.alibaba.nacos.client.naming - [REGISTER-SERVICE] xiaohashu registering service xiaohashu-auth with instance Instance{instanceId='null', ip='192.168.93.1', port=8080, weight=1.0, healthy=true, enabled=true, ephemeral=true, clusterName='DEFAULT', serviceName='null', metadata={IPv6=[2409:8931:478:a5b:345c:88ad:f105:ea50], preserved.register.source=SPRING_CLOUD}}
2025-07-25 09:23:26.559 [main] INFO  c.a.cloud.nacos.registry.NacosServiceRegistry - nacos registry, DEFAULT_GROUP xiaohashu-auth 192.168.93.1:8080 register finished
2025-07-25 09:23:27.664 [main] INFO  org.springframework.cloud.commons.util.InetUtils - Cannot determine local hostname
2025-07-25 09:23:27.687 [main] INFO  c.q.xiaohashu.auth.XiaohashuAuthApplication - Started XiaohashuAuthApplication in 11.731 seconds (process running for 12.616)
2025-07-25 09:23:27.688 [main] INFO  c.q.x.auth.runner.PushRolePermissions2RedisRunner - ==> 服务启动，开始同步角色权限数据到 Redis 中...
2025-07-25 09:23:28.330 [main] WARN  c.q.x.auth.runner.PushRolePermissions2RedisRunner - ==> 角色权限数据已经同步至 Redis 中，不再同步...
2025-07-25 09:23:28.336 [main] INFO  com.alibaba.nacos.client.config.impl.CacheData - nacos.cache.data.init.snapshot = true 
2025-07-25 09:23:28.336 [main] INFO  com.alibaba.nacos.client.config.impl.ClientWorker - [fixed-xiaohashu-127.0.0.1_8848] [subscribe] xiaohashu-auth.yaml+DEFAULT_GROUP+xiaohashu
2025-07-25 09:23:28.352 [main] INFO  com.alibaba.nacos.client.config.impl.CacheData - [fixed-xiaohashu-127.0.0.1_8848] [add-listener] ok, tenant=xiaohashu, dataId=xiaohashu-auth.yaml, group=DEFAULT_GROUP, cnt=1
2025-07-25 09:23:28.352 [main] INFO  c.a.cloud.nacos.refresh.NacosContextRefresher - [Nacos Config] Listening config: dataId=xiaohashu-auth.yaml, group=DEFAULT_GROUP
2025-07-25 09:23:28.354 [main] INFO  com.alibaba.nacos.client.config.impl.ClientWorker - [fixed-xiaohashu-127.0.0.1_8848] [subscribe] xiaohashu-auth-dev.yaml+DEFAULT_GROUP+xiaohashu
2025-07-25 09:23:28.354 [main] INFO  com.alibaba.nacos.client.config.impl.CacheData - [fixed-xiaohashu-127.0.0.1_8848] [add-listener] ok, tenant=xiaohashu, dataId=xiaohashu-auth-dev.yaml, group=DEFAULT_GROUP, cnt=1
2025-07-25 09:23:28.354 [main] INFO  c.a.cloud.nacos.refresh.NacosContextRefresher - [Nacos Config] Listening config: dataId=xiaohashu-auth-dev.yaml, group=DEFAULT_GROUP
2025-07-25 09:23:28.355 [main] INFO  com.alibaba.nacos.client.config.impl.ClientWorker - [fixed-xiaohashu-127.0.0.1_8848] [subscribe] xiaohashu-auth+DEFAULT_GROUP+xiaohashu
2025-07-25 09:23:28.356 [main] INFO  com.alibaba.nacos.client.config.impl.CacheData - [fixed-xiaohashu-127.0.0.1_8848] [add-listener] ok, tenant=xiaohashu, dataId=xiaohashu-auth, group=DEFAULT_GROUP, cnt=1
2025-07-25 09:23:28.356 [main] INFO  c.a.cloud.nacos.refresh.NacosContextRefresher - [Nacos Config] Listening config: dataId=xiaohashu-auth, group=DEFAULT_GROUP
2025-07-25 09:23:32.792 [http-nio-8080-exec-1] INFO  o.a.c.core.ContainerBase.[Tomcat].[localhost].[/] - Initializing Spring DispatcherServlet 'dispatcherServlet'
2025-07-25 09:23:32.793 [http-nio-8080-exec-1] INFO  org.springframework.web.servlet.DispatcherServlet - Initializing Servlet 'dispatcherServlet'
2025-07-25 09:23:32.794 [http-nio-8080-exec-1] INFO  org.springframework.web.servlet.DispatcherServlet - Completed initialization in 1 ms
2025-07-25 09:23:40.524 [http-nio-8080-exec-1] DEBUG c.q.x.a.domain.mapper.UserDOMapper.selectByPhone - ==>  Preparing: select id,password,phone,status from t_user where phone=?
2025-07-25 09:23:41.199 [http-nio-8080-exec-1] DEBUG c.q.x.a.domain.mapper.UserDOMapper.selectByPhone - ==> Parameters: 12345678900(String)
2025-07-25 09:23:41.343 [http-nio-8080-exec-1] DEBUG c.q.x.a.domain.mapper.UserDOMapper.selectByPhone - <==      Total: 0
2025-07-25 09:24:38.911 [http-nio-8080-exec-1] ERROR c.q.x.auth.exception.GlobalExceptionHandler - /user/register request error, 
java.lang.NullPointerException: Cannot invoke "java.lang.Integer.intValue()" because the return value of "com.quanxiaoha.xiaohashu.auth.model.RegisterVO.getRegisterType()" is null
	at com.quanxiaoha.xiaohashu.auth.service.Impl.UserServiceImpl.register(UserServiceImpl.java:90)
	at com.quanxiaoha.xiaohashu.auth.controller.UserController.register(UserController.java:25)
	at java.base/jdk.internal.reflect.NativeMethodAccessorImpl.invoke0(Native Method)
	at java.base/jdk.internal.reflect.NativeMethodAccessorImpl.invoke(NativeMethodAccessorImpl.java:77)
	at java.base/jdk.internal.reflect.DelegatingMethodAccessorImpl.invoke(DelegatingMethodAccessorImpl.java:43)
	at java.base/java.lang.reflect.Method.invoke(Method.java:568)
	at org.springframework.aop.support.AopUtils.invokeJoinpointUsingReflection(AopUtils.java:343)
	at org.springframework.aop.framework.ReflectiveMethodInvocation.invokeJoinpoint(ReflectiveMethodInvocation.java:196)
	at org.springframework.aop.framework.ReflectiveMethodInvocation.proceed(ReflectiveMethodInvocation.java:163)
	at org.springframework.aop.framework.CglibAopProxy$CglibMethodInvocation.proceed(CglibAopProxy.java:752)
	at org.springframework.aop.interceptor.ExposeInvocationInterceptor.invoke(ExposeInvocationInterceptor.java:97)
	at org.springframework.aop.framework.ReflectiveMethodInvocation.proceed(ReflectiveMethodInvocation.java:184)
	at org.springframework.aop.framework.CglibAopProxy$CglibMethodInvocation.proceed(CglibAopProxy.java:752)
	at org.springframework.aop.framework.CglibAopProxy$DynamicAdvisedInterceptor.intercept(CglibAopProxy.java:703)
	at com.quanxiaoha.xiaohashu.auth.controller.UserController$$SpringCGLIB$$0.register(<generated>)
	at java.base/jdk.internal.reflect.NativeMethodAccessorImpl.invoke0(Native Method)
	at java.base/jdk.internal.reflect.NativeMethodAccessorImpl.invoke(NativeMethodAccessorImpl.java:77)
	at java.base/jdk.internal.reflect.DelegatingMethodAccessorImpl.invoke(DelegatingMethodAccessorImpl.java:43)
	at java.base/java.lang.reflect.Method.invoke(Method.java:568)
	at org.springframework.web.method.support.InvocableHandlerMethod.doInvoke(InvocableHandlerMethod.java:207)
	at org.springframework.web.method.support.InvocableHandlerMethod.invokeForRequest(InvocableHandlerMethod.java:152)
	at org.springframework.web.servlet.mvc.method.annotation.ServletInvocableHandlerMethod.invokeAndHandle(ServletInvocableHandlerMethod.java:117)
	at org.springframework.web.servlet.mvc.method.annotation.RequestMappingHandlerAdapter.invokeHandlerMethod(RequestMappingHandlerAdapter.java:884)
	at org.springframework.web.servlet.mvc.method.annotation.RequestMappingHandlerAdapter.handleInternal(RequestMappingHandlerAdapter.java:797)
	at org.springframework.web.servlet.mvc.method.AbstractHandlerMethodAdapter.handle(AbstractHandlerMethodAdapter.java:87)
	at org.springframework.web.servlet.DispatcherServlet.doDispatch(DispatcherServlet.java:1080)
	at org.springframework.web.servlet.DispatcherServlet.doService(DispatcherServlet.java:973)
	at org.springframework.web.servlet.FrameworkServlet.processRequest(FrameworkServlet.java:1011)
	at org.springframework.web.servlet.FrameworkServlet.doPost(FrameworkServlet.java:914)
	at jakarta.servlet.http.HttpServlet.service(HttpServlet.java:731)
	at org.springframework.web.servlet.FrameworkServlet.service(FrameworkServlet.java:885)
	at jakarta.servlet.http.HttpServlet.service(HttpServlet.java:814)
	at org.apache.catalina.core.ApplicationFilterChain.internalDoFilter(ApplicationFilterChain.java:223)
	at org.apache.catalina.core.ApplicationFilterChain.doFilter(ApplicationFilterChain.java:158)
	at org.apache.tomcat.websocket.server.WsFilter.doFilter(WsFilter.java:53)
	at org.apache.catalina.core.ApplicationFilterChain.internalDoFilter(ApplicationFilterChain.java:185)
	at org.apache.catalina.core.ApplicationFilterChain.doFilter(ApplicationFilterChain.java:158)
	at com.alibaba.druid.support.jakarta.WebStatFilter.doFilter(WebStatFilter.java:113)
	at org.apache.catalina.core.ApplicationFilterChain.internalDoFilter(ApplicationFilterChain.java:185)
	at org.apache.catalina.core.ApplicationFilterChain.doFilter(ApplicationFilterChain.java:158)
	at org.springframework.web.filter.RequestContextFilter.doFilterInternal(RequestContextFilter.java:100)
	at org.springframework.web.filter.OncePerRequestFilter.doFilter(OncePerRequestFilter.java:116)
	at org.apache.catalina.core.ApplicationFilterChain.internalDoFilter(ApplicationFilterChain.java:185)
	at org.apache.catalina.core.ApplicationFilterChain.doFilter(ApplicationFilterChain.java:158)
	at cn.dev33.satoken.filter.SaPathCheckFilterForJakartaServlet.doFilter(SaPathCheckFilterForJakartaServlet.java:55)
	at org.apache.catalina.core.ApplicationFilterChain.internalDoFilter(ApplicationFilterChain.java:185)
	at org.apache.catalina.core.ApplicationFilterChain.doFilter(ApplicationFilterChain.java:158)
	at org.springframework.web.filter.FormContentFilter.doFilterInternal(FormContentFilter.java:93)
	at org.springframework.web.filter.OncePerRequestFilter.doFilter(OncePerRequestFilter.java:116)
	at org.apache.catalina.core.ApplicationFilterChain.internalDoFilter(ApplicationFilterChain.java:185)
	at org.apache.catalina.core.ApplicationFilterChain.doFilter(ApplicationFilterChain.java:158)
	at org.springframework.web.filter.CharacterEncodingFilter.doFilterInternal(CharacterEncodingFilter.java:201)
	at org.springframework.web.filter.OncePerRequestFilter.doFilter(OncePerRequestFilter.java:116)
	at org.apache.catalina.core.ApplicationFilterChain.internalDoFilter(ApplicationFilterChain.java:185)
	at org.apache.catalina.core.ApplicationFilterChain.doFilter(ApplicationFilterChain.java:158)
	at org.apache.catalina.core.StandardWrapperValve.invoke(StandardWrapperValve.java:177)
	at org.apache.catalina.core.StandardContextValve.invoke(StandardContextValve.java:97)
	at org.apache.catalina.authenticator.AuthenticatorBase.invoke(AuthenticatorBase.java:542)
	at org.apache.catalina.core.StandardHostValve.invoke(StandardHostValve.java:119)
	at org.apache.catalina.valves.ErrorReportValve.invoke(ErrorReportValve.java:92)
	at org.apache.catalina.core.StandardEngineValve.invoke(StandardEngineValve.java:78)
	at org.apache.catalina.connector.CoyoteAdapter.service(CoyoteAdapter.java:357)
	at org.apache.coyote.http11.Http11Processor.service(Http11Processor.java:400)
	at org.apache.coyote.AbstractProcessorLight.process(AbstractProcessorLight.java:65)
	at org.apache.coyote.AbstractProtocol$ConnectionHandler.process(AbstractProtocol.java:859)
	at org.apache.tomcat.util.net.NioEndpoint$SocketProcessor.doRun(NioEndpoint.java:1734)
	at org.apache.tomcat.util.net.SocketProcessorBase.run(SocketProcessorBase.java:52)
	at org.apache.tomcat.util.threads.ThreadPoolExecutor.runWorker(ThreadPoolExecutor.java:1191)
	at org.apache.tomcat.util.threads.ThreadPoolExecutor$Worker.run(ThreadPoolExecutor.java:659)
	at org.apache.tomcat.util.threads.TaskThread$WrappingRunnable.run(TaskThread.java:61)
	at java.base/java.lang.Thread.run(Thread.java:842)
2025-07-25 09:24:38.940 [com.alibaba.nacos.client.remote.worker] INFO  com.alibaba.nacos.common.remote.client - [f880307b-f427-4982-8174-75bd4c9bbfe6_config-0] Server healthy check fail, currentConnection = 1753406599853_127.0.0.1_60154
2025-07-25 09:24:38.941 [com.alibaba.nacos.client.remote.worker] INFO  com.alibaba.nacos.common.remote.client - [f880307b-f427-4982-8174-75bd4c9bbfe6_config-0] Try to reconnect to a new server, server is  not appointed, will choose a random server.
2025-07-25 09:24:38.942 [com.alibaba.nacos.client.remote.worker] INFO  c.a.nacos.common.remote.client.grpc.GrpcClient - grpc client connection server:127.0.0.1 ip,serverPort:9848,grpcTslConfig:{"sslProvider":"OPENSSL","enableTls":false,"mutualAuthEnable":false,"trustAll":false}
2025-07-25 09:24:38.947 [com.alibaba.nacos.client.remote.worker] INFO  com.alibaba.nacos.common.remote.client - [c1a1f5f6-2bc9-42c6-b0e5-a5c7278c4db4] Server healthy check fail, currentConnection = 1753406606429_127.0.0.1_60162
2025-07-25 09:24:38.948 [com.alibaba.nacos.client.remote.worker] INFO  com.alibaba.nacos.common.remote.client - [c1a1f5f6-2bc9-42c6-b0e5-a5c7278c4db4] Try to reconnect to a new server, server is  not appointed, will choose a random server.
2025-07-25 09:24:38.948 [com.alibaba.nacos.client.remote.worker] INFO  c.a.nacos.common.remote.client.grpc.GrpcClient - grpc client connection server:127.0.0.1 ip,serverPort:9848,grpcTslConfig:{"sslProvider":"OPENSSL","enableTls":false,"mutualAuthEnable":false,"trustAll":false}
2025-07-25 09:24:38.954 [nacos-grpc-client-executor-127.0.0.1-17] INFO  com.alibaba.nacos.common.remote.client - [f880307b-f427-4982-8174-75bd4c9bbfe6_config-0] Receive server push request, request = ClientDetectionRequest, requestId = 7
2025-07-25 09:24:38.954 [nacos-grpc-client-executor-127.0.0.1-8] INFO  com.alibaba.nacos.common.remote.client - [c1a1f5f6-2bc9-42c6-b0e5-a5c7278c4db4] Receive server push request, request = ClientDetectionRequest, requestId = 8
2025-07-25 09:24:38.954 [nacos-grpc-client-executor-127.0.0.1-17] INFO  com.alibaba.nacos.common.remote.client - [f880307b-f427-4982-8174-75bd4c9bbfe6_config-0] Ack server push request, request = ClientDetectionRequest, requestId = 7
2025-07-25 09:24:38.954 [nacos-grpc-client-executor-127.0.0.1-8] INFO  com.alibaba.nacos.common.remote.client - [c1a1f5f6-2bc9-42c6-b0e5-a5c7278c4db4] Ack server push request, request = ClientDetectionRequest, requestId = 8
2025-07-25 09:24:38.956 [nacos-grpc-client-executor-127.0.0.1-8] INFO  c.a.nacos.common.remote.client.grpc.GrpcClient - [1753406606429_127.0.0.1_60162]Ignore complete event,isRunning:false,isAbandon=false
2025-07-25 09:24:38.956 [nacos-grpc-client-executor-127.0.0.1-17] INFO  c.a.nacos.common.remote.client.grpc.GrpcClient - [1753406599853_127.0.0.1_60154]Ignore complete event,isRunning:false,isAbandon=false
2025-07-25 09:24:39.053 [com.alibaba.nacos.client.remote.worker] INFO  com.alibaba.nacos.common.remote.client - [f880307b-f427-4982-8174-75bd4c9bbfe6_config-0] Success to connect a server [127.0.0.1:8848], connectionId = 1753406678946_127.0.0.1_60195
2025-07-25 09:24:39.053 [com.alibaba.nacos.client.remote.worker] INFO  com.alibaba.nacos.common.remote.client - [f880307b-f427-4982-8174-75bd4c9bbfe6_config-0] Abandon prev connection, server is 127.0.0.1:8848, connectionId is 1753406599853_127.0.0.1_60154
2025-07-25 09:24:39.053 [com.alibaba.nacos.client.remote.worker] INFO  com.alibaba.nacos.common.remote.client - Close current connection 1753406599853_127.0.0.1_60154
2025-07-25 09:24:39.060 [com.alibaba.nacos.client.remote.worker] INFO  com.alibaba.nacos.common.remote.client - [f880307b-f427-4982-8174-75bd4c9bbfe6_config-0] Notify disconnected event to listeners
2025-07-25 09:24:39.060 [com.alibaba.nacos.client.remote.worker] INFO  com.alibaba.nacos.client.config.impl.ClientWorker - [f880307b-f427-4982-8174-75bd4c9bbfe6_config-0] DisConnected,clear listen context...
2025-07-25 09:24:39.060 [com.alibaba.nacos.client.remote.worker] INFO  com.alibaba.nacos.common.remote.client - [f880307b-f427-4982-8174-75bd4c9bbfe6_config-0] Notify connected event to listeners.
2025-07-25 09:24:39.060 [com.alibaba.nacos.client.remote.worker] INFO  com.alibaba.nacos.client.config.impl.ClientWorker - [f880307b-f427-4982-8174-75bd4c9bbfe6_config-0] Connected,notify listen context...
2025-07-25 09:24:39.070 [com.alibaba.nacos.client.remote.worker] INFO  com.alibaba.nacos.common.remote.client - [c1a1f5f6-2bc9-42c6-b0e5-a5c7278c4db4] Success to connect a server [127.0.0.1:8848], connectionId = 1753406678954_127.0.0.1_60196
2025-07-25 09:24:39.070 [com.alibaba.nacos.client.remote.worker] INFO  com.alibaba.nacos.common.remote.client - [c1a1f5f6-2bc9-42c6-b0e5-a5c7278c4db4] Abandon prev connection, server is 127.0.0.1:8848, connectionId is 1753406606429_127.0.0.1_60162
2025-07-25 09:24:39.070 [com.alibaba.nacos.client.remote.worker] INFO  com.alibaba.nacos.common.remote.client - Close current connection 1753406606429_127.0.0.1_60162
2025-07-25 09:24:39.071 [com.alibaba.nacos.client.remote.worker] INFO  com.alibaba.nacos.common.remote.client - [c1a1f5f6-2bc9-42c6-b0e5-a5c7278c4db4] Notify disconnected event to listeners
2025-07-25 09:24:39.071 [com.alibaba.nacos.client.remote.worker] WARN  com.alibaba.nacos.client.naming - Grpc connection disconnect, mark to redo
2025-07-25 09:24:39.073 [com.alibaba.nacos.client.remote.worker] WARN  com.alibaba.nacos.client.naming - mark to redo completed
2025-07-25 09:24:39.073 [com.alibaba.nacos.client.remote.worker] INFO  com.alibaba.nacos.common.remote.client - [c1a1f5f6-2bc9-42c6-b0e5-a5c7278c4db4] Notify connected event to listeners.
2025-07-25 09:24:39.073 [com.alibaba.nacos.client.remote.worker] INFO  com.alibaba.nacos.client.naming - Grpc connection connect
2025-07-25 09:24:41.920 [com.alibaba.nacos.client.naming.grpc.redo.0] INFO  com.alibaba.nacos.client.naming - Redo instance operation REGISTER for DEFAULT_GROUP@@xiaohashu-auth
2025-07-25 09:24:51.376 [http-nio-8080-exec-2] DEBUG c.q.x.a.domain.mapper.UserDOMapper.selectByPhone - ==>  Preparing: select id,password,phone,status from t_user where phone=?
2025-07-25 09:24:51.379 [http-nio-8080-exec-2] DEBUG c.q.x.a.domain.mapper.UserDOMapper.selectByPhone - ==> Parameters: 12345678900(String)
2025-07-25 09:24:51.381 [http-nio-8080-exec-2] DEBUG c.q.x.a.domain.mapper.UserDOMapper.selectByPhone - <==      Total: 0
2025-07-25 09:25:37.114 [nacos-grpc-client-executor-127.0.0.1-29] INFO  com.alibaba.nacos.common.remote.client - [f880307b-f427-4982-8174-75bd4c9bbfe6_config-0] Receive server push request, request = ClientDetectionRequest, requestId = 11
2025-07-25 09:25:37.114 [nacos-grpc-client-executor-127.0.0.1-20] INFO  com.alibaba.nacos.common.remote.client - [c1a1f5f6-2bc9-42c6-b0e5-a5c7278c4db4] Receive server push request, request = ClientDetectionRequest, requestId = 12
2025-07-25 09:25:37.115 [nacos-grpc-client-executor-127.0.0.1-29] INFO  com.alibaba.nacos.common.remote.client - [f880307b-f427-4982-8174-75bd4c9bbfe6_config-0] Ack server push request, request = ClientDetectionRequest, requestId = 11
2025-07-25 09:25:37.115 [nacos-grpc-client-executor-127.0.0.1-20] INFO  com.alibaba.nacos.common.remote.client - [c1a1f5f6-2bc9-42c6-b0e5-a5c7278c4db4] Ack server push request, request = ClientDetectionRequest, requestId = 12
2025-07-25 09:25:37.116 [nacos-grpc-client-executor-127.0.0.1-29] ERROR c.a.nacos.common.remote.client.grpc.GrpcClient - [1753406678946_127.0.0.1_60195]Request stream onCompleted, switch server
2025-07-25 09:25:37.116 [nacos-grpc-client-executor-127.0.0.1-20] ERROR c.a.nacos.common.remote.client.grpc.GrpcClient - [1753406678954_127.0.0.1_60196]Request stream onCompleted, switch server
2025-07-25 09:25:37.121 [com.alibaba.nacos.client.remote.worker] INFO  com.alibaba.nacos.common.remote.client - [c1a1f5f6-2bc9-42c6-b0e5-a5c7278c4db4] Server healthy check fail, currentConnection = 1753406678954_127.0.0.1_60196
2025-07-25 09:25:37.121 [com.alibaba.nacos.client.remote.worker] INFO  com.alibaba.nacos.common.remote.client - [c1a1f5f6-2bc9-42c6-b0e5-a5c7278c4db4] Try to reconnect to a new server, server is  not appointed, will choose a random server.
2025-07-25 09:25:37.121 [com.alibaba.nacos.client.remote.worker] INFO  c.a.nacos.common.remote.client.grpc.GrpcClient - grpc client connection server:127.0.0.1 ip,serverPort:9848,grpcTslConfig:{"sslProvider":"OPENSSL","enableTls":false,"mutualAuthEnable":false,"trustAll":false}
2025-07-25 09:25:37.122 [com.alibaba.nacos.client.remote.worker] INFO  com.alibaba.nacos.common.remote.client - [f880307b-f427-4982-8174-75bd4c9bbfe6_config-0] Server healthy check fail, currentConnection = 1753406678946_127.0.0.1_60195
2025-07-25 09:25:37.123 [com.alibaba.nacos.client.remote.worker] INFO  com.alibaba.nacos.common.remote.client - [f880307b-f427-4982-8174-75bd4c9bbfe6_config-0] Try to reconnect to a new server, server is  not appointed, will choose a random server.
2025-07-25 09:25:37.123 [com.alibaba.nacos.client.remote.worker] INFO  c.a.nacos.common.remote.client.grpc.GrpcClient - grpc client connection server:127.0.0.1 ip,serverPort:9848,grpcTslConfig:{"sslProvider":"OPENSSL","enableTls":false,"mutualAuthEnable":false,"trustAll":false}
2025-07-25 09:25:37.246 [com.alibaba.nacos.client.remote.worker] INFO  com.alibaba.nacos.common.remote.client - [f880307b-f427-4982-8174-75bd4c9bbfe6_config-0] Success to connect a server [127.0.0.1:8848], connectionId = 1753406737130_127.0.0.1_60210
2025-07-25 09:25:37.246 [com.alibaba.nacos.client.remote.worker] INFO  com.alibaba.nacos.common.remote.client - [c1a1f5f6-2bc9-42c6-b0e5-a5c7278c4db4] Success to connect a server [127.0.0.1:8848], connectionId = 1753406737127_127.0.0.1_60209
2025-07-25 09:25:37.246 [com.alibaba.nacos.client.remote.worker] INFO  com.alibaba.nacos.common.remote.client - [c1a1f5f6-2bc9-42c6-b0e5-a5c7278c4db4] Abandon prev connection, server is 127.0.0.1:8848, connectionId is 1753406678954_127.0.0.1_60196
2025-07-25 09:25:37.246 [com.alibaba.nacos.client.remote.worker] INFO  com.alibaba.nacos.common.remote.client - [f880307b-f427-4982-8174-75bd4c9bbfe6_config-0] Abandon prev connection, server is 127.0.0.1:8848, connectionId is 1753406678946_127.0.0.1_60195
2025-07-25 09:25:37.246 [com.alibaba.nacos.client.remote.worker] INFO  com.alibaba.nacos.common.remote.client - Close current connection 1753406678954_127.0.0.1_60196
2025-07-25 09:25:37.246 [com.alibaba.nacos.client.remote.worker] INFO  com.alibaba.nacos.common.remote.client - Close current connection 1753406678946_127.0.0.1_60195
2025-07-25 09:25:37.249 [com.alibaba.nacos.client.remote.worker] INFO  com.alibaba.nacos.common.remote.client - [c1a1f5f6-2bc9-42c6-b0e5-a5c7278c4db4] Notify disconnected event to listeners
2025-07-25 09:25:37.249 [com.alibaba.nacos.client.remote.worker] INFO  com.alibaba.nacos.common.remote.client - [c1a1f5f6-2bc9-42c6-b0e5-a5c7278c4db4] Try to reconnect to a new server, server is  not appointed, will choose a random server.
2025-07-25 09:25:37.249 [com.alibaba.nacos.client.remote.worker] WARN  com.alibaba.nacos.client.naming - Grpc connection disconnect, mark to redo
2025-07-25 09:25:37.249 [com.alibaba.nacos.client.remote.worker] WARN  com.alibaba.nacos.client.naming - mark to redo completed
2025-07-25 09:25:37.249 [com.alibaba.nacos.client.remote.worker] INFO  com.alibaba.nacos.common.remote.client - [c1a1f5f6-2bc9-42c6-b0e5-a5c7278c4db4] Notify connected event to listeners.
2025-07-25 09:25:37.249 [com.alibaba.nacos.client.remote.worker] INFO  com.alibaba.nacos.client.naming - Grpc connection connect
2025-07-25 09:25:37.249 [com.alibaba.nacos.client.remote.worker] INFO  c.a.nacos.common.remote.client.grpc.GrpcClient - grpc client connection server:127.0.0.1 ip,serverPort:9848,grpcTslConfig:{"sslProvider":"OPENSSL","enableTls":false,"mutualAuthEnable":false,"trustAll":false}
2025-07-25 09:25:37.249 [com.alibaba.nacos.client.remote.worker] INFO  com.alibaba.nacos.common.remote.client - [f880307b-f427-4982-8174-75bd4c9bbfe6_config-0] Try to reconnect to a new server, server is  not appointed, will choose a random server.
2025-07-25 09:25:37.249 [com.alibaba.nacos.client.remote.worker] INFO  com.alibaba.nacos.common.remote.client - [f880307b-f427-4982-8174-75bd4c9bbfe6_config-0] Notify disconnected event to listeners
2025-07-25 09:25:37.249 [com.alibaba.nacos.client.remote.worker] INFO  com.alibaba.nacos.client.config.impl.ClientWorker - [f880307b-f427-4982-8174-75bd4c9bbfe6_config-0] DisConnected,clear listen context...
2025-07-25 09:25:37.250 [com.alibaba.nacos.client.remote.worker] INFO  com.alibaba.nacos.common.remote.client - [f880307b-f427-4982-8174-75bd4c9bbfe6_config-0] Notify connected event to listeners.
2025-07-25 09:25:37.250 [com.alibaba.nacos.client.remote.worker] INFO  com.alibaba.nacos.client.config.impl.ClientWorker - [f880307b-f427-4982-8174-75bd4c9bbfe6_config-0] Connected,notify listen context...
2025-07-25 09:25:37.250 [com.alibaba.nacos.client.remote.worker] INFO  c.a.nacos.common.remote.client.grpc.GrpcClient - grpc client connection server:127.0.0.1 ip,serverPort:9848,grpcTslConfig:{"sslProvider":"OPENSSL","enableTls":false,"mutualAuthEnable":false,"trustAll":false}
2025-07-25 09:25:37.369 [com.alibaba.nacos.client.remote.worker] INFO  com.alibaba.nacos.common.remote.client - [c1a1f5f6-2bc9-42c6-b0e5-a5c7278c4db4] Success to connect a server [127.0.0.1:8848], connectionId = 1753406737253_127.0.0.1_60212
2025-07-25 09:25:37.369 [com.alibaba.nacos.client.remote.worker] INFO  com.alibaba.nacos.common.remote.client - [f880307b-f427-4982-8174-75bd4c9bbfe6_config-0] Success to connect a server [127.0.0.1:8848], connectionId = 1753406737253_127.0.0.1_60211
2025-07-25 09:25:37.369 [com.alibaba.nacos.client.remote.worker] INFO  com.alibaba.nacos.common.remote.client - [c1a1f5f6-2bc9-42c6-b0e5-a5c7278c4db4] Abandon prev connection, server is 127.0.0.1:8848, connectionId is 1753406737127_127.0.0.1_60209
2025-07-25 09:25:37.369 [com.alibaba.nacos.client.remote.worker] INFO  com.alibaba.nacos.common.remote.client - [f880307b-f427-4982-8174-75bd4c9bbfe6_config-0] Abandon prev connection, server is 127.0.0.1:8848, connectionId is 1753406737130_127.0.0.1_60210
2025-07-25 09:25:37.369 [com.alibaba.nacos.client.remote.worker] INFO  com.alibaba.nacos.common.remote.client - Close current connection 1753406737130_127.0.0.1_60210
2025-07-25 09:25:37.369 [com.alibaba.nacos.client.remote.worker] INFO  com.alibaba.nacos.common.remote.client - Close current connection 1753406737127_127.0.0.1_60209
2025-07-25 09:25:37.372 [com.alibaba.nacos.client.remote.worker] INFO  com.alibaba.nacos.common.remote.client - [f880307b-f427-4982-8174-75bd4c9bbfe6_config-0] Notify disconnected event to listeners
2025-07-25 09:25:37.372 [com.alibaba.nacos.client.remote.worker] INFO  com.alibaba.nacos.common.remote.client - [c1a1f5f6-2bc9-42c6-b0e5-a5c7278c4db4] Notify disconnected event to listeners
2025-07-25 09:25:37.372 [com.alibaba.nacos.client.remote.worker] WARN  com.alibaba.nacos.client.naming - Grpc connection disconnect, mark to redo
2025-07-25 09:25:37.372 [com.alibaba.nacos.client.remote.worker] INFO  com.alibaba.nacos.client.config.impl.ClientWorker - [f880307b-f427-4982-8174-75bd4c9bbfe6_config-0] DisConnected,clear listen context...
2025-07-25 09:25:37.372 [com.alibaba.nacos.client.remote.worker] WARN  com.alibaba.nacos.client.naming - mark to redo completed
2025-07-25 09:25:37.373 [com.alibaba.nacos.client.remote.worker] INFO  com.alibaba.nacos.common.remote.client - [c1a1f5f6-2bc9-42c6-b0e5-a5c7278c4db4] Notify connected event to listeners.
2025-07-25 09:25:37.373 [com.alibaba.nacos.client.remote.worker] INFO  com.alibaba.nacos.common.remote.client - [f880307b-f427-4982-8174-75bd4c9bbfe6_config-0] Notify connected event to listeners.
2025-07-25 09:25:37.373 [com.alibaba.nacos.client.remote.worker] INFO  com.alibaba.nacos.client.naming - Grpc connection connect
2025-07-25 09:25:37.373 [com.alibaba.nacos.client.remote.worker] INFO  com.alibaba.nacos.client.config.impl.ClientWorker - [f880307b-f427-4982-8174-75bd4c9bbfe6_config-0] Connected,notify listen context...
2025-07-25 09:25:37.373 [nacos-grpc-client-executor-127.0.0.1-35] WARN  c.a.nacos.common.remote.client.grpc.GrpcClient - [1753406737127_127.0.0.1_60209]Ignore error event,isRunning:true,isAbandon=true
2025-07-25 09:25:37.373 [nacos-grpc-client-executor-127.0.0.1-43] WARN  c.a.nacos.common.remote.client.grpc.GrpcClient - [1753406737130_127.0.0.1_60210]Ignore error event,isRunning:true,isAbandon=true
2025-07-25 09:25:40.120 [com.alibaba.nacos.client.naming.grpc.redo.0] INFO  com.alibaba.nacos.client.naming - Redo instance operation REGISTER for DEFAULT_GROUP@@xiaohashu-auth
2025-07-25 09:25:46.595 [http-nio-8080-exec-4] DEBUG c.q.x.a.domain.mapper.UserDOMapper.selectByPhone - ==>  Preparing: select id,password,phone,status from t_user where phone=?
2025-07-25 09:25:46.597 [http-nio-8080-exec-4] DEBUG c.q.x.a.domain.mapper.UserDOMapper.selectByPhone - ==> Parameters: 12345678900(String)
2025-07-25 09:25:46.600 [http-nio-8080-exec-4] DEBUG c.q.x.a.domain.mapper.UserDOMapper.selectByPhone - <==      Total: 0
2025-07-25 09:25:53.252 [http-nio-8080-exec-4] DEBUG c.q.x.a.domain.mapper.UserDOMapper.insertSelective - ==>  Preparing: INSERT INTO t_user ( xiaohashu_id, password, nickname, phone, status, create_time, update_time, is_deleted ) VALUES ( ?, ?, ?, ?, ?, ?, ?, ? )
2025-07-25 09:25:53.446 [http-nio-8080-exec-4] DEBUG c.q.x.a.domain.mapper.UserDOMapper.insertSelective - ==> Parameters: XHS2AEF6081(String), 123456(String), 用户123456(String), 12345678900(String), 0(Integer), 2025-07-25T09:25:49.065905300(LocalDateTime), 2025-07-25T09:25:49.065905300(LocalDateTime), false(Boolean)
2025-07-25 09:25:53.475 [http-nio-8080-exec-4] DEBUG c.q.x.a.domain.mapper.UserDOMapper.insertSelective - <==    Updates: 1
2025-07-25 09:26:04.517 [http-nio-8080-exec-4] DEBUG c.q.x.a.d.mapper.RoleDOMapper.selectByPrimaryKey - ==>  Preparing: SELECT id, role_name, role_key, status, sort, remark, create_time, update_time, is_deleted FROM t_role WHERE id = ? AND is_deleted = 0
2025-07-25 09:26:04.529 [http-nio-8080-exec-4] DEBUG c.q.x.a.d.mapper.RoleDOMapper.selectByPrimaryKey - ==> Parameters: 1(Long)
2025-07-25 09:26:04.562 [http-nio-8080-exec-4] DEBUG c.q.x.a.d.mapper.RoleDOMapper.selectByPrimaryKey - <==      Total: 1
2025-07-25 09:26:24.990 [http-nio-8080-exec-4] DEBUG c.q.x.a.domain.mapper.UserRoleRelDOMapper.insert - ==>  Preparing: INSERT INTO t_user_role_rel (user_id, role_id, create_time, update_time, is_deleted) VALUES (?, ?, ?, ?, ?)
2025-07-25 09:26:24.993 [http-nio-8080-exec-4] DEBUG c.q.x.a.domain.mapper.UserRoleRelDOMapper.insert - ==> Parameters: 18(Long), 1(Long), 2025-07-25T09:26:24.989726100(LocalDateTime), 2025-07-25T09:26:24.989726100(LocalDateTime), false(Boolean)
2025-07-25 09:26:25.004 [http-nio-8080-exec-4] DEBUG c.q.x.a.domain.mapper.UserRoleRelDOMapper.insert - <==    Updates: 1
2025-07-25 09:32:02.978 [Thread-2] WARN  c.alibaba.nacos.common.http.HttpClientBeanHolder - [HttpClientBeanHolder] Start destroying common HttpClient
2025-07-25 09:32:02.978 [Thread-9] WARN  com.alibaba.nacos.common.notify.NotifyCenter - [NotifyCenter] Start destroying Publisher
2025-07-25 09:32:02.978 [Thread-9] WARN  com.alibaba.nacos.common.notify.NotifyCenter - [NotifyCenter] Destruction of the end
2025-07-25 09:32:02.978 [Thread-2] WARN  c.alibaba.nacos.common.http.HttpClientBeanHolder - [HttpClientBeanHolder] Destruction of the end
2025-07-25 09:32:03.002 [SpringApplicationShutdownHook] INFO  c.a.cloud.nacos.registry.NacosServiceRegistry - De-registering from Nacos Server now...
2025-07-25 09:32:03.002 [SpringApplicationShutdownHook] INFO  com.alibaba.nacos.client.naming - [DEREGISTER-SERVICE] xiaohashu deregistering service xiaohashu-auth with instance: Instance{instanceId='null', ip='192.168.93.1', port=8080, weight=1.0, healthy=true, enabled=true, ephemeral=true, clusterName='DEFAULT', serviceName='null', metadata={}}
2025-07-25 09:32:03.005 [SpringApplicationShutdownHook] INFO  c.a.cloud.nacos.registry.NacosServiceRegistry - De-registration finished.
2025-07-25 09:32:03.005 [SpringApplicationShutdownHook] INFO  com.alibaba.nacos.client.naming - com.alibaba.nacos.client.naming.cache.ServiceInfoHolder do shutdown begin
2025-07-25 09:32:03.005 [SpringApplicationShutdownHook] INFO  com.alibaba.nacos.client.naming - com.alibaba.nacos.client.naming.backups.FailoverReactor do shutdown begin
2025-07-25 09:32:03.006 [SpringApplicationShutdownHook] INFO  com.alibaba.nacos.client.naming - com.alibaba.nacos.client.naming.backups.FailoverReactor do shutdown stop
2025-07-25 09:32:03.006 [SpringApplicationShutdownHook] INFO  com.alibaba.nacos.client.naming - com.alibaba.nacos.client.naming.cache.ServiceInfoHolder do shutdown stop
2025-07-25 09:32:03.006 [SpringApplicationShutdownHook] INFO  com.alibaba.nacos.client.naming - com.alibaba.nacos.client.naming.remote.NamingClientProxyDelegate do shutdown begin
2025-07-25 09:32:03.006 [SpringApplicationShutdownHook] INFO  com.alibaba.nacos.client.naming - com.alibaba.nacos.client.naming.core.ServiceInfoUpdateService do shutdown begin
2025-07-25 09:32:03.006 [SpringApplicationShutdownHook] INFO  com.alibaba.nacos.client.naming - com.alibaba.nacos.client.naming.core.ServiceInfoUpdateService do shutdown stop
2025-07-25 09:32:03.006 [SpringApplicationShutdownHook] INFO  com.alibaba.nacos.client.naming - com.alibaba.nacos.client.naming.core.ServerListManager do shutdown begin
2025-07-25 09:32:03.006 [SpringApplicationShutdownHook] WARN  com.alibaba.nacos.client.naming - [NamingHttpClientManager] Start destroying NacosRestTemplate
2025-07-25 09:32:03.006 [SpringApplicationShutdownHook] WARN  com.alibaba.nacos.client.naming - [NamingHttpClientManager] Destruction of the end
2025-07-25 09:32:03.006 [SpringApplicationShutdownHook] INFO  com.alibaba.nacos.client.naming - com.alibaba.nacos.client.naming.core.ServerListManager do shutdown stop
2025-07-25 09:32:03.006 [SpringApplicationShutdownHook] INFO  com.alibaba.nacos.client.naming - com.alibaba.nacos.client.naming.remote.http.NamingHttpClientProxy do shutdown begin
2025-07-25 09:32:03.006 [SpringApplicationShutdownHook] WARN  com.alibaba.nacos.client.naming - [NamingHttpClientManager] Start destroying NacosRestTemplate
2025-07-25 09:32:03.006 [SpringApplicationShutdownHook] WARN  com.alibaba.nacos.client.naming - [NamingHttpClientManager] Destruction of the end
2025-07-25 09:32:03.006 [SpringApplicationShutdownHook] INFO  com.alibaba.nacos.client.naming - com.alibaba.nacos.client.naming.remote.http.NamingHttpClientProxy do shutdown stop
2025-07-25 09:32:03.006 [SpringApplicationShutdownHook] INFO  com.alibaba.nacos.common.remote.client - Shutdown rpc client, set status to shutdown
2025-07-25 09:32:03.006 [SpringApplicationShutdownHook] INFO  com.alibaba.nacos.common.remote.client - Shutdown client event executor java.util.concurrent.ScheduledThreadPoolExecutor@57f1d405[Running, pool size = 2, active threads = 2, queued tasks = 0, completed tasks = 0]
2025-07-25 09:32:03.006 [SpringApplicationShutdownHook] INFO  com.alibaba.nacos.common.remote.client - Close current connection 1753406737253_127.0.0.1_60212
2025-07-25 09:32:03.006 [SpringApplicationShutdownHook] INFO  c.a.nacos.common.remote.client.grpc.GrpcClient - Shutdown grpc executor java.util.concurrent.ThreadPoolExecutor@1be2ca5b[Running, pool size = 4, active threads = 1, queued tasks = 0, completed tasks = 113]
2025-07-25 09:32:03.006 [SpringApplicationShutdownHook] INFO  com.alibaba.nacos.client.naming - Shutdown grpc redo service executor java.util.concurrent.ScheduledThreadPoolExecutor@9c7cc0b[Running, pool size = 1, active threads = 0, queued tasks = 1, completed tasks = 131]
2025-07-25 09:32:03.007 [nacos-grpc-client-executor-127.0.0.1-113] WARN  c.a.nacos.common.remote.client.grpc.GrpcClient - [1753406737253_127.0.0.1_60212]Ignore error event,isRunning:false,isAbandon=false
2025-07-25 09:32:03.007 [SpringApplicationShutdownHook] INFO  c.a.n.client.auth.ram.identify.CredentialWatcher - [null] CredentialWatcher is stopped
2025-07-25 09:32:03.007 [SpringApplicationShutdownHook] INFO  c.a.n.client.auth.ram.identify.CredentialService - [null] CredentialService is freed
2025-07-25 09:32:03.007 [SpringApplicationShutdownHook] INFO  com.alibaba.nacos.client.naming - com.alibaba.nacos.client.naming.remote.NamingClientProxyDelegate do shutdown stop
2025-07-25 09:32:03.130 [SpringApplicationShutdownHook] INFO  com.alibaba.druid.pool.DruidDataSource - {dataSource-1} closing ...
2025-07-25 09:32:03.136 [SpringApplicationShutdownHook] INFO  com.alibaba.druid.pool.DruidDataSource - {dataSource-1} closed
2025-07-25 09:32:09.868 [main] WARN  com.alibaba.nacos.client.logging.NacosLogging - Load Logback Configuration of Nacos fail, message: Could not initialize Logback Nacos logging from classpath:nacos-logback.xml
2025-07-25 09:32:09.922 [main] WARN  com.alibaba.nacos.client.logging.NacosLogging - Load Logback Configuration of Nacos fail, message: Could not initialize Logback Nacos logging from classpath:nacos-logback.xml
2025-07-25 09:32:10.104 [main] WARN  com.alibaba.nacos.client.logging.NacosLogging - Load Logback Configuration of Nacos fail, message: Could not initialize Logback Nacos logging from classpath:nacos-logback.xml
2025-07-25 09:32:10.105 [main] INFO  com.alibaba.nacos.client.utils.ParamUtil - [settings] [req-serv] nacos-server port:8848
2025-07-25 09:32:10.105 [main] INFO  com.alibaba.nacos.client.utils.ParamUtil - [settings] [http-client] connect timeout:1000
2025-07-25 09:32:10.106 [main] INFO  com.alibaba.nacos.client.utils.ParamUtil - PER_TASK_CONFIG_SIZE: 3000.0
2025-07-25 09:32:10.130 [main] INFO  c.a.n.p.auth.spi.client.ClientAuthPluginManager - [ClientAuthPluginManager] Load ClientAuthService com.alibaba.nacos.client.auth.impl.NacosClientAuthServiceImpl success.
2025-07-25 09:32:10.130 [main] INFO  c.a.n.p.auth.spi.client.ClientAuthPluginManager - [ClientAuthPluginManager] Load ClientAuthService com.alibaba.nacos.client.auth.ram.RamClientAuthServiceImpl success.
2025-07-25 09:32:10.133 [main] INFO  c.a.n.client.auth.ram.identify.CredentialWatcher - null No credential found
2025-07-25 09:32:11.308 [main] WARN  com.alibaba.nacos.client.logging.NacosLogging - Load Logback Configuration of Nacos fail, message: Could not initialize Logback Nacos logging from classpath:nacos-logback.xml
2025-07-25 09:32:11.319 [main] INFO  c.a.n.client.config.impl.LocalConfigInfoProcessor - LOCAL_SNAPSHOT_PATH:C:\Users\50723\nacos\config
2025-07-25 09:32:11.322 [main] INFO  com.alibaba.nacos.common.remote.client - [RpcClientFactory] create a new rpc client of 00041639-8864-490a-b5eb-f6b232a783cd_config-0
2025-07-25 09:32:11.342 [main] INFO  com.alibaba.nacos.common.remote.client - [00041639-8864-490a-b5eb-f6b232a783cd_config-0] Register server push request handler:com.alibaba.nacos.client.config.impl.ClientWorker$ConfigRpcTransportClient$$Lambda$584/0x000001c93d38e908
2025-07-25 09:32:11.342 [main] INFO  com.alibaba.nacos.common.remote.client - [00041639-8864-490a-b5eb-f6b232a783cd_config-0] Register server push request handler:com.alibaba.nacos.client.config.impl.ClientWorker$ConfigRpcTransportClient$$Lambda$585/0x000001c93d38ed28
2025-07-25 09:32:24.870 [main] INFO  com.alibaba.nacos.common.remote.client - [00041639-8864-490a-b5eb-f6b232a783cd_config-0] Registry connection listener to current client:com.alibaba.nacos.client.config.impl.ClientWorker$ConfigRpcTransportClient$1
2025-07-25 09:32:24.871 [main] INFO  com.alibaba.nacos.common.remote.client - [00041639-8864-490a-b5eb-f6b232a783cd_config-0] RpcClient init, ServerListFactory = com.alibaba.nacos.client.config.impl.ClientWorker$ConfigRpcTransportClient$2
2025-07-25 09:32:24.880 [main] INFO  com.alibaba.nacos.common.remote.client - [00041639-8864-490a-b5eb-f6b232a783cd_config-0] Try to connect to server on start up, server: {serverIp = '127.0.0.1', server main port = 8848}
2025-07-25 09:32:24.915 [main] INFO  c.a.nacos.common.remote.client.grpc.GrpcClient - grpc client connection server:127.0.0.1 ip,serverPort:9848,grpcTslConfig:{"sslProvider":"OPENSSL","enableTls":false,"mutualAuthEnable":false,"trustAll":false}
2025-07-25 09:32:25.701 [main] INFO  com.alibaba.nacos.common.remote.client - [00041639-8864-490a-b5eb-f6b232a783cd_config-0] Success to connect to server [127.0.0.1:8848] on start up, connectionId = 1753407145519_127.0.0.1_60253
2025-07-25 09:32:25.701 [com.alibaba.nacos.client.remote.worker] INFO  com.alibaba.nacos.common.remote.client - [00041639-8864-490a-b5eb-f6b232a783cd_config-0] Notify connected event to listeners.
2025-07-25 09:32:25.701 [com.alibaba.nacos.client.remote.worker] INFO  com.alibaba.nacos.client.config.impl.ClientWorker - [00041639-8864-490a-b5eb-f6b232a783cd_config-0] Connected,notify listen context...
2025-07-25 09:32:25.702 [main] INFO  com.alibaba.nacos.common.remote.client - [00041639-8864-490a-b5eb-f6b232a783cd_config-0] Register server push request handler:com.alibaba.nacos.common.remote.client.RpcClient$ConnectResetRequestHandler
2025-07-25 09:32:25.702 [main] INFO  com.alibaba.nacos.common.remote.client - [00041639-8864-490a-b5eb-f6b232a783cd_config-0] Register server push request handler:com.alibaba.nacos.common.remote.client.RpcClient$$Lambda$605/0x000001c93d4d6a28
2025-07-25 09:32:25.742 [main] INFO  com.alibaba.nacos.client.config.impl.Limiter - limitTime:5.0
2025-07-25 09:32:25.756 [main] INFO  com.alibaba.nacos.client.config.utils.JvmUtil - isMultiInstance:false
2025-07-25 09:32:25.765 [main] WARN  c.a.cloud.nacos.client.NacosPropertySourceBuilder - Ignore the empty nacos configuration and get it based on dataId[xiaohashu-auth.yaml] & group[DEFAULT_GROUP]
2025-07-25 09:32:25.771 [main] INFO  o.s.c.b.c.PropertySourceBootstrapConfiguration - Located property source: [BootstrapPropertySource {name='bootstrapProperties-xiaohashu-auth-dev.yaml,DEFAULT_GROUP'}, BootstrapPropertySource {name='bootstrapProperties-xiaohashu-auth.yaml,DEFAULT_GROUP'}, BootstrapPropertySource {name='bootstrapProperties-xiaohashu-auth,DEFAULT_GROUP'}]
2025-07-25 09:32:25.790 [main] WARN  com.alibaba.nacos.client.logging.NacosLogging - Load Logback Configuration of Nacos fail, message: Could not initialize Logback Nacos logging from classpath:nacos-logback.xml
2025-07-25 09:32:25.790 [main] INFO  c.q.xiaohashu.auth.XiaohashuAuthApplication - The following 1 profile is active: "dev"
2025-07-25 09:32:26.351 [main] INFO  o.s.d.r.config.RepositoryConfigurationDelegate - Multiple Spring Data modules found, entering strict repository configuration mode
2025-07-25 09:32:26.354 [main] INFO  o.s.d.r.config.RepositoryConfigurationDelegate - Bootstrapping Spring Data Redis repositories in DEFAULT mode.
2025-07-25 09:32:26.373 [main] INFO  o.s.d.r.config.RepositoryConfigurationDelegate - Finished Spring Data repository scanning in 8 ms. Found 0 Redis repository interfaces.
2025-07-25 09:32:26.474 [main] INFO  o.springframework.cloud.context.scope.GenericScope - BeanFactory id=ce825f38-1723-3926-b5a2-fd0182ae3fd6
2025-07-25 09:32:26.868 [main] INFO  o.s.boot.web.embedded.tomcat.TomcatWebServer - Tomcat initialized with port(s): 8080 (http)
2025-07-25 09:32:26.877 [main] INFO  org.apache.catalina.core.StandardService - Starting service [Tomcat]
2025-07-25 09:32:26.877 [main] INFO  org.apache.catalina.core.StandardEngine - Starting Servlet engine: [Apache Tomcat/10.1.5]
2025-07-25 09:32:26.933 [main] INFO  o.a.c.core.ContainerBase.[Tomcat].[localhost].[/] - Initializing Spring embedded WebApplicationContext
2025-07-25 09:32:26.933 [main] INFO  o.s.b.w.s.c.ServletWebServerApplicationContext - Root WebApplicationContext: initialization completed in 1131 ms
2025-07-25 09:32:27.022 [main] INFO  c.a.d.s.b.a.DruidDataSourceAutoConfigure - Init DruidDataSource
2025-07-25 09:32:27.288 [main] INFO  com.alibaba.druid.pool.DruidDataSource - {dataSource-1} inited
2025-07-25 09:32:28.991 [main] INFO  org.springframework.cloud.commons.util.InetUtils - Cannot determine local hostname
2025-07-25 09:32:30.241 [main] INFO  org.springframework.cloud.commons.util.InetUtils - Cannot determine local hostname
2025-07-25 09:32:30.300 [main] INFO  o.s.boot.web.embedded.tomcat.TomcatWebServer - Tomcat started on port(s): 8080 (http) with context path ''
2025-07-25 09:32:30.303 [main] INFO  com.alibaba.nacos.client.naming - initializer namespace from ans.namespace attribute : null
2025-07-25 09:32:30.304 [main] INFO  com.alibaba.nacos.client.naming - initializer namespace from ALIBABA_ALIWARE_NAMESPACE attribute :null
2025-07-25 09:32:30.304 [main] INFO  com.alibaba.nacos.client.naming - initializer namespace from namespace attribute :null
2025-07-25 09:32:30.311 [main] INFO  c.a.n.p.auth.spi.client.ClientAuthPluginManager - [ClientAuthPluginManager] Load ClientAuthService com.alibaba.nacos.client.auth.impl.NacosClientAuthServiceImpl success.
2025-07-25 09:32:30.311 [main] INFO  c.a.n.p.auth.spi.client.ClientAuthPluginManager - [ClientAuthPluginManager] Load ClientAuthService com.alibaba.nacos.client.auth.ram.RamClientAuthServiceImpl success.
2025-07-25 09:32:30.314 [main] INFO  com.alibaba.nacos.common.remote.client - [RpcClientFactory] create a new rpc client of 34cc883e-1373-4a50-a780-fbc275b2595b
2025-07-25 09:32:30.315 [main] INFO  com.alibaba.nacos.common.remote.client - [34cc883e-1373-4a50-a780-fbc275b2595b] RpcClient init, ServerListFactory = com.alibaba.nacos.client.naming.core.ServerListManager
2025-07-25 09:32:30.315 [main] INFO  com.alibaba.nacos.common.remote.client - [34cc883e-1373-4a50-a780-fbc275b2595b] Registry connection listener to current client:com.alibaba.nacos.client.naming.remote.gprc.redo.NamingGrpcRedoService
2025-07-25 09:32:30.316 [main] INFO  com.alibaba.nacos.common.remote.client - [34cc883e-1373-4a50-a780-fbc275b2595b] Register server push request handler:com.alibaba.nacos.client.naming.remote.gprc.NamingPushRequestHandler
2025-07-25 09:32:30.316 [main] INFO  com.alibaba.nacos.common.remote.client - [34cc883e-1373-4a50-a780-fbc275b2595b] Try to connect to server on start up, server: {serverIp = '127.0.0.1', server main port = 8848}
2025-07-25 09:32:30.316 [main] INFO  c.a.nacos.common.remote.client.grpc.GrpcClient - grpc client connection server:127.0.0.1 ip,serverPort:9848,grpcTslConfig:{"sslProvider":"OPENSSL","enableTls":false,"mutualAuthEnable":false,"trustAll":false}
2025-07-25 09:32:30.425 [main] INFO  com.alibaba.nacos.common.remote.client - [34cc883e-1373-4a50-a780-fbc275b2595b] Success to connect to server [127.0.0.1:8848] on start up, connectionId = 1753407150320_127.0.0.1_60260
2025-07-25 09:32:30.425 [main] INFO  com.alibaba.nacos.common.remote.client - [34cc883e-1373-4a50-a780-fbc275b2595b] Register server push request handler:com.alibaba.nacos.common.remote.client.RpcClient$ConnectResetRequestHandler
2025-07-25 09:32:30.425 [main] INFO  com.alibaba.nacos.common.remote.client - [34cc883e-1373-4a50-a780-fbc275b2595b] Register server push request handler:com.alibaba.nacos.common.remote.client.RpcClient$$Lambda$605/0x000001c93d4d6a28
2025-07-25 09:32:30.425 [com.alibaba.nacos.client.remote.worker] INFO  com.alibaba.nacos.common.remote.client - [34cc883e-1373-4a50-a780-fbc275b2595b] Notify connected event to listeners.
2025-07-25 09:32:30.425 [com.alibaba.nacos.client.remote.worker] INFO  com.alibaba.nacos.client.naming - Grpc connection connect
2025-07-25 09:32:30.426 [main] INFO  com.alibaba.nacos.client.naming - [REGISTER-SERVICE] xiaohashu registering service xiaohashu-auth with instance Instance{instanceId='null', ip='192.168.93.1', port=8080, weight=1.0, healthy=true, enabled=true, ephemeral=true, clusterName='DEFAULT', serviceName='null', metadata={IPv6=[2409:8931:478:a5b:345c:88ad:f105:ea50], preserved.register.source=SPRING_CLOUD}}
2025-07-25 09:32:30.435 [main] INFO  c.a.cloud.nacos.registry.NacosServiceRegistry - nacos registry, DEFAULT_GROUP xiaohashu-auth 192.168.93.1:8080 register finished
2025-07-25 09:32:31.526 [main] INFO  org.springframework.cloud.commons.util.InetUtils - Cannot determine local hostname
2025-07-25 09:32:31.540 [main] INFO  c.q.xiaohashu.auth.XiaohashuAuthApplication - Started XiaohashuAuthApplication in 23.238 seconds (process running for 23.696)
2025-07-25 09:32:31.541 [main] INFO  c.q.x.auth.runner.PushRolePermissions2RedisRunner - ==> 服务启动，开始同步角色权限数据到 Redis 中...
2025-07-25 09:32:31.834 [main] WARN  c.q.x.auth.runner.PushRolePermissions2RedisRunner - ==> 角色权限数据已经同步至 Redis 中，不再同步...
2025-07-25 09:32:31.836 [main] INFO  com.alibaba.nacos.client.config.impl.CacheData - nacos.cache.data.init.snapshot = true 
2025-07-25 09:32:31.837 [main] INFO  com.alibaba.nacos.client.config.impl.ClientWorker - [fixed-xiaohashu-127.0.0.1_8848] [subscribe] xiaohashu-auth.yaml+DEFAULT_GROUP+xiaohashu
2025-07-25 09:32:31.843 [main] INFO  com.alibaba.nacos.client.config.impl.CacheData - [fixed-xiaohashu-127.0.0.1_8848] [add-listener] ok, tenant=xiaohashu, dataId=xiaohashu-auth.yaml, group=DEFAULT_GROUP, cnt=1
2025-07-25 09:32:31.843 [main] INFO  c.a.cloud.nacos.refresh.NacosContextRefresher - [Nacos Config] Listening config: dataId=xiaohashu-auth.yaml, group=DEFAULT_GROUP
2025-07-25 09:32:31.844 [main] INFO  com.alibaba.nacos.client.config.impl.ClientWorker - [fixed-xiaohashu-127.0.0.1_8848] [subscribe] xiaohashu-auth-dev.yaml+DEFAULT_GROUP+xiaohashu
2025-07-25 09:32:31.844 [main] INFO  com.alibaba.nacos.client.config.impl.CacheData - [fixed-xiaohashu-127.0.0.1_8848] [add-listener] ok, tenant=xiaohashu, dataId=xiaohashu-auth-dev.yaml, group=DEFAULT_GROUP, cnt=1
2025-07-25 09:32:31.844 [main] INFO  c.a.cloud.nacos.refresh.NacosContextRefresher - [Nacos Config] Listening config: dataId=xiaohashu-auth-dev.yaml, group=DEFAULT_GROUP
2025-07-25 09:32:31.846 [main] INFO  com.alibaba.nacos.client.config.impl.ClientWorker - [fixed-xiaohashu-127.0.0.1_8848] [subscribe] xiaohashu-auth+DEFAULT_GROUP+xiaohashu
2025-07-25 09:32:31.846 [main] INFO  com.alibaba.nacos.client.config.impl.CacheData - [fixed-xiaohashu-127.0.0.1_8848] [add-listener] ok, tenant=xiaohashu, dataId=xiaohashu-auth, group=DEFAULT_GROUP, cnt=1
2025-07-25 09:32:31.846 [main] INFO  c.a.cloud.nacos.refresh.NacosContextRefresher - [Nacos Config] Listening config: dataId=xiaohashu-auth, group=DEFAULT_GROUP
2025-07-25 09:32:55.467 [Thread-11] WARN  com.alibaba.nacos.common.notify.NotifyCenter - [NotifyCenter] Start destroying Publisher
2025-07-25 09:32:55.467 [Thread-2] WARN  c.alibaba.nacos.common.http.HttpClientBeanHolder - [HttpClientBeanHolder] Start destroying common HttpClient
2025-07-25 09:32:55.467 [Thread-11] WARN  com.alibaba.nacos.common.notify.NotifyCenter - [NotifyCenter] Destruction of the end
2025-07-25 09:32:55.468 [Thread-2] WARN  c.alibaba.nacos.common.http.HttpClientBeanHolder - [HttpClientBeanHolder] Destruction of the end
2025-07-25 09:32:55.497 [SpringApplicationShutdownHook] INFO  c.a.cloud.nacos.registry.NacosServiceRegistry - De-registering from Nacos Server now...
2025-07-25 09:32:55.497 [SpringApplicationShutdownHook] INFO  com.alibaba.nacos.client.naming - [DEREGISTER-SERVICE] xiaohashu deregistering service xiaohashu-auth with instance: Instance{instanceId='null', ip='192.168.93.1', port=8080, weight=1.0, healthy=true, enabled=true, ephemeral=true, clusterName='DEFAULT', serviceName='null', metadata={}}
2025-07-25 09:32:55.503 [SpringApplicationShutdownHook] INFO  c.a.cloud.nacos.registry.NacosServiceRegistry - De-registration finished.
2025-07-25 09:32:55.504 [SpringApplicationShutdownHook] INFO  com.alibaba.nacos.client.naming - com.alibaba.nacos.client.naming.cache.ServiceInfoHolder do shutdown begin
2025-07-25 09:32:55.504 [SpringApplicationShutdownHook] INFO  com.alibaba.nacos.client.naming - com.alibaba.nacos.client.naming.backups.FailoverReactor do shutdown begin
2025-07-25 09:32:55.504 [SpringApplicationShutdownHook] INFO  com.alibaba.nacos.client.naming - com.alibaba.nacos.client.naming.backups.FailoverReactor do shutdown stop
2025-07-25 09:32:55.504 [SpringApplicationShutdownHook] INFO  com.alibaba.nacos.client.naming - com.alibaba.nacos.client.naming.cache.ServiceInfoHolder do shutdown stop
2025-07-25 09:32:55.504 [SpringApplicationShutdownHook] INFO  com.alibaba.nacos.client.naming - com.alibaba.nacos.client.naming.remote.NamingClientProxyDelegate do shutdown begin
2025-07-25 09:32:55.504 [SpringApplicationShutdownHook] INFO  com.alibaba.nacos.client.naming - com.alibaba.nacos.client.naming.core.ServiceInfoUpdateService do shutdown begin
2025-07-25 09:32:55.504 [SpringApplicationShutdownHook] INFO  com.alibaba.nacos.client.naming - com.alibaba.nacos.client.naming.core.ServiceInfoUpdateService do shutdown stop
2025-07-25 09:32:55.504 [SpringApplicationShutdownHook] INFO  com.alibaba.nacos.client.naming - com.alibaba.nacos.client.naming.core.ServerListManager do shutdown begin
2025-07-25 09:32:55.504 [SpringApplicationShutdownHook] WARN  com.alibaba.nacos.client.naming - [NamingHttpClientManager] Start destroying NacosRestTemplate
2025-07-25 09:32:55.504 [SpringApplicationShutdownHook] WARN  com.alibaba.nacos.client.naming - [NamingHttpClientManager] Destruction of the end
2025-07-25 09:32:55.504 [SpringApplicationShutdownHook] INFO  com.alibaba.nacos.client.naming - com.alibaba.nacos.client.naming.core.ServerListManager do shutdown stop
2025-07-25 09:32:55.504 [SpringApplicationShutdownHook] INFO  com.alibaba.nacos.client.naming - com.alibaba.nacos.client.naming.remote.http.NamingHttpClientProxy do shutdown begin
2025-07-25 09:32:55.504 [SpringApplicationShutdownHook] WARN  com.alibaba.nacos.client.naming - [NamingHttpClientManager] Start destroying NacosRestTemplate
2025-07-25 09:32:55.504 [SpringApplicationShutdownHook] WARN  com.alibaba.nacos.client.naming - [NamingHttpClientManager] Destruction of the end
2025-07-25 09:32:55.504 [SpringApplicationShutdownHook] INFO  com.alibaba.nacos.client.naming - com.alibaba.nacos.client.naming.remote.http.NamingHttpClientProxy do shutdown stop
2025-07-25 09:32:55.504 [SpringApplicationShutdownHook] INFO  com.alibaba.nacos.common.remote.client - Shutdown rpc client, set status to shutdown
2025-07-25 09:32:55.504 [SpringApplicationShutdownHook] INFO  com.alibaba.nacos.common.remote.client - Shutdown client event executor java.util.concurrent.ScheduledThreadPoolExecutor@5e1f9750[Running, pool size = 2, active threads = 2, queued tasks = 0, completed tasks = 0]
2025-07-25 09:32:55.504 [SpringApplicationShutdownHook] INFO  com.alibaba.nacos.common.remote.client - Close current connection 1753407150320_127.0.0.1_60260
2025-07-25 09:32:55.506 [SpringApplicationShutdownHook] INFO  c.a.nacos.common.remote.client.grpc.GrpcClient - Shutdown grpc executor java.util.concurrent.ThreadPoolExecutor@71886572[Running, pool size = 4, active threads = 0, queued tasks = 0, completed tasks = 14]
2025-07-25 09:32:55.506 [SpringApplicationShutdownHook] INFO  com.alibaba.nacos.client.naming - Shutdown grpc redo service executor java.util.concurrent.ScheduledThreadPoolExecutor@326a5d91[Running, pool size = 1, active threads = 0, queued tasks = 1, completed tasks = 8]
2025-07-25 09:32:55.507 [SpringApplicationShutdownHook] INFO  c.a.n.client.auth.ram.identify.CredentialWatcher - [null] CredentialWatcher is stopped
2025-07-25 09:32:55.507 [SpringApplicationShutdownHook] INFO  c.a.n.client.auth.ram.identify.CredentialService - [null] CredentialService is freed
2025-07-25 09:32:55.507 [SpringApplicationShutdownHook] INFO  com.alibaba.nacos.client.naming - com.alibaba.nacos.client.naming.remote.NamingClientProxyDelegate do shutdown stop
2025-07-25 09:32:55.625 [SpringApplicationShutdownHook] INFO  com.alibaba.druid.pool.DruidDataSource - {dataSource-1} closing ...
2025-07-25 09:32:55.631 [SpringApplicationShutdownHook] INFO  com.alibaba.druid.pool.DruidDataSource - {dataSource-1} closed
2025-07-25 09:32:58.911 [main] WARN  com.alibaba.nacos.client.logging.NacosLogging - Load Logback Configuration of Nacos fail, message: Could not initialize Logback Nacos logging from classpath:nacos-logback.xml
2025-07-25 09:32:58.964 [main] WARN  com.alibaba.nacos.client.logging.NacosLogging - Load Logback Configuration of Nacos fail, message: Could not initialize Logback Nacos logging from classpath:nacos-logback.xml
2025-07-25 09:32:59.173 [main] WARN  com.alibaba.nacos.client.logging.NacosLogging - Load Logback Configuration of Nacos fail, message: Could not initialize Logback Nacos logging from classpath:nacos-logback.xml
2025-07-25 09:32:59.175 [main] INFO  com.alibaba.nacos.client.utils.ParamUtil - [settings] [req-serv] nacos-server port:8848
2025-07-25 09:32:59.175 [main] INFO  com.alibaba.nacos.client.utils.ParamUtil - [settings] [http-client] connect timeout:1000
2025-07-25 09:32:59.176 [main] INFO  com.alibaba.nacos.client.utils.ParamUtil - PER_TASK_CONFIG_SIZE: 3000.0
2025-07-25 09:32:59.202 [main] INFO  c.a.n.p.auth.spi.client.ClientAuthPluginManager - [ClientAuthPluginManager] Load ClientAuthService com.alibaba.nacos.client.auth.impl.NacosClientAuthServiceImpl success.
2025-07-25 09:32:59.202 [main] INFO  c.a.n.p.auth.spi.client.ClientAuthPluginManager - [ClientAuthPluginManager] Load ClientAuthService com.alibaba.nacos.client.auth.ram.RamClientAuthServiceImpl success.
2025-07-25 09:32:59.205 [main] INFO  c.a.n.client.auth.ram.identify.CredentialWatcher - null No credential found
2025-07-25 09:33:00.391 [main] WARN  com.alibaba.nacos.client.logging.NacosLogging - Load Logback Configuration of Nacos fail, message: Could not initialize Logback Nacos logging from classpath:nacos-logback.xml
2025-07-25 09:33:00.402 [main] INFO  c.a.n.client.config.impl.LocalConfigInfoProcessor - LOCAL_SNAPSHOT_PATH:C:\Users\50723\nacos\config
2025-07-25 09:33:00.405 [main] INFO  com.alibaba.nacos.common.remote.client - [RpcClientFactory] create a new rpc client of d1c314cd-3b09-4623-af1e-d88a60fcd360_config-0
2025-07-25 09:33:00.425 [main] INFO  com.alibaba.nacos.common.remote.client - [d1c314cd-3b09-4623-af1e-d88a60fcd360_config-0] Register server push request handler:com.alibaba.nacos.client.config.impl.ClientWorker$ConfigRpcTransportClient$$Lambda$584/0x0000025901391540
2025-07-25 09:33:00.425 [main] INFO  com.alibaba.nacos.common.remote.client - [d1c314cd-3b09-4623-af1e-d88a60fcd360_config-0] Register server push request handler:com.alibaba.nacos.client.config.impl.ClientWorker$ConfigRpcTransportClient$$Lambda$585/0x0000025901391960
2025-07-25 09:33:00.425 [main] INFO  com.alibaba.nacos.common.remote.client - [d1c314cd-3b09-4623-af1e-d88a60fcd360_config-0] Registry connection listener to current client:com.alibaba.nacos.client.config.impl.ClientWorker$ConfigRpcTransportClient$1
2025-07-25 09:33:00.426 [main] INFO  com.alibaba.nacos.common.remote.client - [d1c314cd-3b09-4623-af1e-d88a60fcd360_config-0] RpcClient init, ServerListFactory = com.alibaba.nacos.client.config.impl.ClientWorker$ConfigRpcTransportClient$2
2025-07-25 09:33:00.432 [main] INFO  com.alibaba.nacos.common.remote.client - [d1c314cd-3b09-4623-af1e-d88a60fcd360_config-0] Try to connect to server on start up, server: {serverIp = '127.0.0.1', server main port = 8848}
2025-07-25 09:33:00.457 [main] INFO  c.a.nacos.common.remote.client.grpc.GrpcClient - grpc client connection server:127.0.0.1 ip,serverPort:9848,grpcTslConfig:{"sslProvider":"OPENSSL","enableTls":false,"mutualAuthEnable":false,"trustAll":false}
2025-07-25 09:33:01.176 [main] INFO  com.alibaba.nacos.common.remote.client - [d1c314cd-3b09-4623-af1e-d88a60fcd360_config-0] Success to connect to server [127.0.0.1:8848] on start up, connectionId = 1753407180999_127.0.0.1_60271
2025-07-25 09:33:01.177 [com.alibaba.nacos.client.remote.worker] INFO  com.alibaba.nacos.common.remote.client - [d1c314cd-3b09-4623-af1e-d88a60fcd360_config-0] Notify connected event to listeners.
2025-07-25 09:33:01.177 [com.alibaba.nacos.client.remote.worker] INFO  com.alibaba.nacos.client.config.impl.ClientWorker - [d1c314cd-3b09-4623-af1e-d88a60fcd360_config-0] Connected,notify listen context...
2025-07-25 09:33:01.178 [main] INFO  com.alibaba.nacos.common.remote.client - [d1c314cd-3b09-4623-af1e-d88a60fcd360_config-0] Register server push request handler:com.alibaba.nacos.common.remote.client.RpcClient$ConnectResetRequestHandler
2025-07-25 09:33:01.178 [main] INFO  com.alibaba.nacos.common.remote.client - [d1c314cd-3b09-4623-af1e-d88a60fcd360_config-0] Register server push request handler:com.alibaba.nacos.common.remote.client.RpcClient$$Lambda$605/0x00000259014d9448
2025-07-25 09:33:01.218 [main] INFO  com.alibaba.nacos.client.config.impl.Limiter - limitTime:5.0
2025-07-25 09:33:01.228 [main] INFO  com.alibaba.nacos.client.config.utils.JvmUtil - isMultiInstance:false
2025-07-25 09:33:01.237 [main] WARN  c.a.cloud.nacos.client.NacosPropertySourceBuilder - Ignore the empty nacos configuration and get it based on dataId[xiaohashu-auth.yaml] & group[DEFAULT_GROUP]
2025-07-25 09:33:01.243 [main] INFO  o.s.c.b.c.PropertySourceBootstrapConfiguration - Located property source: [BootstrapPropertySource {name='bootstrapProperties-xiaohashu-auth-dev.yaml,DEFAULT_GROUP'}, BootstrapPropertySource {name='bootstrapProperties-xiaohashu-auth.yaml,DEFAULT_GROUP'}, BootstrapPropertySource {name='bootstrapProperties-xiaohashu-auth,DEFAULT_GROUP'}]
2025-07-25 09:33:01.261 [main] WARN  com.alibaba.nacos.client.logging.NacosLogging - Load Logback Configuration of Nacos fail, message: Could not initialize Logback Nacos logging from classpath:nacos-logback.xml
2025-07-25 09:33:01.261 [main] INFO  c.q.xiaohashu.auth.XiaohashuAuthApplication - The following 1 profile is active: "dev"
2025-07-25 09:33:01.735 [main] INFO  o.s.d.r.config.RepositoryConfigurationDelegate - Multiple Spring Data modules found, entering strict repository configuration mode
2025-07-25 09:33:01.737 [main] INFO  o.s.d.r.config.RepositoryConfigurationDelegate - Bootstrapping Spring Data Redis repositories in DEFAULT mode.
2025-07-25 09:33:01.754 [main] INFO  o.s.d.r.config.RepositoryConfigurationDelegate - Finished Spring Data repository scanning in 7 ms. Found 0 Redis repository interfaces.
2025-07-25 09:33:01.844 [main] INFO  o.springframework.cloud.context.scope.GenericScope - BeanFactory id=ce825f38-1723-3926-b5a2-fd0182ae3fd6
2025-07-25 09:33:02.246 [main] INFO  o.s.boot.web.embedded.tomcat.TomcatWebServer - Tomcat initialized with port(s): 8080 (http)
2025-07-25 09:33:02.255 [main] INFO  org.apache.catalina.core.StandardService - Starting service [Tomcat]
2025-07-25 09:33:02.255 [main] INFO  org.apache.catalina.core.StandardEngine - Starting Servlet engine: [Apache Tomcat/10.1.5]
2025-07-25 09:33:02.309 [main] INFO  o.a.c.core.ContainerBase.[Tomcat].[localhost].[/] - Initializing Spring embedded WebApplicationContext
2025-07-25 09:33:02.310 [main] INFO  o.s.b.w.s.c.ServletWebServerApplicationContext - Root WebApplicationContext: initialization completed in 1037 ms
2025-07-25 09:33:02.398 [main] INFO  c.a.d.s.b.a.DruidDataSourceAutoConfigure - Init DruidDataSource
2025-07-25 09:33:02.670 [main] INFO  com.alibaba.druid.pool.DruidDataSource - {dataSource-1} inited
2025-07-25 09:33:04.513 [main] INFO  org.springframework.cloud.commons.util.InetUtils - Cannot determine local hostname
2025-07-25 09:33:05.754 [main] INFO  org.springframework.cloud.commons.util.InetUtils - Cannot determine local hostname
2025-07-25 09:33:05.811 [main] INFO  o.s.boot.web.embedded.tomcat.TomcatWebServer - Tomcat started on port(s): 8080 (http) with context path ''
2025-07-25 09:33:05.814 [main] INFO  com.alibaba.nacos.client.naming - initializer namespace from ans.namespace attribute : null
2025-07-25 09:33:05.814 [main] INFO  com.alibaba.nacos.client.naming - initializer namespace from ALIBABA_ALIWARE_NAMESPACE attribute :null
2025-07-25 09:33:05.815 [main] INFO  com.alibaba.nacos.client.naming - initializer namespace from namespace attribute :null
2025-07-25 09:33:05.821 [main] INFO  c.a.n.p.auth.spi.client.ClientAuthPluginManager - [ClientAuthPluginManager] Load ClientAuthService com.alibaba.nacos.client.auth.impl.NacosClientAuthServiceImpl success.
2025-07-25 09:33:05.821 [main] INFO  c.a.n.p.auth.spi.client.ClientAuthPluginManager - [ClientAuthPluginManager] Load ClientAuthService com.alibaba.nacos.client.auth.ram.RamClientAuthServiceImpl success.
2025-07-25 09:33:05.824 [main] INFO  com.alibaba.nacos.common.remote.client - [RpcClientFactory] create a new rpc client of d0a0bd97-03db-406a-8194-0e643d7d3e34
2025-07-25 09:33:05.825 [main] INFO  com.alibaba.nacos.common.remote.client - [d0a0bd97-03db-406a-8194-0e643d7d3e34] RpcClient init, ServerListFactory = com.alibaba.nacos.client.naming.core.ServerListManager
2025-07-25 09:33:05.825 [main] INFO  com.alibaba.nacos.common.remote.client - [d0a0bd97-03db-406a-8194-0e643d7d3e34] Registry connection listener to current client:com.alibaba.nacos.client.naming.remote.gprc.redo.NamingGrpcRedoService
2025-07-25 09:33:05.826 [main] INFO  com.alibaba.nacos.common.remote.client - [d0a0bd97-03db-406a-8194-0e643d7d3e34] Register server push request handler:com.alibaba.nacos.client.naming.remote.gprc.NamingPushRequestHandler
2025-07-25 09:33:05.826 [main] INFO  com.alibaba.nacos.common.remote.client - [d0a0bd97-03db-406a-8194-0e643d7d3e34] Try to connect to server on start up, server: {serverIp = '127.0.0.1', server main port = 8848}
2025-07-25 09:33:05.826 [main] INFO  c.a.nacos.common.remote.client.grpc.GrpcClient - grpc client connection server:127.0.0.1 ip,serverPort:9848,grpcTslConfig:{"sslProvider":"OPENSSL","enableTls":false,"mutualAuthEnable":false,"trustAll":false}
2025-07-25 09:33:05.934 [main] INFO  com.alibaba.nacos.common.remote.client - [d0a0bd97-03db-406a-8194-0e643d7d3e34] Success to connect to server [127.0.0.1:8848] on start up, connectionId = 1753407185830_127.0.0.1_60280
2025-07-25 09:33:05.934 [main] INFO  com.alibaba.nacos.common.remote.client - [d0a0bd97-03db-406a-8194-0e643d7d3e34] Register server push request handler:com.alibaba.nacos.common.remote.client.RpcClient$ConnectResetRequestHandler
2025-07-25 09:33:05.934 [main] INFO  com.alibaba.nacos.common.remote.client - [d0a0bd97-03db-406a-8194-0e643d7d3e34] Register server push request handler:com.alibaba.nacos.common.remote.client.RpcClient$$Lambda$605/0x00000259014d9448
2025-07-25 09:33:05.934 [com.alibaba.nacos.client.remote.worker] INFO  com.alibaba.nacos.common.remote.client - [d0a0bd97-03db-406a-8194-0e643d7d3e34] Notify connected event to listeners.
2025-07-25 09:33:05.934 [com.alibaba.nacos.client.remote.worker] INFO  com.alibaba.nacos.client.naming - Grpc connection connect
2025-07-25 09:33:05.935 [main] INFO  com.alibaba.nacos.client.naming - [REGISTER-SERVICE] xiaohashu registering service xiaohashu-auth with instance Instance{instanceId='null', ip='192.168.93.1', port=8080, weight=1.0, healthy=true, enabled=true, ephemeral=true, clusterName='DEFAULT', serviceName='null', metadata={IPv6=[2409:8931:478:a5b:345c:88ad:f105:ea50], preserved.register.source=SPRING_CLOUD}}
2025-07-25 09:33:05.944 [main] INFO  c.a.cloud.nacos.registry.NacosServiceRegistry - nacos registry, DEFAULT_GROUP xiaohashu-auth 192.168.93.1:8080 register finished
2025-07-25 09:33:07.038 [main] INFO  org.springframework.cloud.commons.util.InetUtils - Cannot determine local hostname
2025-07-25 09:33:07.054 [main] INFO  c.q.xiaohashu.auth.XiaohashuAuthApplication - Started XiaohashuAuthApplication in 9.762 seconds (process running for 10.289)
2025-07-25 09:33:07.054 [main] INFO  c.q.x.auth.runner.PushRolePermissions2RedisRunner - ==> 服务启动，开始同步角色权限数据到 Redis 中...
2025-07-25 09:33:07.370 [main] DEBUG c.q.x.a.d.mapper.RoleDOMapper.selectEnabledList - ==>  Preparing: select id, role_key, role_name from t_role where status=0 and is_deleted = false
2025-07-25 09:33:07.494 [main] DEBUG c.q.x.a.d.mapper.RoleDOMapper.selectEnabledList - ==> Parameters: 
2025-07-25 09:33:07.520 [main] DEBUG c.q.x.a.d.mapper.RoleDOMapper.selectEnabledList - <==      Total: 2
2025-07-25 09:33:07.536 [main] DEBUG c.q.x.a.d.m.RolePermissionDOMapper.selectByRoleIds - ==>  Preparing: select role_id, permission_id from t_role_permission_rel where role_id in ( ? , ? )
2025-07-25 09:33:07.537 [main] DEBUG c.q.x.a.d.m.RolePermissionDOMapper.selectByRoleIds - ==> Parameters: 1(Long), 2(Long)
2025-07-25 09:33:07.541 [main] DEBUG c.q.x.a.d.m.RolePermissionDOMapper.selectByRoleIds - <==      Total: 2
2025-07-25 09:33:07.542 [main] DEBUG c.q.x.a.d.m.P.selectAppEnabledList - ==>  Preparing: select id,name,permission_key from t_permission where status = 0 and type = 3 and is_deleted = 0
2025-07-25 09:33:07.543 [main] DEBUG c.q.x.a.d.m.P.selectAppEnabledList - ==> Parameters: 
2025-07-25 09:33:07.545 [main] DEBUG c.q.x.a.d.m.P.selectAppEnabledList - <==      Total: 2
2025-07-25 09:33:07.558 [main] INFO  c.q.x.auth.runner.PushRolePermissions2RedisRunner - ==> 服务启动，成功同步角色权限数据到 Redis 中...
2025-07-25 09:33:07.561 [main] INFO  com.alibaba.nacos.client.config.impl.CacheData - nacos.cache.data.init.snapshot = true 
2025-07-25 09:33:07.561 [main] INFO  com.alibaba.nacos.client.config.impl.ClientWorker - [fixed-xiaohashu-127.0.0.1_8848] [subscribe] xiaohashu-auth.yaml+DEFAULT_GROUP+xiaohashu
2025-07-25 09:33:07.567 [main] INFO  com.alibaba.nacos.client.config.impl.CacheData - [fixed-xiaohashu-127.0.0.1_8848] [add-listener] ok, tenant=xiaohashu, dataId=xiaohashu-auth.yaml, group=DEFAULT_GROUP, cnt=1
2025-07-25 09:33:07.567 [main] INFO  c.a.cloud.nacos.refresh.NacosContextRefresher - [Nacos Config] Listening config: dataId=xiaohashu-auth.yaml, group=DEFAULT_GROUP
2025-07-25 09:33:07.569 [main] INFO  com.alibaba.nacos.client.config.impl.ClientWorker - [fixed-xiaohashu-127.0.0.1_8848] [subscribe] xiaohashu-auth-dev.yaml+DEFAULT_GROUP+xiaohashu
2025-07-25 09:33:07.569 [main] INFO  com.alibaba.nacos.client.config.impl.CacheData - [fixed-xiaohashu-127.0.0.1_8848] [add-listener] ok, tenant=xiaohashu, dataId=xiaohashu-auth-dev.yaml, group=DEFAULT_GROUP, cnt=1
2025-07-25 09:33:07.569 [main] INFO  c.a.cloud.nacos.refresh.NacosContextRefresher - [Nacos Config] Listening config: dataId=xiaohashu-auth-dev.yaml, group=DEFAULT_GROUP
2025-07-25 09:33:07.570 [main] INFO  com.alibaba.nacos.client.config.impl.ClientWorker - [fixed-xiaohashu-127.0.0.1_8848] [subscribe] xiaohashu-auth+DEFAULT_GROUP+xiaohashu
2025-07-25 09:33:07.570 [main] INFO  com.alibaba.nacos.client.config.impl.CacheData - [fixed-xiaohashu-127.0.0.1_8848] [add-listener] ok, tenant=xiaohashu, dataId=xiaohashu-auth, group=DEFAULT_GROUP, cnt=1
2025-07-25 09:33:07.570 [main] INFO  c.a.cloud.nacos.refresh.NacosContextRefresher - [Nacos Config] Listening config: dataId=xiaohashu-auth, group=DEFAULT_GROUP
2025-07-25 10:00:07.623 [http-nio-8080-exec-3] INFO  o.a.c.core.ContainerBase.[Tomcat].[localhost].[/] - Initializing Spring DispatcherServlet 'dispatcherServlet'
2025-07-25 10:00:07.624 [http-nio-8080-exec-3] INFO  org.springframework.web.servlet.DispatcherServlet - Initializing Servlet 'dispatcherServlet'
2025-07-25 10:00:07.625 [http-nio-8080-exec-3] INFO  org.springframework.web.servlet.DispatcherServlet - Completed initialization in 1 ms
2025-07-25 10:07:50.867 [http-nio-8080-exec-4] DEBUG c.q.x.a.domain.mapper.UserDOMapper.selectByPhone - ==>  Preparing: select id,password,phone,status from t_user where phone=?
2025-07-25 10:07:50.868 [http-nio-8080-exec-4] DEBUG c.q.x.a.domain.mapper.UserDOMapper.selectByPhone - ==> Parameters: 18011119108(String)
2025-07-25 10:07:50.870 [http-nio-8080-exec-4] DEBUG c.q.x.a.domain.mapper.UserDOMapper.selectByPhone - <==      Total: 1
2025-07-25 10:07:50.916 [http-nio-8080-exec-4] DEBUG c.q.x.a.domain.mapper.UserDOMapper.selectByPhone - ==>  Preparing: select id,password,phone,status from t_user where phone=?
2025-07-25 10:07:50.917 [http-nio-8080-exec-4] DEBUG c.q.x.a.domain.mapper.UserDOMapper.selectByPhone - ==> Parameters: 18011119108(String)
2025-07-25 10:07:50.918 [http-nio-8080-exec-4] DEBUG c.q.x.a.domain.mapper.UserDOMapper.selectByPhone - <==      Total: 1
2025-07-25 10:10:54.516 [Thread-9] WARN  com.alibaba.nacos.common.notify.NotifyCenter - [NotifyCenter] Start destroying Publisher
2025-07-25 10:10:54.516 [Thread-2] WARN  c.alibaba.nacos.common.http.HttpClientBeanHolder - [HttpClientBeanHolder] Start destroying common HttpClient
2025-07-25 10:10:54.516 [Thread-9] WARN  com.alibaba.nacos.common.notify.NotifyCenter - [NotifyCenter] Destruction of the end
2025-07-25 10:10:54.517 [Thread-2] WARN  c.alibaba.nacos.common.http.HttpClientBeanHolder - [HttpClientBeanHolder] Destruction of the end
2025-07-25 10:10:54.545 [SpringApplicationShutdownHook] INFO  c.a.cloud.nacos.registry.NacosServiceRegistry - De-registering from Nacos Server now...
2025-07-25 10:10:54.546 [SpringApplicationShutdownHook] INFO  com.alibaba.nacos.client.naming - [DEREGISTER-SERVICE] xiaohashu deregistering service xiaohashu-auth with instance: Instance{instanceId='null', ip='192.168.93.1', port=8080, weight=1.0, healthy=true, enabled=true, ephemeral=true, clusterName='DEFAULT', serviceName='null', metadata={}}
2025-07-25 10:10:54.548 [SpringApplicationShutdownHook] INFO  c.a.cloud.nacos.registry.NacosServiceRegistry - De-registration finished.
2025-07-25 10:10:54.549 [SpringApplicationShutdownHook] INFO  com.alibaba.nacos.client.naming - com.alibaba.nacos.client.naming.cache.ServiceInfoHolder do shutdown begin
2025-07-25 10:10:54.549 [com.alibaba.nacos.client.naming.grpc.redo.0] INFO  com.alibaba.nacos.client.naming - Redo instance operation REMOVE for DEFAULT_GROUP@@xiaohashu-auth
2025-07-25 10:10:54.549 [SpringApplicationShutdownHook] INFO  com.alibaba.nacos.client.naming - com.alibaba.nacos.client.naming.backups.FailoverReactor do shutdown begin
2025-07-25 10:10:54.549 [SpringApplicationShutdownHook] INFO  com.alibaba.nacos.client.naming - com.alibaba.nacos.client.naming.backups.FailoverReactor do shutdown stop
2025-07-25 10:10:54.549 [SpringApplicationShutdownHook] INFO  com.alibaba.nacos.client.naming - com.alibaba.nacos.client.naming.cache.ServiceInfoHolder do shutdown stop
2025-07-25 10:10:54.549 [SpringApplicationShutdownHook] INFO  com.alibaba.nacos.client.naming - com.alibaba.nacos.client.naming.remote.NamingClientProxyDelegate do shutdown begin
2025-07-25 10:10:54.549 [SpringApplicationShutdownHook] INFO  com.alibaba.nacos.client.naming - com.alibaba.nacos.client.naming.core.ServiceInfoUpdateService do shutdown begin
2025-07-25 10:10:54.549 [SpringApplicationShutdownHook] INFO  com.alibaba.nacos.client.naming - com.alibaba.nacos.client.naming.core.ServiceInfoUpdateService do shutdown stop
2025-07-25 10:10:54.549 [SpringApplicationShutdownHook] INFO  com.alibaba.nacos.client.naming - com.alibaba.nacos.client.naming.core.ServerListManager do shutdown begin
2025-07-25 10:10:54.549 [SpringApplicationShutdownHook] WARN  com.alibaba.nacos.client.naming - [NamingHttpClientManager] Start destroying NacosRestTemplate
2025-07-25 10:10:54.549 [SpringApplicationShutdownHook] WARN  com.alibaba.nacos.client.naming - [NamingHttpClientManager] Destruction of the end
2025-07-25 10:10:54.549 [SpringApplicationShutdownHook] INFO  com.alibaba.nacos.client.naming - com.alibaba.nacos.client.naming.core.ServerListManager do shutdown stop
2025-07-25 10:10:54.549 [SpringApplicationShutdownHook] INFO  com.alibaba.nacos.client.naming - com.alibaba.nacos.client.naming.remote.http.NamingHttpClientProxy do shutdown begin
2025-07-25 10:10:54.549 [SpringApplicationShutdownHook] WARN  com.alibaba.nacos.client.naming - [NamingHttpClientManager] Start destroying NacosRestTemplate
2025-07-25 10:10:54.549 [SpringApplicationShutdownHook] WARN  com.alibaba.nacos.client.naming - [NamingHttpClientManager] Destruction of the end
2025-07-25 10:10:54.549 [SpringApplicationShutdownHook] INFO  com.alibaba.nacos.client.naming - com.alibaba.nacos.client.naming.remote.http.NamingHttpClientProxy do shutdown stop
2025-07-25 10:10:54.549 [SpringApplicationShutdownHook] INFO  com.alibaba.nacos.common.remote.client - Shutdown rpc client, set status to shutdown
2025-07-25 10:10:54.549 [SpringApplicationShutdownHook] INFO  com.alibaba.nacos.common.remote.client - Shutdown client event executor java.util.concurrent.ScheduledThreadPoolExecutor@20dcc828[Running, pool size = 2, active threads = 2, queued tasks = 0, completed tasks = 0]
2025-07-25 10:10:54.549 [SpringApplicationShutdownHook] INFO  com.alibaba.nacos.common.remote.client - Close current connection 1753407185830_127.0.0.1_60280
2025-07-25 10:10:54.551 [SpringApplicationShutdownHook] INFO  c.a.nacos.common.remote.client.grpc.GrpcClient - Shutdown grpc executor java.util.concurrent.ThreadPoolExecutor@4b5ec7a1[Running, pool size = 3, active threads = 0, queued tasks = 0, completed tasks = 469]
2025-07-25 10:10:54.551 [SpringApplicationShutdownHook] INFO  com.alibaba.nacos.client.naming - Shutdown grpc redo service executor java.util.concurrent.ScheduledThreadPoolExecutor@11e11514[Running, pool size = 1, active threads = 0, queued tasks = 1, completed tasks = 755]
2025-07-25 10:10:54.552 [SpringApplicationShutdownHook] INFO  c.a.n.client.auth.ram.identify.CredentialWatcher - [null] CredentialWatcher is stopped
2025-07-25 10:10:54.552 [SpringApplicationShutdownHook] INFO  c.a.n.client.auth.ram.identify.CredentialService - [null] CredentialService is freed
2025-07-25 10:10:54.552 [SpringApplicationShutdownHook] INFO  com.alibaba.nacos.client.naming - com.alibaba.nacos.client.naming.remote.NamingClientProxyDelegate do shutdown stop
2025-07-25 10:10:54.680 [SpringApplicationShutdownHook] INFO  com.alibaba.druid.pool.DruidDataSource - {dataSource-1} closing ...
2025-07-25 10:10:54.682 [SpringApplicationShutdownHook] INFO  com.alibaba.druid.pool.DruidDataSource - {dataSource-1} closed
2025-07-25 10:11:00.111 [main] WARN  com.alibaba.nacos.client.logging.NacosLogging - Load Logback Configuration of Nacos fail, message: Could not initialize Logback Nacos logging from classpath:nacos-logback.xml
2025-07-25 10:11:00.162 [main] WARN  com.alibaba.nacos.client.logging.NacosLogging - Load Logback Configuration of Nacos fail, message: Could not initialize Logback Nacos logging from classpath:nacos-logback.xml
2025-07-25 10:11:00.343 [main] WARN  com.alibaba.nacos.client.logging.NacosLogging - Load Logback Configuration of Nacos fail, message: Could not initialize Logback Nacos logging from classpath:nacos-logback.xml
2025-07-25 10:11:00.344 [main] INFO  com.alibaba.nacos.client.utils.ParamUtil - [settings] [req-serv] nacos-server port:8848
2025-07-25 10:11:00.345 [main] INFO  com.alibaba.nacos.client.utils.ParamUtil - [settings] [http-client] connect timeout:1000
2025-07-25 10:11:00.345 [main] INFO  com.alibaba.nacos.client.utils.ParamUtil - PER_TASK_CONFIG_SIZE: 3000.0
2025-07-25 10:11:00.369 [main] INFO  c.a.n.p.auth.spi.client.ClientAuthPluginManager - [ClientAuthPluginManager] Load ClientAuthService com.alibaba.nacos.client.auth.impl.NacosClientAuthServiceImpl success.
2025-07-25 10:11:00.369 [main] INFO  c.a.n.p.auth.spi.client.ClientAuthPluginManager - [ClientAuthPluginManager] Load ClientAuthService com.alibaba.nacos.client.auth.ram.RamClientAuthServiceImpl success.
2025-07-25 10:11:00.372 [main] INFO  c.a.n.client.auth.ram.identify.CredentialWatcher - null No credential found
2025-07-25 10:11:01.569 [main] WARN  com.alibaba.nacos.client.logging.NacosLogging - Load Logback Configuration of Nacos fail, message: Could not initialize Logback Nacos logging from classpath:nacos-logback.xml
2025-07-25 10:11:01.581 [main] INFO  c.a.n.client.config.impl.LocalConfigInfoProcessor - LOCAL_SNAPSHOT_PATH:C:\Users\50723\nacos\config
2025-07-25 10:11:01.588 [main] INFO  com.alibaba.nacos.common.remote.client - [RpcClientFactory] create a new rpc client of 430c2fc3-bbcf-408e-b82f-80e8e12e5136_config-0
2025-07-25 10:11:01.603 [main] INFO  com.alibaba.nacos.common.remote.client - [430c2fc3-bbcf-408e-b82f-80e8e12e5136_config-0] Register server push request handler:com.alibaba.nacos.client.config.impl.ClientWorker$ConfigRpcTransportClient$$Lambda$584/0x000002b4d43901f8
2025-07-25 10:11:01.606 [main] INFO  com.alibaba.nacos.common.remote.client - [430c2fc3-bbcf-408e-b82f-80e8e12e5136_config-0] Register server push request handler:com.alibaba.nacos.client.config.impl.ClientWorker$ConfigRpcTransportClient$$Lambda$585/0x000002b4d4390618
2025-07-25 10:11:01.607 [main] INFO  com.alibaba.nacos.common.remote.client - [430c2fc3-bbcf-408e-b82f-80e8e12e5136_config-0] Registry connection listener to current client:com.alibaba.nacos.client.config.impl.ClientWorker$ConfigRpcTransportClient$1
2025-07-25 10:11:01.607 [main] INFO  com.alibaba.nacos.common.remote.client - [430c2fc3-bbcf-408e-b82f-80e8e12e5136_config-0] RpcClient init, ServerListFactory = com.alibaba.nacos.client.config.impl.ClientWorker$ConfigRpcTransportClient$2
2025-07-25 10:11:01.614 [main] INFO  com.alibaba.nacos.common.remote.client - [430c2fc3-bbcf-408e-b82f-80e8e12e5136_config-0] Try to connect to server on start up, server: {serverIp = '127.0.0.1', server main port = 8848}
2025-07-25 10:11:01.640 [main] INFO  c.a.nacos.common.remote.client.grpc.GrpcClient - grpc client connection server:127.0.0.1 ip,serverPort:9848,grpcTslConfig:{"sslProvider":"OPENSSL","enableTls":false,"mutualAuthEnable":false,"trustAll":false}
2025-07-25 10:11:02.348 [main] INFO  com.alibaba.nacos.common.remote.client - [430c2fc3-bbcf-408e-b82f-80e8e12e5136_config-0] Success to connect to server [127.0.0.1:8848] on start up, connectionId = 1753409462171_127.0.0.1_53201
2025-07-25 10:11:02.349 [com.alibaba.nacos.client.remote.worker] INFO  com.alibaba.nacos.common.remote.client - [430c2fc3-bbcf-408e-b82f-80e8e12e5136_config-0] Notify connected event to listeners.
2025-07-25 10:11:02.349 [com.alibaba.nacos.client.remote.worker] INFO  com.alibaba.nacos.client.config.impl.ClientWorker - [430c2fc3-bbcf-408e-b82f-80e8e12e5136_config-0] Connected,notify listen context...
2025-07-25 10:11:02.349 [main] INFO  com.alibaba.nacos.common.remote.client - [430c2fc3-bbcf-408e-b82f-80e8e12e5136_config-0] Register server push request handler:com.alibaba.nacos.common.remote.client.RpcClient$ConnectResetRequestHandler
2025-07-25 10:11:02.349 [main] INFO  com.alibaba.nacos.common.remote.client - [430c2fc3-bbcf-408e-b82f-80e8e12e5136_config-0] Register server push request handler:com.alibaba.nacos.common.remote.client.RpcClient$$Lambda$605/0x000002b4d44d8000
2025-07-25 10:11:02.409 [main] INFO  com.alibaba.nacos.client.config.impl.Limiter - limitTime:5.0
2025-07-25 10:11:02.422 [main] INFO  com.alibaba.nacos.client.config.utils.JvmUtil - isMultiInstance:false
2025-07-25 10:11:02.431 [main] WARN  c.a.cloud.nacos.client.NacosPropertySourceBuilder - Ignore the empty nacos configuration and get it based on dataId[xiaohashu-auth.yaml] & group[DEFAULT_GROUP]
2025-07-25 10:11:02.437 [main] INFO  o.s.c.b.c.PropertySourceBootstrapConfiguration - Located property source: [BootstrapPropertySource {name='bootstrapProperties-xiaohashu-auth-dev.yaml,DEFAULT_GROUP'}, BootstrapPropertySource {name='bootstrapProperties-xiaohashu-auth.yaml,DEFAULT_GROUP'}, BootstrapPropertySource {name='bootstrapProperties-xiaohashu-auth,DEFAULT_GROUP'}]
2025-07-25 10:11:02.455 [main] WARN  com.alibaba.nacos.client.logging.NacosLogging - Load Logback Configuration of Nacos fail, message: Could not initialize Logback Nacos logging from classpath:nacos-logback.xml
2025-07-25 10:11:02.455 [main] INFO  c.q.xiaohashu.auth.XiaohashuAuthApplication - The following 1 profile is active: "dev"
2025-07-25 10:11:02.983 [main] INFO  o.s.d.r.config.RepositoryConfigurationDelegate - Multiple Spring Data modules found, entering strict repository configuration mode
2025-07-25 10:11:02.985 [main] INFO  o.s.d.r.config.RepositoryConfigurationDelegate - Bootstrapping Spring Data Redis repositories in DEFAULT mode.
2025-07-25 10:11:03.003 [main] INFO  o.s.d.r.config.RepositoryConfigurationDelegate - Finished Spring Data repository scanning in 7 ms. Found 0 Redis repository interfaces.
2025-07-25 10:11:03.098 [main] INFO  o.springframework.cloud.context.scope.GenericScope - BeanFactory id=ce825f38-1723-3926-b5a2-fd0182ae3fd6
2025-07-25 10:11:03.508 [main] INFO  o.s.boot.web.embedded.tomcat.TomcatWebServer - Tomcat initialized with port(s): 8080 (http)
2025-07-25 10:11:03.517 [main] INFO  org.apache.catalina.core.StandardService - Starting service [Tomcat]
2025-07-25 10:11:03.517 [main] INFO  org.apache.catalina.core.StandardEngine - Starting Servlet engine: [Apache Tomcat/10.1.5]
2025-07-25 10:11:03.580 [main] INFO  o.a.c.core.ContainerBase.[Tomcat].[localhost].[/] - Initializing Spring embedded WebApplicationContext
2025-07-25 10:11:03.580 [main] INFO  o.s.b.w.s.c.ServletWebServerApplicationContext - Root WebApplicationContext: initialization completed in 1114 ms
2025-07-25 10:11:03.673 [main] INFO  c.a.d.s.b.a.DruidDataSourceAutoConfigure - Init DruidDataSource
2025-07-25 10:11:03.942 [main] INFO  com.alibaba.druid.pool.DruidDataSource - {dataSource-1} inited
2025-07-25 10:11:05.669 [main] INFO  org.springframework.cloud.commons.util.InetUtils - Cannot determine local hostname
2025-07-25 10:11:06.911 [main] INFO  org.springframework.cloud.commons.util.InetUtils - Cannot determine local hostname
2025-07-25 10:11:06.979 [main] INFO  o.s.boot.web.embedded.tomcat.TomcatWebServer - Tomcat started on port(s): 8080 (http) with context path ''
2025-07-25 10:11:06.982 [main] INFO  com.alibaba.nacos.client.naming - initializer namespace from ans.namespace attribute : null
2025-07-25 10:11:06.982 [main] INFO  com.alibaba.nacos.client.naming - initializer namespace from ALIBABA_ALIWARE_NAMESPACE attribute :null
2025-07-25 10:11:06.983 [main] INFO  com.alibaba.nacos.client.naming - initializer namespace from namespace attribute :null
2025-07-25 10:11:06.989 [main] INFO  c.a.n.p.auth.spi.client.ClientAuthPluginManager - [ClientAuthPluginManager] Load ClientAuthService com.alibaba.nacos.client.auth.impl.NacosClientAuthServiceImpl success.
2025-07-25 10:11:06.989 [main] INFO  c.a.n.p.auth.spi.client.ClientAuthPluginManager - [ClientAuthPluginManager] Load ClientAuthService com.alibaba.nacos.client.auth.ram.RamClientAuthServiceImpl success.
2025-07-25 10:11:06.992 [main] INFO  com.alibaba.nacos.common.remote.client - [RpcClientFactory] create a new rpc client of 503960f9-a17a-4319-9415-24e715f147c1
2025-07-25 10:11:06.994 [main] INFO  com.alibaba.nacos.common.remote.client - [503960f9-a17a-4319-9415-24e715f147c1] RpcClient init, ServerListFactory = com.alibaba.nacos.client.naming.core.ServerListManager
2025-07-25 10:11:06.994 [main] INFO  com.alibaba.nacos.common.remote.client - [503960f9-a17a-4319-9415-24e715f147c1] Registry connection listener to current client:com.alibaba.nacos.client.naming.remote.gprc.redo.NamingGrpcRedoService
2025-07-25 10:11:06.994 [main] INFO  com.alibaba.nacos.common.remote.client - [503960f9-a17a-4319-9415-24e715f147c1] Register server push request handler:com.alibaba.nacos.client.naming.remote.gprc.NamingPushRequestHandler
2025-07-25 10:11:06.994 [main] INFO  com.alibaba.nacos.common.remote.client - [503960f9-a17a-4319-9415-24e715f147c1] Try to connect to server on start up, server: {serverIp = '127.0.0.1', server main port = 8848}
2025-07-25 10:11:06.994 [main] INFO  c.a.nacos.common.remote.client.grpc.GrpcClient - grpc client connection server:127.0.0.1 ip,serverPort:9848,grpcTslConfig:{"sslProvider":"OPENSSL","enableTls":false,"mutualAuthEnable":false,"trustAll":false}
2025-07-25 10:11:07.104 [main] INFO  com.alibaba.nacos.common.remote.client - [503960f9-a17a-4319-9415-24e715f147c1] Success to connect to server [127.0.0.1:8848] on start up, connectionId = 1753409466998_127.0.0.1_53209
2025-07-25 10:11:07.104 [main] INFO  com.alibaba.nacos.common.remote.client - [503960f9-a17a-4319-9415-24e715f147c1] Register server push request handler:com.alibaba.nacos.common.remote.client.RpcClient$ConnectResetRequestHandler
2025-07-25 10:11:07.104 [main] INFO  com.alibaba.nacos.common.remote.client - [503960f9-a17a-4319-9415-24e715f147c1] Register server push request handler:com.alibaba.nacos.common.remote.client.RpcClient$$Lambda$605/0x000002b4d44d8000
2025-07-25 10:11:07.104 [com.alibaba.nacos.client.remote.worker] INFO  com.alibaba.nacos.common.remote.client - [503960f9-a17a-4319-9415-24e715f147c1] Notify connected event to listeners.
2025-07-25 10:11:07.105 [com.alibaba.nacos.client.remote.worker] INFO  com.alibaba.nacos.client.naming - Grpc connection connect
2025-07-25 10:11:07.106 [main] INFO  com.alibaba.nacos.client.naming - [REGISTER-SERVICE] xiaohashu registering service xiaohashu-auth with instance Instance{instanceId='null', ip='192.168.93.1', port=8080, weight=1.0, healthy=true, enabled=true, ephemeral=true, clusterName='DEFAULT', serviceName='null', metadata={IPv6=[2409:8931:478:a5b:c46e:79d5:1a23:107], preserved.register.source=SPRING_CLOUD}}
2025-07-25 10:11:07.116 [main] INFO  c.a.cloud.nacos.registry.NacosServiceRegistry - nacos registry, DEFAULT_GROUP xiaohashu-auth 192.168.93.1:8080 register finished
2025-07-25 10:11:08.209 [main] INFO  org.springframework.cloud.commons.util.InetUtils - Cannot determine local hostname
2025-07-25 10:11:08.222 [main] INFO  c.q.xiaohashu.auth.XiaohashuAuthApplication - Started XiaohashuAuthApplication in 9.698 seconds (process running for 10.154)
2025-07-25 10:11:08.223 [main] INFO  c.q.x.auth.runner.PushRolePermissions2RedisRunner - ==> 服务启动，开始同步角色权限数据到 Redis 中...
2025-07-25 10:11:08.519 [main] WARN  c.q.x.auth.runner.PushRolePermissions2RedisRunner - ==> 角色权限数据已经同步至 Redis 中，不再同步...
2025-07-25 10:11:08.522 [main] INFO  com.alibaba.nacos.client.config.impl.CacheData - nacos.cache.data.init.snapshot = true 
2025-07-25 10:11:08.522 [main] INFO  com.alibaba.nacos.client.config.impl.ClientWorker - [fixed-xiaohashu-127.0.0.1_8848] [subscribe] xiaohashu-auth.yaml+DEFAULT_GROUP+xiaohashu
2025-07-25 10:11:08.528 [main] INFO  com.alibaba.nacos.client.config.impl.CacheData - [fixed-xiaohashu-127.0.0.1_8848] [add-listener] ok, tenant=xiaohashu, dataId=xiaohashu-auth.yaml, group=DEFAULT_GROUP, cnt=1
2025-07-25 10:11:08.528 [main] INFO  c.a.cloud.nacos.refresh.NacosContextRefresher - [Nacos Config] Listening config: dataId=xiaohashu-auth.yaml, group=DEFAULT_GROUP
2025-07-25 10:11:08.530 [main] INFO  com.alibaba.nacos.client.config.impl.ClientWorker - [fixed-xiaohashu-127.0.0.1_8848] [subscribe] xiaohashu-auth-dev.yaml+DEFAULT_GROUP+xiaohashu
2025-07-25 10:11:08.530 [main] INFO  com.alibaba.nacos.client.config.impl.CacheData - [fixed-xiaohashu-127.0.0.1_8848] [add-listener] ok, tenant=xiaohashu, dataId=xiaohashu-auth-dev.yaml, group=DEFAULT_GROUP, cnt=1
2025-07-25 10:11:08.530 [main] INFO  c.a.cloud.nacos.refresh.NacosContextRefresher - [Nacos Config] Listening config: dataId=xiaohashu-auth-dev.yaml, group=DEFAULT_GROUP
2025-07-25 10:11:08.531 [main] INFO  com.alibaba.nacos.client.config.impl.ClientWorker - [fixed-xiaohashu-127.0.0.1_8848] [subscribe] xiaohashu-auth+DEFAULT_GROUP+xiaohashu
2025-07-25 10:11:08.531 [main] INFO  com.alibaba.nacos.client.config.impl.CacheData - [fixed-xiaohashu-127.0.0.1_8848] [add-listener] ok, tenant=xiaohashu, dataId=xiaohashu-auth, group=DEFAULT_GROUP, cnt=1
2025-07-25 10:11:08.531 [main] INFO  c.a.cloud.nacos.refresh.NacosContextRefresher - [Nacos Config] Listening config: dataId=xiaohashu-auth, group=DEFAULT_GROUP
2025-07-25 10:11:15.548 [http-nio-8080-exec-1] INFO  o.a.c.core.ContainerBase.[Tomcat].[localhost].[/] - Initializing Spring DispatcherServlet 'dispatcherServlet'
2025-07-25 10:11:15.548 [http-nio-8080-exec-1] INFO  org.springframework.web.servlet.DispatcherServlet - Initializing Servlet 'dispatcherServlet'
2025-07-25 10:11:15.549 [http-nio-8080-exec-1] INFO  org.springframework.web.servlet.DispatcherServlet - Completed initialization in 1 ms
2025-07-25 10:11:15.615 [http-nio-8080-exec-1] DEBUG c.q.x.a.domain.mapper.UserDOMapper.selectByPhone - ==>  Preparing: select id,password,phone,status from t_user where phone=?
2025-07-25 10:11:15.791 [http-nio-8080-exec-1] DEBUG c.q.x.a.domain.mapper.UserDOMapper.selectByPhone - ==> Parameters: 18011119108(String)
2025-07-25 10:11:15.810 [http-nio-8080-exec-1] DEBUG c.q.x.a.domain.mapper.UserDOMapper.selectByPhone - <==      Total: 1
2025-07-25 10:11:15.813 [http-nio-8080-exec-1] DEBUG c.q.x.a.d.mapper.RoleDOMapper.selectByPrimaryKey - ==>  Preparing: SELECT id, role_name, role_key, status, sort, remark, create_time, update_time, is_deleted FROM t_role WHERE id = ? AND is_deleted = 0
2025-07-25 10:11:15.816 [http-nio-8080-exec-1] DEBUG c.q.x.a.d.mapper.RoleDOMapper.selectByPrimaryKey - ==> Parameters: 1(Long)
2025-07-25 10:11:15.820 [http-nio-8080-exec-1] DEBUG c.q.x.a.d.mapper.RoleDOMapper.selectByPrimaryKey - <==      Total: 1
2025-07-25 10:11:15.873 [http-nio-8080-exec-1] DEBUG c.q.x.a.domain.mapper.UserDOMapper.selectByPhone - ==>  Preparing: select id,password,phone,status from t_user where phone=?
2025-07-25 10:11:15.873 [http-nio-8080-exec-1] DEBUG c.q.x.a.domain.mapper.UserDOMapper.selectByPhone - ==> Parameters: 18011119108(String)
2025-07-25 10:11:15.874 [http-nio-8080-exec-1] DEBUG c.q.x.a.domain.mapper.UserDOMapper.selectByPhone - <==      Total: 1
2025-07-25 10:11:15.876 [http-nio-8080-exec-1] DEBUG c.q.x.a.d.mapper.RoleDOMapper.selectByPrimaryKey - ==>  Preparing: SELECT id, role_name, role_key, status, sort, remark, create_time, update_time, is_deleted FROM t_role WHERE id = ? AND is_deleted = 0
2025-07-25 10:11:15.876 [http-nio-8080-exec-1] DEBUG c.q.x.a.d.mapper.RoleDOMapper.selectByPrimaryKey - ==> Parameters: 1(Long)
2025-07-25 10:11:15.877 [http-nio-8080-exec-1] DEBUG c.q.x.a.d.mapper.RoleDOMapper.selectByPrimaryKey - <==      Total: 1
2025-07-25 10:22:44.661 [http-nio-8080-exec-4] INFO  c.q.f.b.operationlog.aspect.ApiOperationLogAspect - ====== 请求开始: [账号登出], 入参: , 请求类: UserController, 请求方法: logout =================================== 
2025-07-25 10:22:44.662 [http-nio-8080-exec-4] INFO  c.q.f.b.operationlog.aspect.ApiOperationLogAspect - ====== 请求结束: [账号登出], 耗时: 1ms, 出参: {"success":true,"message":null,"errorCode":null,"data":null} =================================== 
2025-07-25 10:25:53.085 [http-nio-8080-exec-5] INFO  c.q.f.b.operationlog.aspect.ApiOperationLogAspect - ====== 请求开始: [账号登出], 入参: , 请求类: UserController, 请求方法: logout =================================== 
2025-07-25 10:25:53.085 [http-nio-8080-exec-5] INFO  c.q.f.b.operationlog.aspect.ApiOperationLogAspect - ====== 请求结束: [账号登出], 耗时: 0ms, 出参: {"success":true,"message":null,"errorCode":null,"data":null} =================================== 
2025-07-25 11:01:45.513 [Thread-9] WARN  com.alibaba.nacos.common.notify.NotifyCenter - [NotifyCenter] Start destroying Publisher
2025-07-25 11:01:45.513 [Thread-2] WARN  c.alibaba.nacos.common.http.HttpClientBeanHolder - [HttpClientBeanHolder] Start destroying common HttpClient
2025-07-25 11:01:45.513 [Thread-9] WARN  com.alibaba.nacos.common.notify.NotifyCenter - [NotifyCenter] Destruction of the end
2025-07-25 11:01:45.514 [Thread-2] WARN  c.alibaba.nacos.common.http.HttpClientBeanHolder - [HttpClientBeanHolder] Destruction of the end
2025-07-25 11:01:45.547 [SpringApplicationShutdownHook] INFO  c.a.cloud.nacos.registry.NacosServiceRegistry - De-registering from Nacos Server now...
2025-07-25 11:01:45.547 [SpringApplicationShutdownHook] INFO  com.alibaba.nacos.client.naming - [DEREGISTER-SERVICE] xiaohashu deregistering service xiaohashu-auth with instance: Instance{instanceId='null', ip='192.168.93.1', port=8080, weight=1.0, healthy=true, enabled=true, ephemeral=true, clusterName='DEFAULT', serviceName='null', metadata={}}
2025-07-25 11:01:45.549 [SpringApplicationShutdownHook] INFO  c.a.cloud.nacos.registry.NacosServiceRegistry - De-registration finished.
2025-07-25 11:01:45.550 [SpringApplicationShutdownHook] INFO  com.alibaba.nacos.client.naming - com.alibaba.nacos.client.naming.cache.ServiceInfoHolder do shutdown begin
2025-07-25 11:01:45.550 [SpringApplicationShutdownHook] INFO  com.alibaba.nacos.client.naming - com.alibaba.nacos.client.naming.backups.FailoverReactor do shutdown begin
2025-07-25 11:01:45.550 [SpringApplicationShutdownHook] INFO  com.alibaba.nacos.client.naming - com.alibaba.nacos.client.naming.backups.FailoverReactor do shutdown stop
2025-07-25 11:01:45.550 [SpringApplicationShutdownHook] INFO  com.alibaba.nacos.client.naming - com.alibaba.nacos.client.naming.cache.ServiceInfoHolder do shutdown stop
2025-07-25 11:01:45.550 [SpringApplicationShutdownHook] INFO  com.alibaba.nacos.client.naming - com.alibaba.nacos.client.naming.remote.NamingClientProxyDelegate do shutdown begin
2025-07-25 11:01:45.550 [SpringApplicationShutdownHook] INFO  com.alibaba.nacos.client.naming - com.alibaba.nacos.client.naming.core.ServiceInfoUpdateService do shutdown begin
2025-07-25 11:01:45.550 [SpringApplicationShutdownHook] INFO  com.alibaba.nacos.client.naming - com.alibaba.nacos.client.naming.core.ServiceInfoUpdateService do shutdown stop
2025-07-25 11:01:45.550 [SpringApplicationShutdownHook] INFO  com.alibaba.nacos.client.naming - com.alibaba.nacos.client.naming.core.ServerListManager do shutdown begin
2025-07-25 11:01:45.550 [SpringApplicationShutdownHook] WARN  com.alibaba.nacos.client.naming - [NamingHttpClientManager] Start destroying NacosRestTemplate
2025-07-25 11:01:45.550 [SpringApplicationShutdownHook] WARN  com.alibaba.nacos.client.naming - [NamingHttpClientManager] Destruction of the end
2025-07-25 11:01:45.550 [SpringApplicationShutdownHook] INFO  com.alibaba.nacos.client.naming - com.alibaba.nacos.client.naming.core.ServerListManager do shutdown stop
2025-07-25 11:01:45.551 [SpringApplicationShutdownHook] INFO  com.alibaba.nacos.client.naming - com.alibaba.nacos.client.naming.remote.http.NamingHttpClientProxy do shutdown begin
2025-07-25 11:01:45.551 [SpringApplicationShutdownHook] WARN  com.alibaba.nacos.client.naming - [NamingHttpClientManager] Start destroying NacosRestTemplate
2025-07-25 11:01:45.551 [SpringApplicationShutdownHook] WARN  com.alibaba.nacos.client.naming - [NamingHttpClientManager] Destruction of the end
2025-07-25 11:01:45.551 [SpringApplicationShutdownHook] INFO  com.alibaba.nacos.client.naming - com.alibaba.nacos.client.naming.remote.http.NamingHttpClientProxy do shutdown stop
2025-07-25 11:01:45.551 [SpringApplicationShutdownHook] INFO  com.alibaba.nacos.common.remote.client - Shutdown rpc client, set status to shutdown
2025-07-25 11:01:45.551 [SpringApplicationShutdownHook] INFO  com.alibaba.nacos.common.remote.client - Shutdown client event executor java.util.concurrent.ScheduledThreadPoolExecutor@a9a2602[Running, pool size = 2, active threads = 2, queued tasks = 0, completed tasks = 0]
2025-07-25 11:01:45.551 [SpringApplicationShutdownHook] INFO  com.alibaba.nacos.common.remote.client - Close current connection 1753409466998_127.0.0.1_53209
2025-07-25 11:01:45.552 [nacos-grpc-client-executor-127.0.0.1-620] INFO  c.a.nacos.common.remote.client.grpc.GrpcClient - [1753409466998_127.0.0.1_53209]Ignore complete event,isRunning:false,isAbandon=false
2025-07-25 11:01:45.555 [SpringApplicationShutdownHook] INFO  c.a.nacos.common.remote.client.grpc.GrpcClient - Shutdown grpc executor java.util.concurrent.ThreadPoolExecutor@75cca33f[Running, pool size = 4, active threads = 0, queued tasks = 0, completed tasks = 621]
2025-07-25 11:01:45.555 [SpringApplicationShutdownHook] INFO  com.alibaba.nacos.client.naming - Shutdown grpc redo service executor java.util.concurrent.ScheduledThreadPoolExecutor@3495df1d[Running, pool size = 1, active threads = 0, queued tasks = 1, completed tasks = 1010]
2025-07-25 11:01:45.556 [SpringApplicationShutdownHook] INFO  c.a.n.client.auth.ram.identify.CredentialWatcher - [null] CredentialWatcher is stopped
2025-07-25 11:01:45.556 [SpringApplicationShutdownHook] INFO  c.a.n.client.auth.ram.identify.CredentialService - [null] CredentialService is freed
2025-07-25 11:01:45.556 [SpringApplicationShutdownHook] INFO  com.alibaba.nacos.client.naming - com.alibaba.nacos.client.naming.remote.NamingClientProxyDelegate do shutdown stop
2025-07-25 11:01:45.681 [SpringApplicationShutdownHook] INFO  com.alibaba.druid.pool.DruidDataSource - {dataSource-1} closing ...
2025-07-25 11:01:45.682 [SpringApplicationShutdownHook] INFO  com.alibaba.druid.pool.DruidDataSource - {dataSource-1} closed
2025-07-25 11:02:10.269 [main] WARN  com.alibaba.nacos.client.logging.NacosLogging - Load Logback Configuration of Nacos fail, message: Could not initialize Logback Nacos logging from classpath:nacos-logback.xml
2025-07-25 11:02:10.321 [main] WARN  com.alibaba.nacos.client.logging.NacosLogging - Load Logback Configuration of Nacos fail, message: Could not initialize Logback Nacos logging from classpath:nacos-logback.xml
2025-07-25 11:02:10.500 [main] WARN  com.alibaba.nacos.client.logging.NacosLogging - Load Logback Configuration of Nacos fail, message: Could not initialize Logback Nacos logging from classpath:nacos-logback.xml
2025-07-25 11:02:10.502 [main] INFO  com.alibaba.nacos.client.utils.ParamUtil - [settings] [req-serv] nacos-server port:8848
2025-07-25 11:02:10.502 [main] INFO  com.alibaba.nacos.client.utils.ParamUtil - [settings] [http-client] connect timeout:1000
2025-07-25 11:02:10.502 [main] INFO  com.alibaba.nacos.client.utils.ParamUtil - PER_TASK_CONFIG_SIZE: 3000.0
2025-07-25 11:02:10.525 [main] INFO  c.a.n.p.auth.spi.client.ClientAuthPluginManager - [ClientAuthPluginManager] Load ClientAuthService com.alibaba.nacos.client.auth.impl.NacosClientAuthServiceImpl success.
2025-07-25 11:02:10.526 [main] INFO  c.a.n.p.auth.spi.client.ClientAuthPluginManager - [ClientAuthPluginManager] Load ClientAuthService com.alibaba.nacos.client.auth.ram.RamClientAuthServiceImpl success.
2025-07-25 11:02:10.528 [main] INFO  c.a.n.client.auth.ram.identify.CredentialWatcher - null No credential found
2025-07-25 11:02:11.725 [main] WARN  com.alibaba.nacos.client.logging.NacosLogging - Load Logback Configuration of Nacos fail, message: Could not initialize Logback Nacos logging from classpath:nacos-logback.xml
2025-07-25 11:02:11.737 [main] INFO  c.a.n.client.config.impl.LocalConfigInfoProcessor - LOCAL_SNAPSHOT_PATH:C:\Users\50723\nacos\config
2025-07-25 11:02:11.741 [main] INFO  com.alibaba.nacos.common.remote.client - [RpcClientFactory] create a new rpc client of e4008dce-f18f-4d19-a426-ba07c2082b50_config-0
2025-07-25 11:02:11.762 [main] INFO  com.alibaba.nacos.common.remote.client - [e4008dce-f18f-4d19-a426-ba07c2082b50_config-0] Register server push request handler:com.alibaba.nacos.client.config.impl.ClientWorker$ConfigRpcTransportClient$$Lambda$584/0x000002338338e420
2025-07-25 11:02:11.763 [main] INFO  com.alibaba.nacos.common.remote.client - [e4008dce-f18f-4d19-a426-ba07c2082b50_config-0] Register server push request handler:com.alibaba.nacos.client.config.impl.ClientWorker$ConfigRpcTransportClient$$Lambda$585/0x000002338338e840
2025-07-25 11:02:11.763 [main] INFO  com.alibaba.nacos.common.remote.client - [e4008dce-f18f-4d19-a426-ba07c2082b50_config-0] Registry connection listener to current client:com.alibaba.nacos.client.config.impl.ClientWorker$ConfigRpcTransportClient$1
2025-07-25 11:02:11.763 [main] INFO  com.alibaba.nacos.common.remote.client - [e4008dce-f18f-4d19-a426-ba07c2082b50_config-0] RpcClient init, ServerListFactory = com.alibaba.nacos.client.config.impl.ClientWorker$ConfigRpcTransportClient$2
2025-07-25 11:02:11.770 [main] INFO  com.alibaba.nacos.common.remote.client - [e4008dce-f18f-4d19-a426-ba07c2082b50_config-0] Try to connect to server on start up, server: {serverIp = '127.0.0.1', server main port = 8848}
2025-07-25 11:02:11.805 [main] INFO  c.a.nacos.common.remote.client.grpc.GrpcClient - grpc client connection server:127.0.0.1 ip,serverPort:9848,grpcTslConfig:{"sslProvider":"OPENSSL","enableTls":false,"mutualAuthEnable":false,"trustAll":false}
2025-07-25 11:02:12.558 [main] INFO  com.alibaba.nacos.common.remote.client - [e4008dce-f18f-4d19-a426-ba07c2082b50_config-0] Success to connect to server [127.0.0.1:8848] on start up, connectionId = 1753412532359_127.0.0.1_54744
2025-07-25 11:02:12.558 [com.alibaba.nacos.client.remote.worker] INFO  com.alibaba.nacos.common.remote.client - [e4008dce-f18f-4d19-a426-ba07c2082b50_config-0] Notify connected event to listeners.
2025-07-25 11:02:12.559 [com.alibaba.nacos.client.remote.worker] INFO  com.alibaba.nacos.client.config.impl.ClientWorker - [e4008dce-f18f-4d19-a426-ba07c2082b50_config-0] Connected,notify listen context...
2025-07-25 11:02:12.559 [main] INFO  com.alibaba.nacos.common.remote.client - [e4008dce-f18f-4d19-a426-ba07c2082b50_config-0] Register server push request handler:com.alibaba.nacos.common.remote.client.RpcClient$ConnectResetRequestHandler
2025-07-25 11:02:12.559 [main] INFO  com.alibaba.nacos.common.remote.client - [e4008dce-f18f-4d19-a426-ba07c2082b50_config-0] Register server push request handler:com.alibaba.nacos.common.remote.client.RpcClient$$Lambda$605/0x00000233834d6608
2025-07-25 11:02:12.602 [main] INFO  com.alibaba.nacos.client.config.impl.Limiter - limitTime:5.0
2025-07-25 11:02:12.617 [main] INFO  com.alibaba.nacos.client.config.utils.JvmUtil - isMultiInstance:false
2025-07-25 11:02:12.629 [main] WARN  c.a.cloud.nacos.client.NacosPropertySourceBuilder - Ignore the empty nacos configuration and get it based on dataId[xiaohashu-auth.yaml] & group[DEFAULT_GROUP]
2025-07-25 11:02:12.636 [main] INFO  o.s.c.b.c.PropertySourceBootstrapConfiguration - Located property source: [BootstrapPropertySource {name='bootstrapProperties-xiaohashu-auth-dev.yaml,DEFAULT_GROUP'}, BootstrapPropertySource {name='bootstrapProperties-xiaohashu-auth.yaml,DEFAULT_GROUP'}, BootstrapPropertySource {name='bootstrapProperties-xiaohashu-auth,DEFAULT_GROUP'}]
2025-07-25 11:02:12.658 [main] WARN  com.alibaba.nacos.client.logging.NacosLogging - Load Logback Configuration of Nacos fail, message: Could not initialize Logback Nacos logging from classpath:nacos-logback.xml
2025-07-25 11:02:12.659 [main] INFO  c.q.xiaohashu.auth.XiaohashuAuthApplication - The following 1 profile is active: "dev"
2025-07-25 11:02:13.495 [main] INFO  o.s.d.r.config.RepositoryConfigurationDelegate - Multiple Spring Data modules found, entering strict repository configuration mode
2025-07-25 11:02:13.497 [main] INFO  o.s.d.r.config.RepositoryConfigurationDelegate - Bootstrapping Spring Data Redis repositories in DEFAULT mode.
2025-07-25 11:02:13.524 [main] INFO  o.s.d.r.config.RepositoryConfigurationDelegate - Finished Spring Data repository scanning in 16 ms. Found 0 Redis repository interfaces.
2025-07-25 11:02:13.626 [main] INFO  o.springframework.cloud.context.scope.GenericScope - BeanFactory id=ce825f38-1723-3926-b5a2-fd0182ae3fd6
2025-07-25 11:02:14.039 [main] INFO  o.s.boot.web.embedded.tomcat.TomcatWebServer - Tomcat initialized with port(s): 8080 (http)
2025-07-25 11:02:14.047 [main] INFO  org.apache.catalina.core.StandardService - Starting service [Tomcat]
2025-07-25 11:02:14.047 [main] INFO  org.apache.catalina.core.StandardEngine - Starting Servlet engine: [Apache Tomcat/10.1.5]
2025-07-25 11:02:14.098 [main] INFO  o.a.c.core.ContainerBase.[Tomcat].[localhost].[/] - Initializing Spring embedded WebApplicationContext
2025-07-25 11:02:14.098 [main] INFO  o.s.b.w.s.c.ServletWebServerApplicationContext - Root WebApplicationContext: initialization completed in 1425 ms
2025-07-25 11:02:14.185 [main] INFO  c.a.d.s.b.a.DruidDataSourceAutoConfigure - Init DruidDataSource
2025-07-25 11:02:14.450 [main] INFO  com.alibaba.druid.pool.DruidDataSource - {dataSource-1} inited
2025-07-25 11:02:16.215 [main] INFO  org.springframework.cloud.commons.util.InetUtils - Cannot determine local hostname
2025-07-25 11:02:17.451 [main] INFO  org.springframework.cloud.commons.util.InetUtils - Cannot determine local hostname
2025-07-25 11:02:17.509 [main] INFO  o.s.boot.web.embedded.tomcat.TomcatWebServer - Tomcat started on port(s): 8080 (http) with context path ''
2025-07-25 11:02:17.512 [main] INFO  com.alibaba.nacos.client.naming - initializer namespace from ans.namespace attribute : null
2025-07-25 11:02:17.512 [main] INFO  com.alibaba.nacos.client.naming - initializer namespace from ALIBABA_ALIWARE_NAMESPACE attribute :null
2025-07-25 11:02:17.513 [main] INFO  com.alibaba.nacos.client.naming - initializer namespace from namespace attribute :null
2025-07-25 11:02:17.523 [main] INFO  c.a.n.p.auth.spi.client.ClientAuthPluginManager - [ClientAuthPluginManager] Load ClientAuthService com.alibaba.nacos.client.auth.impl.NacosClientAuthServiceImpl success.
2025-07-25 11:02:17.524 [main] INFO  c.a.n.p.auth.spi.client.ClientAuthPluginManager - [ClientAuthPluginManager] Load ClientAuthService com.alibaba.nacos.client.auth.ram.RamClientAuthServiceImpl success.
2025-07-25 11:02:17.526 [main] INFO  com.alibaba.nacos.common.remote.client - [RpcClientFactory] create a new rpc client of 90100fc5-5130-4edf-812f-d9c56f307b96
2025-07-25 11:02:17.528 [main] INFO  com.alibaba.nacos.common.remote.client - [90100fc5-5130-4edf-812f-d9c56f307b96] RpcClient init, ServerListFactory = com.alibaba.nacos.client.naming.core.ServerListManager
2025-07-25 11:02:17.528 [main] INFO  com.alibaba.nacos.common.remote.client - [90100fc5-5130-4edf-812f-d9c56f307b96] Registry connection listener to current client:com.alibaba.nacos.client.naming.remote.gprc.redo.NamingGrpcRedoService
2025-07-25 11:02:17.528 [main] INFO  com.alibaba.nacos.common.remote.client - [90100fc5-5130-4edf-812f-d9c56f307b96] Register server push request handler:com.alibaba.nacos.client.naming.remote.gprc.NamingPushRequestHandler
2025-07-25 11:02:17.528 [main] INFO  com.alibaba.nacos.common.remote.client - [90100fc5-5130-4edf-812f-d9c56f307b96] Try to connect to server on start up, server: {serverIp = '127.0.0.1', server main port = 8848}
2025-07-25 11:02:17.528 [main] INFO  c.a.nacos.common.remote.client.grpc.GrpcClient - grpc client connection server:127.0.0.1 ip,serverPort:9848,grpcTslConfig:{"sslProvider":"OPENSSL","enableTls":false,"mutualAuthEnable":false,"trustAll":false}
2025-07-25 11:02:17.640 [main] INFO  com.alibaba.nacos.common.remote.client - [90100fc5-5130-4edf-812f-d9c56f307b96] Success to connect to server [127.0.0.1:8848] on start up, connectionId = 1753412537532_127.0.0.1_54753
2025-07-25 11:02:17.640 [main] INFO  com.alibaba.nacos.common.remote.client - [90100fc5-5130-4edf-812f-d9c56f307b96] Register server push request handler:com.alibaba.nacos.common.remote.client.RpcClient$ConnectResetRequestHandler
2025-07-25 11:02:17.640 [main] INFO  com.alibaba.nacos.common.remote.client - [90100fc5-5130-4edf-812f-d9c56f307b96] Register server push request handler:com.alibaba.nacos.common.remote.client.RpcClient$$Lambda$605/0x00000233834d6608
2025-07-25 11:02:17.640 [com.alibaba.nacos.client.remote.worker] INFO  com.alibaba.nacos.common.remote.client - [90100fc5-5130-4edf-812f-d9c56f307b96] Notify connected event to listeners.
2025-07-25 11:02:17.640 [com.alibaba.nacos.client.remote.worker] INFO  com.alibaba.nacos.client.naming - Grpc connection connect
2025-07-25 11:02:17.641 [main] INFO  com.alibaba.nacos.client.naming - [REGISTER-SERVICE] xiaohashu registering service xiaohashu-auth with instance Instance{instanceId='null', ip='192.168.93.1', port=8080, weight=1.0, healthy=true, enabled=true, ephemeral=true, clusterName='DEFAULT', serviceName='null', metadata={IPv6=[2409:8931:478:a5b:c46e:79d5:1a23:107], preserved.register.source=SPRING_CLOUD}}
2025-07-25 11:02:17.649 [main] INFO  c.a.cloud.nacos.registry.NacosServiceRegistry - nacos registry, DEFAULT_GROUP xiaohashu-auth 192.168.93.1:8080 register finished
2025-07-25 11:02:18.749 [main] INFO  org.springframework.cloud.commons.util.InetUtils - Cannot determine local hostname
2025-07-25 11:02:18.764 [main] INFO  c.q.xiaohashu.auth.XiaohashuAuthApplication - Started XiaohashuAuthApplication in 10.001 seconds (process running for 11.644)
2025-07-25 11:02:18.765 [main] INFO  c.q.x.auth.runner.PushRolePermissions2RedisRunner - ==> 服务启动，开始同步角色权限数据到 Redis 中...
2025-07-25 11:02:19.092 [main] DEBUG c.q.x.a.d.mapper.RoleDOMapper.selectEnabledList - ==>  Preparing: select id, role_key, role_name from t_role where status=0 and is_deleted = false
2025-07-25 11:02:19.221 [main] DEBUG c.q.x.a.d.mapper.RoleDOMapper.selectEnabledList - ==> Parameters: 
2025-07-25 11:02:19.238 [main] DEBUG c.q.x.a.d.mapper.RoleDOMapper.selectEnabledList - <==      Total: 2
2025-07-25 11:02:19.253 [main] DEBUG c.q.x.a.d.m.RolePermissionDOMapper.selectByRoleIds - ==>  Preparing: select role_id, permission_id from t_role_permission_rel where role_id in ( ? , ? )
2025-07-25 11:02:19.255 [main] DEBUG c.q.x.a.d.m.RolePermissionDOMapper.selectByRoleIds - ==> Parameters: 1(Long), 2(Long)
2025-07-25 11:02:19.257 [main] DEBUG c.q.x.a.d.m.RolePermissionDOMapper.selectByRoleIds - <==      Total: 2
2025-07-25 11:02:19.258 [main] DEBUG c.q.x.a.d.m.P.selectAppEnabledList - ==>  Preparing: select id,name,permission_key from t_permission where status = 0 and type = 3 and is_deleted = 0
2025-07-25 11:02:19.259 [main] DEBUG c.q.x.a.d.m.P.selectAppEnabledList - ==> Parameters: 
2025-07-25 11:02:19.262 [main] DEBUG c.q.x.a.d.m.P.selectAppEnabledList - <==      Total: 2
2025-07-25 11:02:19.274 [main] INFO  c.q.x.auth.runner.PushRolePermissions2RedisRunner - ==> 服务启动，成功同步角色权限数据到 Redis 中...
2025-07-25 11:02:19.276 [main] INFO  com.alibaba.nacos.client.config.impl.CacheData - nacos.cache.data.init.snapshot = true 
2025-07-25 11:02:19.277 [main] INFO  com.alibaba.nacos.client.config.impl.ClientWorker - [fixed-xiaohashu-127.0.0.1_8848] [subscribe] xiaohashu-auth.yaml+DEFAULT_GROUP+xiaohashu
2025-07-25 11:02:19.283 [main] INFO  com.alibaba.nacos.client.config.impl.CacheData - [fixed-xiaohashu-127.0.0.1_8848] [add-listener] ok, tenant=xiaohashu, dataId=xiaohashu-auth.yaml, group=DEFAULT_GROUP, cnt=1
2025-07-25 11:02:19.283 [main] INFO  c.a.cloud.nacos.refresh.NacosContextRefresher - [Nacos Config] Listening config: dataId=xiaohashu-auth.yaml, group=DEFAULT_GROUP
2025-07-25 11:02:19.285 [main] INFO  com.alibaba.nacos.client.config.impl.ClientWorker - [fixed-xiaohashu-127.0.0.1_8848] [subscribe] xiaohashu-auth-dev.yaml+DEFAULT_GROUP+xiaohashu
2025-07-25 11:02:19.285 [main] INFO  com.alibaba.nacos.client.config.impl.CacheData - [fixed-xiaohashu-127.0.0.1_8848] [add-listener] ok, tenant=xiaohashu, dataId=xiaohashu-auth-dev.yaml, group=DEFAULT_GROUP, cnt=1
2025-07-25 11:02:19.285 [main] INFO  c.a.cloud.nacos.refresh.NacosContextRefresher - [Nacos Config] Listening config: dataId=xiaohashu-auth-dev.yaml, group=DEFAULT_GROUP
2025-07-25 11:02:19.286 [main] INFO  com.alibaba.nacos.client.config.impl.ClientWorker - [fixed-xiaohashu-127.0.0.1_8848] [subscribe] xiaohashu-auth+DEFAULT_GROUP+xiaohashu
2025-07-25 11:02:19.286 [main] INFO  com.alibaba.nacos.client.config.impl.CacheData - [fixed-xiaohashu-127.0.0.1_8848] [add-listener] ok, tenant=xiaohashu, dataId=xiaohashu-auth, group=DEFAULT_GROUP, cnt=1
2025-07-25 11:02:19.286 [main] INFO  c.a.cloud.nacos.refresh.NacosContextRefresher - [Nacos Config] Listening config: dataId=xiaohashu-auth, group=DEFAULT_GROUP
2025-07-25 11:02:48.373 [http-nio-8080-exec-1] INFO  o.a.c.core.ContainerBase.[Tomcat].[localhost].[/] - Initializing Spring DispatcherServlet 'dispatcherServlet'
2025-07-25 11:02:48.373 [http-nio-8080-exec-1] INFO  org.springframework.web.servlet.DispatcherServlet - Initializing Servlet 'dispatcherServlet'
2025-07-25 11:02:48.374 [http-nio-8080-exec-1] INFO  org.springframework.web.servlet.DispatcherServlet - Completed initialization in 1 ms
2025-07-25 11:02:48.416 [http-nio-8080-exec-1] DEBUG c.q.x.a.domain.mapper.UserDOMapper.selectByPhone - ==>  Preparing: select id,password,phone,status from t_user where phone=?
2025-07-25 11:02:48.417 [http-nio-8080-exec-1] DEBUG c.q.x.a.domain.mapper.UserDOMapper.selectByPhone - ==> Parameters: 18011119108(String)
2025-07-25 11:02:48.419 [http-nio-8080-exec-1] DEBUG c.q.x.a.domain.mapper.UserDOMapper.selectByPhone - <==      Total: 1
2025-07-25 11:02:48.420 [http-nio-8080-exec-1] DEBUG c.q.x.a.d.mapper.RoleDOMapper.selectByPrimaryKey - ==>  Preparing: SELECT id, role_name, role_key, status, sort, remark, create_time, update_time, is_deleted FROM t_role WHERE id = ? AND is_deleted = 0
2025-07-25 11:02:48.420 [http-nio-8080-exec-1] DEBUG c.q.x.a.d.mapper.RoleDOMapper.selectByPrimaryKey - ==> Parameters: 1(Long)
2025-07-25 11:02:48.424 [http-nio-8080-exec-1] DEBUG c.q.x.a.d.mapper.RoleDOMapper.selectByPrimaryKey - <==      Total: 1
2025-07-25 11:02:48.482 [http-nio-8080-exec-1] DEBUG c.q.x.a.domain.mapper.UserDOMapper.selectByPhone - ==>  Preparing: select id,password,phone,status from t_user where phone=?
2025-07-25 11:02:48.483 [http-nio-8080-exec-1] DEBUG c.q.x.a.domain.mapper.UserDOMapper.selectByPhone - ==> Parameters: 18011119108(String)
2025-07-25 11:02:48.484 [http-nio-8080-exec-1] DEBUG c.q.x.a.domain.mapper.UserDOMapper.selectByPhone - <==      Total: 1
2025-07-25 11:02:48.485 [http-nio-8080-exec-1] DEBUG c.q.x.a.d.mapper.RoleDOMapper.selectByPrimaryKey - ==>  Preparing: SELECT id, role_name, role_key, status, sort, remark, create_time, update_time, is_deleted FROM t_role WHERE id = ? AND is_deleted = 0
2025-07-25 11:02:48.485 [http-nio-8080-exec-1] DEBUG c.q.x.a.d.mapper.RoleDOMapper.selectByPrimaryKey - ==> Parameters: 1(Long)
2025-07-25 11:02:48.487 [http-nio-8080-exec-1] DEBUG c.q.x.a.d.mapper.RoleDOMapper.selectByPrimaryKey - <==      Total: 1
2025-07-25 11:04:52.511 [Thread-9] WARN  com.alibaba.nacos.common.notify.NotifyCenter - [NotifyCenter] Start destroying Publisher
2025-07-25 11:04:52.511 [Thread-2] WARN  c.alibaba.nacos.common.http.HttpClientBeanHolder - [HttpClientBeanHolder] Start destroying common HttpClient
2025-07-25 11:04:52.511 [Thread-9] WARN  com.alibaba.nacos.common.notify.NotifyCenter - [NotifyCenter] Destruction of the end
2025-07-25 11:04:52.512 [Thread-2] WARN  c.alibaba.nacos.common.http.HttpClientBeanHolder - [HttpClientBeanHolder] Destruction of the end
2025-07-25 11:04:52.539 [SpringApplicationShutdownHook] INFO  c.a.cloud.nacos.registry.NacosServiceRegistry - De-registering from Nacos Server now...
2025-07-25 11:04:52.539 [SpringApplicationShutdownHook] INFO  com.alibaba.nacos.client.naming - [DEREGISTER-SERVICE] xiaohashu deregistering service xiaohashu-auth with instance: Instance{instanceId='null', ip='192.168.93.1', port=8080, weight=1.0, healthy=true, enabled=true, ephemeral=true, clusterName='DEFAULT', serviceName='null', metadata={}}
2025-07-25 11:04:52.543 [SpringApplicationShutdownHook] INFO  c.a.cloud.nacos.registry.NacosServiceRegistry - De-registration finished.
2025-07-25 11:04:52.543 [SpringApplicationShutdownHook] INFO  com.alibaba.nacos.client.naming - com.alibaba.nacos.client.naming.cache.ServiceInfoHolder do shutdown begin
2025-07-25 11:04:52.543 [SpringApplicationShutdownHook] INFO  com.alibaba.nacos.client.naming - com.alibaba.nacos.client.naming.backups.FailoverReactor do shutdown begin
2025-07-25 11:04:52.544 [SpringApplicationShutdownHook] INFO  com.alibaba.nacos.client.naming - com.alibaba.nacos.client.naming.backups.FailoverReactor do shutdown stop
2025-07-25 11:04:52.544 [SpringApplicationShutdownHook] INFO  com.alibaba.nacos.client.naming - com.alibaba.nacos.client.naming.cache.ServiceInfoHolder do shutdown stop
2025-07-25 11:04:52.544 [SpringApplicationShutdownHook] INFO  com.alibaba.nacos.client.naming - com.alibaba.nacos.client.naming.remote.NamingClientProxyDelegate do shutdown begin
2025-07-25 11:04:52.544 [SpringApplicationShutdownHook] INFO  com.alibaba.nacos.client.naming - com.alibaba.nacos.client.naming.core.ServiceInfoUpdateService do shutdown begin
2025-07-25 11:04:52.544 [SpringApplicationShutdownHook] INFO  com.alibaba.nacos.client.naming - com.alibaba.nacos.client.naming.core.ServiceInfoUpdateService do shutdown stop
2025-07-25 11:04:52.544 [SpringApplicationShutdownHook] INFO  com.alibaba.nacos.client.naming - com.alibaba.nacos.client.naming.core.ServerListManager do shutdown begin
2025-07-25 11:04:52.544 [SpringApplicationShutdownHook] WARN  com.alibaba.nacos.client.naming - [NamingHttpClientManager] Start destroying NacosRestTemplate
2025-07-25 11:04:52.544 [SpringApplicationShutdownHook] WARN  com.alibaba.nacos.client.naming - [NamingHttpClientManager] Destruction of the end
2025-07-25 11:04:52.544 [SpringApplicationShutdownHook] INFO  com.alibaba.nacos.client.naming - com.alibaba.nacos.client.naming.core.ServerListManager do shutdown stop
2025-07-25 11:04:52.544 [SpringApplicationShutdownHook] INFO  com.alibaba.nacos.client.naming - com.alibaba.nacos.client.naming.remote.http.NamingHttpClientProxy do shutdown begin
2025-07-25 11:04:52.544 [SpringApplicationShutdownHook] WARN  com.alibaba.nacos.client.naming - [NamingHttpClientManager] Start destroying NacosRestTemplate
2025-07-25 11:04:52.544 [SpringApplicationShutdownHook] WARN  com.alibaba.nacos.client.naming - [NamingHttpClientManager] Destruction of the end
2025-07-25 11:04:52.544 [SpringApplicationShutdownHook] INFO  com.alibaba.nacos.client.naming - com.alibaba.nacos.client.naming.remote.http.NamingHttpClientProxy do shutdown stop
2025-07-25 11:04:52.544 [SpringApplicationShutdownHook] INFO  com.alibaba.nacos.common.remote.client - Shutdown rpc client, set status to shutdown
2025-07-25 11:04:52.544 [SpringApplicationShutdownHook] INFO  com.alibaba.nacos.common.remote.client - Shutdown client event executor java.util.concurrent.ScheduledThreadPoolExecutor@1122b712[Running, pool size = 2, active threads = 2, queued tasks = 0, completed tasks = 0]
2025-07-25 11:04:52.544 [SpringApplicationShutdownHook] INFO  com.alibaba.nacos.common.remote.client - Close current connection 1753412537532_127.0.0.1_54753
2025-07-25 11:04:52.546 [nacos-grpc-client-executor-127.0.0.1-38] INFO  c.a.nacos.common.remote.client.grpc.GrpcClient - [1753412537532_127.0.0.1_54753]Ignore complete event,isRunning:false,isAbandon=false
2025-07-25 11:04:52.549 [SpringApplicationShutdownHook] INFO  c.a.nacos.common.remote.client.grpc.GrpcClient - Shutdown grpc executor java.util.concurrent.ThreadPoolExecutor@52d58fe5[Running, pool size = 4, active threads = 0, queued tasks = 0, completed tasks = 39]
2025-07-25 11:04:52.549 [SpringApplicationShutdownHook] INFO  com.alibaba.nacos.client.naming - Shutdown grpc redo service executor java.util.concurrent.ScheduledThreadPoolExecutor@2ab67bac[Running, pool size = 1, active threads = 0, queued tasks = 1, completed tasks = 51]
2025-07-25 11:04:52.549 [SpringApplicationShutdownHook] INFO  c.a.n.client.auth.ram.identify.CredentialWatcher - [null] CredentialWatcher is stopped
2025-07-25 11:04:52.550 [SpringApplicationShutdownHook] INFO  c.a.n.client.auth.ram.identify.CredentialService - [null] CredentialService is freed
2025-07-25 11:04:52.550 [SpringApplicationShutdownHook] INFO  com.alibaba.nacos.client.naming - com.alibaba.nacos.client.naming.remote.NamingClientProxyDelegate do shutdown stop
2025-07-25 11:04:52.675 [SpringApplicationShutdownHook] INFO  com.alibaba.druid.pool.DruidDataSource - {dataSource-1} closing ...
2025-07-25 11:04:52.681 [SpringApplicationShutdownHook] INFO  com.alibaba.druid.pool.DruidDataSource - {dataSource-1} closed
2025-07-25 11:04:56.141 [main] WARN  com.alibaba.nacos.client.logging.NacosLogging - Load Logback Configuration of Nacos fail, message: Could not initialize Logback Nacos logging from classpath:nacos-logback.xml
2025-07-25 11:04:56.199 [main] WARN  com.alibaba.nacos.client.logging.NacosLogging - Load Logback Configuration of Nacos fail, message: Could not initialize Logback Nacos logging from classpath:nacos-logback.xml
2025-07-25 11:04:56.379 [main] WARN  com.alibaba.nacos.client.logging.NacosLogging - Load Logback Configuration of Nacos fail, message: Could not initialize Logback Nacos logging from classpath:nacos-logback.xml
2025-07-25 11:04:56.380 [main] INFO  com.alibaba.nacos.client.utils.ParamUtil - [settings] [req-serv] nacos-server port:8848
2025-07-25 11:04:56.380 [main] INFO  com.alibaba.nacos.client.utils.ParamUtil - [settings] [http-client] connect timeout:1000
2025-07-25 11:04:56.381 [main] INFO  com.alibaba.nacos.client.utils.ParamUtil - PER_TASK_CONFIG_SIZE: 3000.0
2025-07-25 11:04:56.403 [main] INFO  c.a.n.p.auth.spi.client.ClientAuthPluginManager - [ClientAuthPluginManager] Load ClientAuthService com.alibaba.nacos.client.auth.impl.NacosClientAuthServiceImpl success.
2025-07-25 11:04:56.403 [main] INFO  c.a.n.p.auth.spi.client.ClientAuthPluginManager - [ClientAuthPluginManager] Load ClientAuthService com.alibaba.nacos.client.auth.ram.RamClientAuthServiceImpl success.
2025-07-25 11:04:56.406 [main] INFO  c.a.n.client.auth.ram.identify.CredentialWatcher - null No credential found
2025-07-25 11:04:57.583 [main] WARN  com.alibaba.nacos.client.logging.NacosLogging - Load Logback Configuration of Nacos fail, message: Could not initialize Logback Nacos logging from classpath:nacos-logback.xml
2025-07-25 11:04:57.598 [main] INFO  c.a.n.client.config.impl.LocalConfigInfoProcessor - LOCAL_SNAPSHOT_PATH:C:\Users\50723\nacos\config
2025-07-25 11:04:57.602 [main] INFO  com.alibaba.nacos.common.remote.client - [RpcClientFactory] create a new rpc client of 18108dc8-c678-408c-bbcf-cb7bfd5f31ed_config-0
2025-07-25 11:04:57.619 [main] INFO  com.alibaba.nacos.common.remote.client - [18108dc8-c678-408c-bbcf-cb7bfd5f31ed_config-0] Register server push request handler:com.alibaba.nacos.client.config.impl.ClientWorker$ConfigRpcTransportClient$$Lambda$584/0x0000021e97390000
2025-07-25 11:04:57.620 [main] INFO  com.alibaba.nacos.common.remote.client - [18108dc8-c678-408c-bbcf-cb7bfd5f31ed_config-0] Register server push request handler:com.alibaba.nacos.client.config.impl.ClientWorker$ConfigRpcTransportClient$$Lambda$585/0x0000021e97390420
2025-07-25 11:04:57.620 [main] INFO  com.alibaba.nacos.common.remote.client - [18108dc8-c678-408c-bbcf-cb7bfd5f31ed_config-0] Registry connection listener to current client:com.alibaba.nacos.client.config.impl.ClientWorker$ConfigRpcTransportClient$1
2025-07-25 11:04:57.620 [main] INFO  com.alibaba.nacos.common.remote.client - [18108dc8-c678-408c-bbcf-cb7bfd5f31ed_config-0] RpcClient init, ServerListFactory = com.alibaba.nacos.client.config.impl.ClientWorker$ConfigRpcTransportClient$2
2025-07-25 11:04:57.627 [main] INFO  com.alibaba.nacos.common.remote.client - [18108dc8-c678-408c-bbcf-cb7bfd5f31ed_config-0] Try to connect to server on start up, server: {serverIp = '127.0.0.1', server main port = 8848}
2025-07-25 11:04:57.652 [main] INFO  c.a.nacos.common.remote.client.grpc.GrpcClient - grpc client connection server:127.0.0.1 ip,serverPort:9848,grpcTslConfig:{"sslProvider":"OPENSSL","enableTls":false,"mutualAuthEnable":false,"trustAll":false}
2025-07-25 11:04:58.357 [main] INFO  com.alibaba.nacos.common.remote.client - [18108dc8-c678-408c-bbcf-cb7bfd5f31ed_config-0] Success to connect to server [127.0.0.1:8848] on start up, connectionId = 1753412698179_127.0.0.1_54824
2025-07-25 11:04:58.358 [com.alibaba.nacos.client.remote.worker] INFO  com.alibaba.nacos.common.remote.client - [18108dc8-c678-408c-bbcf-cb7bfd5f31ed_config-0] Notify connected event to listeners.
2025-07-25 11:04:58.358 [com.alibaba.nacos.client.remote.worker] INFO  com.alibaba.nacos.client.config.impl.ClientWorker - [18108dc8-c678-408c-bbcf-cb7bfd5f31ed_config-0] Connected,notify listen context...
2025-07-25 11:04:58.358 [main] INFO  com.alibaba.nacos.common.remote.client - [18108dc8-c678-408c-bbcf-cb7bfd5f31ed_config-0] Register server push request handler:com.alibaba.nacos.common.remote.client.RpcClient$ConnectResetRequestHandler
2025-07-25 11:04:58.359 [main] INFO  com.alibaba.nacos.common.remote.client - [18108dc8-c678-408c-bbcf-cb7bfd5f31ed_config-0] Register server push request handler:com.alibaba.nacos.common.remote.client.RpcClient$$Lambda$605/0x0000021e974d8890
2025-07-25 11:04:58.399 [main] INFO  com.alibaba.nacos.client.config.impl.Limiter - limitTime:5.0
2025-07-25 11:04:58.408 [main] INFO  com.alibaba.nacos.client.config.utils.JvmUtil - isMultiInstance:false
2025-07-25 11:04:58.417 [main] WARN  c.a.cloud.nacos.client.NacosPropertySourceBuilder - Ignore the empty nacos configuration and get it based on dataId[xiaohashu-auth.yaml] & group[DEFAULT_GROUP]
2025-07-25 11:04:58.422 [main] INFO  o.s.c.b.c.PropertySourceBootstrapConfiguration - Located property source: [BootstrapPropertySource {name='bootstrapProperties-xiaohashu-auth-dev.yaml,DEFAULT_GROUP'}, BootstrapPropertySource {name='bootstrapProperties-xiaohashu-auth.yaml,DEFAULT_GROUP'}, BootstrapPropertySource {name='bootstrapProperties-xiaohashu-auth,DEFAULT_GROUP'}]
2025-07-25 11:04:58.439 [main] WARN  com.alibaba.nacos.client.logging.NacosLogging - Load Logback Configuration of Nacos fail, message: Could not initialize Logback Nacos logging from classpath:nacos-logback.xml
2025-07-25 11:04:58.439 [main] INFO  c.q.xiaohashu.auth.XiaohashuAuthApplication - The following 1 profile is active: "dev"
2025-07-25 11:04:59.081 [main] INFO  o.s.d.r.config.RepositoryConfigurationDelegate - Multiple Spring Data modules found, entering strict repository configuration mode
2025-07-25 11:04:59.084 [main] INFO  o.s.d.r.config.RepositoryConfigurationDelegate - Bootstrapping Spring Data Redis repositories in DEFAULT mode.
2025-07-25 11:04:59.121 [main] INFO  o.s.d.r.config.RepositoryConfigurationDelegate - Finished Spring Data repository scanning in 20 ms. Found 0 Redis repository interfaces.
2025-07-25 11:04:59.315 [main] INFO  o.springframework.cloud.context.scope.GenericScope - BeanFactory id=ce825f38-1723-3926-b5a2-fd0182ae3fd6
2025-07-25 11:04:59.828 [main] INFO  o.s.boot.web.embedded.tomcat.TomcatWebServer - Tomcat initialized with port(s): 8080 (http)
2025-07-25 11:04:59.842 [main] INFO  org.apache.catalina.core.StandardService - Starting service [Tomcat]
2025-07-25 11:04:59.842 [main] INFO  org.apache.catalina.core.StandardEngine - Starting Servlet engine: [Apache Tomcat/10.1.5]
2025-07-25 11:04:59.913 [main] INFO  o.a.c.core.ContainerBase.[Tomcat].[localhost].[/] - Initializing Spring embedded WebApplicationContext
2025-07-25 11:04:59.913 [main] INFO  o.s.b.w.s.c.ServletWebServerApplicationContext - Root WebApplicationContext: initialization completed in 1463 ms
2025-07-25 11:05:00.056 [main] INFO  c.a.d.s.b.a.DruidDataSourceAutoConfigure - Init DruidDataSource
2025-07-25 11:05:00.376 [main] INFO  com.alibaba.druid.pool.DruidDataSource - {dataSource-1} inited
2025-07-25 11:05:02.362 [main] INFO  org.springframework.cloud.commons.util.InetUtils - Cannot determine local hostname
2025-07-25 11:05:03.612 [main] INFO  org.springframework.cloud.commons.util.InetUtils - Cannot determine local hostname
2025-07-25 11:05:03.672 [main] INFO  o.s.boot.web.embedded.tomcat.TomcatWebServer - Tomcat started on port(s): 8080 (http) with context path ''
2025-07-25 11:05:03.675 [main] INFO  com.alibaba.nacos.client.naming - initializer namespace from ans.namespace attribute : null
2025-07-25 11:05:03.675 [main] INFO  com.alibaba.nacos.client.naming - initializer namespace from ALIBABA_ALIWARE_NAMESPACE attribute :null
2025-07-25 11:05:03.675 [main] INFO  com.alibaba.nacos.client.naming - initializer namespace from namespace attribute :null
2025-07-25 11:05:03.682 [main] INFO  c.a.n.p.auth.spi.client.ClientAuthPluginManager - [ClientAuthPluginManager] Load ClientAuthService com.alibaba.nacos.client.auth.impl.NacosClientAuthServiceImpl success.
2025-07-25 11:05:03.682 [main] INFO  c.a.n.p.auth.spi.client.ClientAuthPluginManager - [ClientAuthPluginManager] Load ClientAuthService com.alibaba.nacos.client.auth.ram.RamClientAuthServiceImpl success.
2025-07-25 11:05:03.685 [main] INFO  com.alibaba.nacos.common.remote.client - [RpcClientFactory] create a new rpc client of efaa1f53-b276-4bda-b7bf-cfa9cde90e45
2025-07-25 11:05:03.686 [main] INFO  com.alibaba.nacos.common.remote.client - [efaa1f53-b276-4bda-b7bf-cfa9cde90e45] RpcClient init, ServerListFactory = com.alibaba.nacos.client.naming.core.ServerListManager
2025-07-25 11:05:03.687 [main] INFO  com.alibaba.nacos.common.remote.client - [efaa1f53-b276-4bda-b7bf-cfa9cde90e45] Registry connection listener to current client:com.alibaba.nacos.client.naming.remote.gprc.redo.NamingGrpcRedoService
2025-07-25 11:05:03.687 [main] INFO  com.alibaba.nacos.common.remote.client - [efaa1f53-b276-4bda-b7bf-cfa9cde90e45] Register server push request handler:com.alibaba.nacos.client.naming.remote.gprc.NamingPushRequestHandler
2025-07-25 11:05:03.687 [main] INFO  com.alibaba.nacos.common.remote.client - [efaa1f53-b276-4bda-b7bf-cfa9cde90e45] Try to connect to server on start up, server: {serverIp = '127.0.0.1', server main port = 8848}
2025-07-25 11:05:03.687 [main] INFO  c.a.nacos.common.remote.client.grpc.GrpcClient - grpc client connection server:127.0.0.1 ip,serverPort:9848,grpcTslConfig:{"sslProvider":"OPENSSL","enableTls":false,"mutualAuthEnable":false,"trustAll":false}
2025-07-25 11:05:03.798 [main] INFO  com.alibaba.nacos.common.remote.client - [efaa1f53-b276-4bda-b7bf-cfa9cde90e45] Success to connect to server [127.0.0.1:8848] on start up, connectionId = 1753412703691_127.0.0.1_54837
2025-07-25 11:05:03.798 [main] INFO  com.alibaba.nacos.common.remote.client - [efaa1f53-b276-4bda-b7bf-cfa9cde90e45] Register server push request handler:com.alibaba.nacos.common.remote.client.RpcClient$ConnectResetRequestHandler
2025-07-25 11:05:03.798 [main] INFO  com.alibaba.nacos.common.remote.client - [efaa1f53-b276-4bda-b7bf-cfa9cde90e45] Register server push request handler:com.alibaba.nacos.common.remote.client.RpcClient$$Lambda$605/0x0000021e974d8890
2025-07-25 11:05:03.798 [com.alibaba.nacos.client.remote.worker] INFO  com.alibaba.nacos.common.remote.client - [efaa1f53-b276-4bda-b7bf-cfa9cde90e45] Notify connected event to listeners.
2025-07-25 11:05:03.798 [com.alibaba.nacos.client.remote.worker] INFO  com.alibaba.nacos.client.naming - Grpc connection connect
2025-07-25 11:05:03.800 [main] INFO  com.alibaba.nacos.client.naming - [REGISTER-SERVICE] xiaohashu registering service xiaohashu-auth with instance Instance{instanceId='null', ip='192.168.93.1', port=8080, weight=1.0, healthy=true, enabled=true, ephemeral=true, clusterName='DEFAULT', serviceName='null', metadata={IPv6=[2409:8931:478:a5b:c46e:79d5:1a23:107], preserved.register.source=SPRING_CLOUD}}
2025-07-25 11:05:03.809 [main] INFO  c.a.cloud.nacos.registry.NacosServiceRegistry - nacos registry, DEFAULT_GROUP xiaohashu-auth 192.168.93.1:8080 register finished
2025-07-25 11:05:04.909 [main] INFO  org.springframework.cloud.commons.util.InetUtils - Cannot determine local hostname
2025-07-25 11:05:04.922 [main] INFO  c.q.xiaohashu.auth.XiaohashuAuthApplication - Started XiaohashuAuthApplication in 10.421 seconds (process running for 11.055)
2025-07-25 11:05:04.923 [main] INFO  c.q.x.auth.runner.PushRolePermissions2RedisRunner - ==> 服务启动，开始同步角色权限数据到 Redis 中...
2025-07-25 11:05:05.219 [main] WARN  c.q.x.auth.runner.PushRolePermissions2RedisRunner - ==> 角色权限数据已经同步至 Redis 中，不再同步...
2025-07-25 11:05:05.221 [main] INFO  com.alibaba.nacos.client.config.impl.CacheData - nacos.cache.data.init.snapshot = true 
2025-07-25 11:05:05.222 [main] INFO  com.alibaba.nacos.client.config.impl.ClientWorker - [fixed-xiaohashu-127.0.0.1_8848] [subscribe] xiaohashu-auth.yaml+DEFAULT_GROUP+xiaohashu
2025-07-25 11:05:05.228 [main] INFO  com.alibaba.nacos.client.config.impl.CacheData - [fixed-xiaohashu-127.0.0.1_8848] [add-listener] ok, tenant=xiaohashu, dataId=xiaohashu-auth.yaml, group=DEFAULT_GROUP, cnt=1
2025-07-25 11:05:05.228 [main] INFO  c.a.cloud.nacos.refresh.NacosContextRefresher - [Nacos Config] Listening config: dataId=xiaohashu-auth.yaml, group=DEFAULT_GROUP
2025-07-25 11:05:05.230 [main] INFO  com.alibaba.nacos.client.config.impl.ClientWorker - [fixed-xiaohashu-127.0.0.1_8848] [subscribe] xiaohashu-auth-dev.yaml+DEFAULT_GROUP+xiaohashu
2025-07-25 11:05:05.230 [main] INFO  com.alibaba.nacos.client.config.impl.CacheData - [fixed-xiaohashu-127.0.0.1_8848] [add-listener] ok, tenant=xiaohashu, dataId=xiaohashu-auth-dev.yaml, group=DEFAULT_GROUP, cnt=1
2025-07-25 11:05:05.230 [main] INFO  c.a.cloud.nacos.refresh.NacosContextRefresher - [Nacos Config] Listening config: dataId=xiaohashu-auth-dev.yaml, group=DEFAULT_GROUP
2025-07-25 11:05:05.231 [main] INFO  com.alibaba.nacos.client.config.impl.ClientWorker - [fixed-xiaohashu-127.0.0.1_8848] [subscribe] xiaohashu-auth+DEFAULT_GROUP+xiaohashu
2025-07-25 11:05:05.231 [main] INFO  com.alibaba.nacos.client.config.impl.CacheData - [fixed-xiaohashu-127.0.0.1_8848] [add-listener] ok, tenant=xiaohashu, dataId=xiaohashu-auth, group=DEFAULT_GROUP, cnt=1
2025-07-25 11:05:05.231 [main] INFO  c.a.cloud.nacos.refresh.NacosContextRefresher - [Nacos Config] Listening config: dataId=xiaohashu-auth, group=DEFAULT_GROUP
2025-07-25 11:05:20.873 [http-nio-8080-exec-1] INFO  o.a.c.core.ContainerBase.[Tomcat].[localhost].[/] - Initializing Spring DispatcherServlet 'dispatcherServlet'
2025-07-25 11:05:20.873 [http-nio-8080-exec-1] INFO  org.springframework.web.servlet.DispatcherServlet - Initializing Servlet 'dispatcherServlet'
2025-07-25 11:05:20.874 [http-nio-8080-exec-1] INFO  org.springframework.web.servlet.DispatcherServlet - Completed initialization in 1 ms
2025-07-25 11:05:20.909 [http-nio-8080-exec-1] INFO  c.q.f.b.operationlog.aspect.ApiOperationLogAspect - ====== 请求开始: [账号登出], 入参: , 请求类: UserController, 请求方法: logout =================================== 
2025-07-25 11:05:20.910 [http-nio-8080-exec-1] INFO  c.q.f.b.operationlog.aspect.ApiOperationLogAspect - ====== 请求结束: [账号登出], 耗时: 1ms, 出参: {"success":true,"message":null,"errorCode":null,"data":null} =================================== 
2025-07-25 11:27:00.766 [Thread-2] WARN  c.alibaba.nacos.common.http.HttpClientBeanHolder - [HttpClientBeanHolder] Start destroying common HttpClient
2025-07-25 11:27:00.766 [Thread-9] WARN  com.alibaba.nacos.common.notify.NotifyCenter - [NotifyCenter] Start destroying Publisher
2025-07-25 11:27:00.766 [Thread-9] WARN  com.alibaba.nacos.common.notify.NotifyCenter - [NotifyCenter] Destruction of the end
2025-07-25 11:27:00.767 [Thread-2] WARN  c.alibaba.nacos.common.http.HttpClientBeanHolder - [HttpClientBeanHolder] Destruction of the end
2025-07-25 11:27:00.800 [SpringApplicationShutdownHook] INFO  c.a.cloud.nacos.registry.NacosServiceRegistry - De-registering from Nacos Server now...
2025-07-25 11:27:00.800 [SpringApplicationShutdownHook] INFO  com.alibaba.nacos.client.naming - [DEREGISTER-SERVICE] xiaohashu deregistering service xiaohashu-auth with instance: Instance{instanceId='null', ip='192.168.93.1', port=8080, weight=1.0, healthy=true, enabled=true, ephemeral=true, clusterName='DEFAULT', serviceName='null', metadata={}}
2025-07-25 11:27:00.802 [SpringApplicationShutdownHook] INFO  c.a.cloud.nacos.registry.NacosServiceRegistry - De-registration finished.
2025-07-25 11:27:00.803 [SpringApplicationShutdownHook] INFO  com.alibaba.nacos.client.naming - com.alibaba.nacos.client.naming.cache.ServiceInfoHolder do shutdown begin
2025-07-25 11:27:00.803 [SpringApplicationShutdownHook] INFO  com.alibaba.nacos.client.naming - com.alibaba.nacos.client.naming.backups.FailoverReactor do shutdown begin
2025-07-25 11:27:00.803 [SpringApplicationShutdownHook] INFO  com.alibaba.nacos.client.naming - com.alibaba.nacos.client.naming.backups.FailoverReactor do shutdown stop
2025-07-25 11:27:00.803 [SpringApplicationShutdownHook] INFO  com.alibaba.nacos.client.naming - com.alibaba.nacos.client.naming.cache.ServiceInfoHolder do shutdown stop
2025-07-25 11:27:00.803 [SpringApplicationShutdownHook] INFO  com.alibaba.nacos.client.naming - com.alibaba.nacos.client.naming.remote.NamingClientProxyDelegate do shutdown begin
2025-07-25 11:27:00.803 [SpringApplicationShutdownHook] INFO  com.alibaba.nacos.client.naming - com.alibaba.nacos.client.naming.core.ServiceInfoUpdateService do shutdown begin
2025-07-25 11:27:00.803 [SpringApplicationShutdownHook] INFO  com.alibaba.nacos.client.naming - com.alibaba.nacos.client.naming.core.ServiceInfoUpdateService do shutdown stop
2025-07-25 11:27:00.803 [SpringApplicationShutdownHook] INFO  com.alibaba.nacos.client.naming - com.alibaba.nacos.client.naming.core.ServerListManager do shutdown begin
2025-07-25 11:27:00.803 [SpringApplicationShutdownHook] WARN  com.alibaba.nacos.client.naming - [NamingHttpClientManager] Start destroying NacosRestTemplate
2025-07-25 11:27:00.803 [SpringApplicationShutdownHook] WARN  com.alibaba.nacos.client.naming - [NamingHttpClientManager] Destruction of the end
2025-07-25 11:27:00.803 [SpringApplicationShutdownHook] INFO  com.alibaba.nacos.client.naming - com.alibaba.nacos.client.naming.core.ServerListManager do shutdown stop
2025-07-25 11:27:00.803 [SpringApplicationShutdownHook] INFO  com.alibaba.nacos.client.naming - com.alibaba.nacos.client.naming.remote.http.NamingHttpClientProxy do shutdown begin
2025-07-25 11:27:00.803 [SpringApplicationShutdownHook] WARN  com.alibaba.nacos.client.naming - [NamingHttpClientManager] Start destroying NacosRestTemplate
2025-07-25 11:27:00.803 [SpringApplicationShutdownHook] WARN  com.alibaba.nacos.client.naming - [NamingHttpClientManager] Destruction of the end
2025-07-25 11:27:00.803 [SpringApplicationShutdownHook] INFO  com.alibaba.nacos.client.naming - com.alibaba.nacos.client.naming.remote.http.NamingHttpClientProxy do shutdown stop
2025-07-25 11:27:00.804 [SpringApplicationShutdownHook] INFO  com.alibaba.nacos.common.remote.client - Shutdown rpc client, set status to shutdown
2025-07-25 11:27:00.804 [SpringApplicationShutdownHook] INFO  com.alibaba.nacos.common.remote.client - Shutdown client event executor java.util.concurrent.ScheduledThreadPoolExecutor@3b99fc18[Running, pool size = 2, active threads = 2, queued tasks = 0, completed tasks = 0]
2025-07-25 11:27:00.804 [SpringApplicationShutdownHook] INFO  com.alibaba.nacos.common.remote.client - Close current connection 1753412703691_127.0.0.1_54837
2025-07-25 11:27:00.805 [nacos-grpc-client-executor-127.0.0.1-279] INFO  c.a.nacos.common.remote.client.grpc.GrpcClient - [1753412703691_127.0.0.1_54837]Ignore complete event,isRunning:false,isAbandon=false
2025-07-25 11:27:00.807 [SpringApplicationShutdownHook] INFO  c.a.nacos.common.remote.client.grpc.GrpcClient - Shutdown grpc executor java.util.concurrent.ThreadPoolExecutor@1d9ba655[Running, pool size = 4, active threads = 0, queued tasks = 0, completed tasks = 280]
2025-07-25 11:27:00.808 [SpringApplicationShutdownHook] INFO  com.alibaba.nacos.client.naming - Shutdown grpc redo service executor java.util.concurrent.ScheduledThreadPoolExecutor@6d8a9c15[Running, pool size = 1, active threads = 0, queued tasks = 1, completed tasks = 437]
2025-07-25 11:27:00.808 [SpringApplicationShutdownHook] INFO  c.a.n.client.auth.ram.identify.CredentialWatcher - [null] CredentialWatcher is stopped
2025-07-25 11:27:00.808 [SpringApplicationShutdownHook] INFO  c.a.n.client.auth.ram.identify.CredentialService - [null] CredentialService is freed
2025-07-25 11:27:00.808 [SpringApplicationShutdownHook] INFO  com.alibaba.nacos.client.naming - com.alibaba.nacos.client.naming.remote.NamingClientProxyDelegate do shutdown stop
2025-07-25 11:27:00.937 [SpringApplicationShutdownHook] INFO  com.alibaba.druid.pool.DruidDataSource - {dataSource-1} closing ...
2025-07-25 11:27:00.938 [SpringApplicationShutdownHook] INFO  com.alibaba.druid.pool.DruidDataSource - {dataSource-1} closed
2025-07-25 11:27:08.783 [main] WARN  com.alibaba.nacos.client.logging.NacosLogging - Load Logback Configuration of Nacos fail, message: Could not initialize Logback Nacos logging from classpath:nacos-logback.xml
2025-07-25 11:27:08.842 [main] WARN  com.alibaba.nacos.client.logging.NacosLogging - Load Logback Configuration of Nacos fail, message: Could not initialize Logback Nacos logging from classpath:nacos-logback.xml
2025-07-25 11:27:09.037 [main] WARN  com.alibaba.nacos.client.logging.NacosLogging - Load Logback Configuration of Nacos fail, message: Could not initialize Logback Nacos logging from classpath:nacos-logback.xml
2025-07-25 11:27:09.039 [main] INFO  com.alibaba.nacos.client.utils.ParamUtil - [settings] [req-serv] nacos-server port:8848
2025-07-25 11:27:09.039 [main] INFO  com.alibaba.nacos.client.utils.ParamUtil - [settings] [http-client] connect timeout:1000
2025-07-25 11:27:09.040 [main] INFO  com.alibaba.nacos.client.utils.ParamUtil - PER_TASK_CONFIG_SIZE: 3000.0
2025-07-25 11:27:09.065 [main] INFO  c.a.n.p.auth.spi.client.ClientAuthPluginManager - [ClientAuthPluginManager] Load ClientAuthService com.alibaba.nacos.client.auth.impl.NacosClientAuthServiceImpl success.
2025-07-25 11:27:09.065 [main] INFO  c.a.n.p.auth.spi.client.ClientAuthPluginManager - [ClientAuthPluginManager] Load ClientAuthService com.alibaba.nacos.client.auth.ram.RamClientAuthServiceImpl success.
2025-07-25 11:27:09.067 [main] INFO  c.a.n.client.auth.ram.identify.CredentialWatcher - null No credential found
2025-07-25 11:27:10.250 [main] WARN  com.alibaba.nacos.client.logging.NacosLogging - Load Logback Configuration of Nacos fail, message: Could not initialize Logback Nacos logging from classpath:nacos-logback.xml
2025-07-25 11:27:10.262 [main] INFO  c.a.n.client.config.impl.LocalConfigInfoProcessor - LOCAL_SNAPSHOT_PATH:C:\Users\50723\nacos\config
2025-07-25 11:27:10.265 [main] INFO  com.alibaba.nacos.common.remote.client - [RpcClientFactory] create a new rpc client of 3ebf564a-0c59-4734-93f3-38328816526e_config-0
2025-07-25 11:27:10.283 [main] INFO  com.alibaba.nacos.common.remote.client - [3ebf564a-0c59-4734-93f3-38328816526e_config-0] Register server push request handler:com.alibaba.nacos.client.config.impl.ClientWorker$ConfigRpcTransportClient$$Lambda$584/0x0000015cb1391c90
2025-07-25 11:27:10.284 [main] INFO  com.alibaba.nacos.common.remote.client - [3ebf564a-0c59-4734-93f3-38328816526e_config-0] Register server push request handler:com.alibaba.nacos.client.config.impl.ClientWorker$ConfigRpcTransportClient$$Lambda$585/0x0000015cb13920b0
2025-07-25 11:27:10.284 [main] INFO  com.alibaba.nacos.common.remote.client - [3ebf564a-0c59-4734-93f3-38328816526e_config-0] Registry connection listener to current client:com.alibaba.nacos.client.config.impl.ClientWorker$ConfigRpcTransportClient$1
2025-07-25 11:27:10.285 [main] INFO  com.alibaba.nacos.common.remote.client - [3ebf564a-0c59-4734-93f3-38328816526e_config-0] RpcClient init, ServerListFactory = com.alibaba.nacos.client.config.impl.ClientWorker$ConfigRpcTransportClient$2
2025-07-25 11:27:10.292 [main] INFO  com.alibaba.nacos.common.remote.client - [3ebf564a-0c59-4734-93f3-38328816526e_config-0] Try to connect to server on start up, server: {serverIp = '127.0.0.1', server main port = 8848}
2025-07-25 11:27:10.320 [main] INFO  c.a.nacos.common.remote.client.grpc.GrpcClient - grpc client connection server:127.0.0.1 ip,serverPort:9848,grpcTslConfig:{"sslProvider":"OPENSSL","enableTls":false,"mutualAuthEnable":false,"trustAll":false}
2025-07-25 11:27:11.108 [main] INFO  com.alibaba.nacos.common.remote.client - [3ebf564a-0c59-4734-93f3-38328816526e_config-0] Success to connect to server [127.0.0.1:8848] on start up, connectionId = 1753414030913_127.0.0.1_55235
2025-07-25 11:27:11.109 [com.alibaba.nacos.client.remote.worker] INFO  com.alibaba.nacos.common.remote.client - [3ebf564a-0c59-4734-93f3-38328816526e_config-0] Notify connected event to listeners.
2025-07-25 11:27:11.109 [com.alibaba.nacos.client.remote.worker] INFO  com.alibaba.nacos.client.config.impl.ClientWorker - [3ebf564a-0c59-4734-93f3-38328816526e_config-0] Connected,notify listen context...
2025-07-25 11:27:11.109 [main] INFO  com.alibaba.nacos.common.remote.client - [3ebf564a-0c59-4734-93f3-38328816526e_config-0] Register server push request handler:com.alibaba.nacos.common.remote.client.RpcClient$ConnectResetRequestHandler
2025-07-25 11:27:11.109 [main] INFO  com.alibaba.nacos.common.remote.client - [3ebf564a-0c59-4734-93f3-38328816526e_config-0] Register server push request handler:com.alibaba.nacos.common.remote.client.RpcClient$$Lambda$605/0x0000015cb14dbc60
2025-07-25 11:27:11.151 [main] INFO  com.alibaba.nacos.client.config.impl.Limiter - limitTime:5.0
2025-07-25 11:27:11.161 [main] INFO  com.alibaba.nacos.client.config.utils.JvmUtil - isMultiInstance:false
2025-07-25 11:27:11.172 [main] WARN  c.a.cloud.nacos.client.NacosPropertySourceBuilder - Ignore the empty nacos configuration and get it based on dataId[xiaohashu-auth.yaml] & group[DEFAULT_GROUP]
2025-07-25 11:27:11.178 [main] INFO  o.s.c.b.c.PropertySourceBootstrapConfiguration - Located property source: [BootstrapPropertySource {name='bootstrapProperties-xiaohashu-auth-dev.yaml,DEFAULT_GROUP'}, BootstrapPropertySource {name='bootstrapProperties-xiaohashu-auth.yaml,DEFAULT_GROUP'}, BootstrapPropertySource {name='bootstrapProperties-xiaohashu-auth,DEFAULT_GROUP'}]
2025-07-25 11:27:11.197 [main] WARN  com.alibaba.nacos.client.logging.NacosLogging - Load Logback Configuration of Nacos fail, message: Could not initialize Logback Nacos logging from classpath:nacos-logback.xml
2025-07-25 11:27:11.197 [main] INFO  c.q.xiaohashu.auth.XiaohashuAuthApplication - The following 1 profile is active: "dev"
2025-07-25 11:27:11.718 [main] INFO  o.s.d.r.config.RepositoryConfigurationDelegate - Multiple Spring Data modules found, entering strict repository configuration mode
2025-07-25 11:27:11.721 [main] INFO  o.s.d.r.config.RepositoryConfigurationDelegate - Bootstrapping Spring Data Redis repositories in DEFAULT mode.
2025-07-25 11:27:11.739 [main] INFO  o.s.d.r.config.RepositoryConfigurationDelegate - Finished Spring Data repository scanning in 7 ms. Found 0 Redis repository interfaces.
2025-07-25 11:27:11.840 [main] INFO  o.springframework.cloud.context.scope.GenericScope - BeanFactory id=ce825f38-1723-3926-b5a2-fd0182ae3fd6
2025-07-25 11:27:12.262 [main] INFO  o.s.boot.web.embedded.tomcat.TomcatWebServer - Tomcat initialized with port(s): 8080 (http)
2025-07-25 11:27:12.271 [main] INFO  org.apache.catalina.core.StandardService - Starting service [Tomcat]
2025-07-25 11:27:12.271 [main] INFO  org.apache.catalina.core.StandardEngine - Starting Servlet engine: [Apache Tomcat/10.1.5]
2025-07-25 11:27:12.332 [main] INFO  o.a.c.core.ContainerBase.[Tomcat].[localhost].[/] - Initializing Spring embedded WebApplicationContext
2025-07-25 11:27:12.332 [main] INFO  o.s.b.w.s.c.ServletWebServerApplicationContext - Root WebApplicationContext: initialization completed in 1123 ms
2025-07-25 11:27:12.421 [main] INFO  c.a.d.s.b.a.DruidDataSourceAutoConfigure - Init DruidDataSource
2025-07-25 11:27:12.684 [main] INFO  com.alibaba.druid.pool.DruidDataSource - {dataSource-1} inited
2025-07-25 11:27:14.451 [main] INFO  org.springframework.cloud.commons.util.InetUtils - Cannot determine local hostname
2025-07-25 11:27:15.714 [main] INFO  org.springframework.cloud.commons.util.InetUtils - Cannot determine local hostname
2025-07-25 11:27:15.776 [main] INFO  o.s.boot.web.embedded.tomcat.TomcatWebServer - Tomcat started on port(s): 8080 (http) with context path ''
2025-07-25 11:27:15.780 [main] INFO  com.alibaba.nacos.client.naming - initializer namespace from ans.namespace attribute : null
2025-07-25 11:27:15.780 [main] INFO  com.alibaba.nacos.client.naming - initializer namespace from ALIBABA_ALIWARE_NAMESPACE attribute :null
2025-07-25 11:27:15.780 [main] INFO  com.alibaba.nacos.client.naming - initializer namespace from namespace attribute :null
2025-07-25 11:27:15.787 [main] INFO  c.a.n.p.auth.spi.client.ClientAuthPluginManager - [ClientAuthPluginManager] Load ClientAuthService com.alibaba.nacos.client.auth.impl.NacosClientAuthServiceImpl success.
2025-07-25 11:27:15.787 [main] INFO  c.a.n.p.auth.spi.client.ClientAuthPluginManager - [ClientAuthPluginManager] Load ClientAuthService com.alibaba.nacos.client.auth.ram.RamClientAuthServiceImpl success.
2025-07-25 11:27:15.790 [main] INFO  com.alibaba.nacos.common.remote.client - [RpcClientFactory] create a new rpc client of aba1e0b4-b254-4aa1-bfa0-3f1d473271a2
2025-07-25 11:27:15.792 [main] INFO  com.alibaba.nacos.common.remote.client - [aba1e0b4-b254-4aa1-bfa0-3f1d473271a2] RpcClient init, ServerListFactory = com.alibaba.nacos.client.naming.core.ServerListManager
2025-07-25 11:27:15.792 [main] INFO  com.alibaba.nacos.common.remote.client - [aba1e0b4-b254-4aa1-bfa0-3f1d473271a2] Registry connection listener to current client:com.alibaba.nacos.client.naming.remote.gprc.redo.NamingGrpcRedoService
2025-07-25 11:27:15.792 [main] INFO  com.alibaba.nacos.common.remote.client - [aba1e0b4-b254-4aa1-bfa0-3f1d473271a2] Register server push request handler:com.alibaba.nacos.client.naming.remote.gprc.NamingPushRequestHandler
2025-07-25 11:27:15.792 [main] INFO  com.alibaba.nacos.common.remote.client - [aba1e0b4-b254-4aa1-bfa0-3f1d473271a2] Try to connect to server on start up, server: {serverIp = '127.0.0.1', server main port = 8848}
2025-07-25 11:27:15.792 [main] INFO  c.a.nacos.common.remote.client.grpc.GrpcClient - grpc client connection server:127.0.0.1 ip,serverPort:9848,grpcTslConfig:{"sslProvider":"OPENSSL","enableTls":false,"mutualAuthEnable":false,"trustAll":false}
2025-07-25 11:27:15.901 [main] INFO  com.alibaba.nacos.common.remote.client - [aba1e0b4-b254-4aa1-bfa0-3f1d473271a2] Success to connect to server [127.0.0.1:8848] on start up, connectionId = 1753414035796_127.0.0.1_55244
2025-07-25 11:27:15.901 [main] INFO  com.alibaba.nacos.common.remote.client - [aba1e0b4-b254-4aa1-bfa0-3f1d473271a2] Register server push request handler:com.alibaba.nacos.common.remote.client.RpcClient$ConnectResetRequestHandler
2025-07-25 11:27:15.901 [main] INFO  com.alibaba.nacos.common.remote.client - [aba1e0b4-b254-4aa1-bfa0-3f1d473271a2] Register server push request handler:com.alibaba.nacos.common.remote.client.RpcClient$$Lambda$605/0x0000015cb14dbc60
2025-07-25 11:27:15.901 [com.alibaba.nacos.client.remote.worker] INFO  com.alibaba.nacos.common.remote.client - [aba1e0b4-b254-4aa1-bfa0-3f1d473271a2] Notify connected event to listeners.
2025-07-25 11:27:15.901 [com.alibaba.nacos.client.remote.worker] INFO  com.alibaba.nacos.client.naming - Grpc connection connect
2025-07-25 11:27:15.903 [main] INFO  com.alibaba.nacos.client.naming - [REGISTER-SERVICE] xiaohashu registering service xiaohashu-auth with instance Instance{instanceId='null', ip='192.168.93.1', port=8080, weight=1.0, healthy=true, enabled=true, ephemeral=true, clusterName='DEFAULT', serviceName='null', metadata={IPv6=[2409:8931:478:a5b:c46e:79d5:1a23:107], preserved.register.source=SPRING_CLOUD}}
2025-07-25 11:27:15.911 [main] INFO  c.a.cloud.nacos.registry.NacosServiceRegistry - nacos registry, DEFAULT_GROUP xiaohashu-auth 192.168.93.1:8080 register finished
2025-07-25 11:27:17.005 [main] INFO  org.springframework.cloud.commons.util.InetUtils - Cannot determine local hostname
2025-07-25 11:27:17.020 [main] INFO  c.q.xiaohashu.auth.XiaohashuAuthApplication - Started XiaohashuAuthApplication in 9.874 seconds (process running for 10.404)
2025-07-25 11:27:17.021 [main] INFO  c.q.x.auth.runner.PushRolePermissions2RedisRunner - ==> 服务启动，开始同步角色权限数据到 Redis 中...
2025-07-25 11:27:17.337 [main] WARN  c.q.x.auth.runner.PushRolePermissions2RedisRunner - ==> 角色权限数据已经同步至 Redis 中，不再同步...
2025-07-25 11:27:17.339 [main] INFO  com.alibaba.nacos.client.config.impl.CacheData - nacos.cache.data.init.snapshot = true 
2025-07-25 11:27:17.339 [main] INFO  com.alibaba.nacos.client.config.impl.ClientWorker - [fixed-xiaohashu-127.0.0.1_8848] [subscribe] xiaohashu-auth.yaml+DEFAULT_GROUP+xiaohashu
2025-07-25 11:27:17.346 [main] INFO  com.alibaba.nacos.client.config.impl.CacheData - [fixed-xiaohashu-127.0.0.1_8848] [add-listener] ok, tenant=xiaohashu, dataId=xiaohashu-auth.yaml, group=DEFAULT_GROUP, cnt=1
2025-07-25 11:27:17.346 [main] INFO  c.a.cloud.nacos.refresh.NacosContextRefresher - [Nacos Config] Listening config: dataId=xiaohashu-auth.yaml, group=DEFAULT_GROUP
2025-07-25 11:27:17.348 [main] INFO  com.alibaba.nacos.client.config.impl.ClientWorker - [fixed-xiaohashu-127.0.0.1_8848] [subscribe] xiaohashu-auth-dev.yaml+DEFAULT_GROUP+xiaohashu
2025-07-25 11:27:17.348 [main] INFO  com.alibaba.nacos.client.config.impl.CacheData - [fixed-xiaohashu-127.0.0.1_8848] [add-listener] ok, tenant=xiaohashu, dataId=xiaohashu-auth-dev.yaml, group=DEFAULT_GROUP, cnt=1
2025-07-25 11:27:17.348 [main] INFO  c.a.cloud.nacos.refresh.NacosContextRefresher - [Nacos Config] Listening config: dataId=xiaohashu-auth-dev.yaml, group=DEFAULT_GROUP
2025-07-25 11:27:17.349 [main] INFO  com.alibaba.nacos.client.config.impl.ClientWorker - [fixed-xiaohashu-127.0.0.1_8848] [subscribe] xiaohashu-auth+DEFAULT_GROUP+xiaohashu
2025-07-25 11:27:17.349 [main] INFO  com.alibaba.nacos.client.config.impl.CacheData - [fixed-xiaohashu-127.0.0.1_8848] [add-listener] ok, tenant=xiaohashu, dataId=xiaohashu-auth, group=DEFAULT_GROUP, cnt=1
2025-07-25 11:27:17.349 [main] INFO  c.a.cloud.nacos.refresh.NacosContextRefresher - [Nacos Config] Listening config: dataId=xiaohashu-auth, group=DEFAULT_GROUP
2025-07-25 11:36:34.868 [Thread-2] WARN  c.alibaba.nacos.common.http.HttpClientBeanHolder - [HttpClientBeanHolder] Start destroying common HttpClient
2025-07-25 11:36:34.868 [Thread-9] WARN  com.alibaba.nacos.common.notify.NotifyCenter - [NotifyCenter] Start destroying Publisher
2025-07-25 11:36:34.868 [Thread-9] WARN  com.alibaba.nacos.common.notify.NotifyCenter - [NotifyCenter] Destruction of the end
2025-07-25 11:36:34.869 [Thread-2] WARN  c.alibaba.nacos.common.http.HttpClientBeanHolder - [HttpClientBeanHolder] Destruction of the end
2025-07-25 11:36:34.899 [SpringApplicationShutdownHook] INFO  c.a.cloud.nacos.registry.NacosServiceRegistry - De-registering from Nacos Server now...
2025-07-25 11:36:34.899 [SpringApplicationShutdownHook] INFO  com.alibaba.nacos.client.naming - [DEREGISTER-SERVICE] xiaohashu deregistering service xiaohashu-auth with instance: Instance{instanceId='null', ip='192.168.93.1', port=8080, weight=1.0, healthy=true, enabled=true, ephemeral=true, clusterName='DEFAULT', serviceName='null', metadata={}}
2025-07-25 11:36:34.902 [SpringApplicationShutdownHook] INFO  c.a.cloud.nacos.registry.NacosServiceRegistry - De-registration finished.
2025-07-25 11:36:34.902 [SpringApplicationShutdownHook] INFO  com.alibaba.nacos.client.naming - com.alibaba.nacos.client.naming.cache.ServiceInfoHolder do shutdown begin
2025-07-25 11:36:34.902 [SpringApplicationShutdownHook] INFO  com.alibaba.nacos.client.naming - com.alibaba.nacos.client.naming.backups.FailoverReactor do shutdown begin
2025-07-25 11:36:34.902 [SpringApplicationShutdownHook] INFO  com.alibaba.nacos.client.naming - com.alibaba.nacos.client.naming.backups.FailoverReactor do shutdown stop
2025-07-25 11:36:34.902 [SpringApplicationShutdownHook] INFO  com.alibaba.nacos.client.naming - com.alibaba.nacos.client.naming.cache.ServiceInfoHolder do shutdown stop
2025-07-25 11:36:34.902 [SpringApplicationShutdownHook] INFO  com.alibaba.nacos.client.naming - com.alibaba.nacos.client.naming.remote.NamingClientProxyDelegate do shutdown begin
2025-07-25 11:36:34.902 [SpringApplicationShutdownHook] INFO  com.alibaba.nacos.client.naming - com.alibaba.nacos.client.naming.core.ServiceInfoUpdateService do shutdown begin
2025-07-25 11:36:34.903 [SpringApplicationShutdownHook] INFO  com.alibaba.nacos.client.naming - com.alibaba.nacos.client.naming.core.ServiceInfoUpdateService do shutdown stop
2025-07-25 11:36:34.903 [SpringApplicationShutdownHook] INFO  com.alibaba.nacos.client.naming - com.alibaba.nacos.client.naming.core.ServerListManager do shutdown begin
2025-07-25 11:36:34.903 [SpringApplicationShutdownHook] WARN  com.alibaba.nacos.client.naming - [NamingHttpClientManager] Start destroying NacosRestTemplate
2025-07-25 11:36:34.903 [SpringApplicationShutdownHook] WARN  com.alibaba.nacos.client.naming - [NamingHttpClientManager] Destruction of the end
2025-07-25 11:36:34.903 [SpringApplicationShutdownHook] INFO  com.alibaba.nacos.client.naming - com.alibaba.nacos.client.naming.core.ServerListManager do shutdown stop
2025-07-25 11:36:34.903 [SpringApplicationShutdownHook] INFO  com.alibaba.nacos.client.naming - com.alibaba.nacos.client.naming.remote.http.NamingHttpClientProxy do shutdown begin
2025-07-25 11:36:34.903 [SpringApplicationShutdownHook] WARN  com.alibaba.nacos.client.naming - [NamingHttpClientManager] Start destroying NacosRestTemplate
2025-07-25 11:36:34.903 [SpringApplicationShutdownHook] WARN  com.alibaba.nacos.client.naming - [NamingHttpClientManager] Destruction of the end
2025-07-25 11:36:34.903 [SpringApplicationShutdownHook] INFO  com.alibaba.nacos.client.naming - com.alibaba.nacos.client.naming.remote.http.NamingHttpClientProxy do shutdown stop
2025-07-25 11:36:34.903 [SpringApplicationShutdownHook] INFO  com.alibaba.nacos.common.remote.client - Shutdown rpc client, set status to shutdown
2025-07-25 11:36:34.903 [SpringApplicationShutdownHook] INFO  com.alibaba.nacos.common.remote.client - Shutdown client event executor java.util.concurrent.ScheduledThreadPoolExecutor@267db20[Running, pool size = 2, active threads = 2, queued tasks = 0, completed tasks = 0]
2025-07-25 11:36:34.903 [SpringApplicationShutdownHook] INFO  com.alibaba.nacos.common.remote.client - Close current connection 1753414035796_127.0.0.1_55244
2025-07-25 11:36:34.904 [nacos-grpc-client-executor-127.0.0.1-131] INFO  c.a.nacos.common.remote.client.grpc.GrpcClient - [1753414035796_127.0.0.1_55244]Ignore complete event,isRunning:false,isAbandon=false
2025-07-25 11:36:34.906 [SpringApplicationShutdownHook] INFO  c.a.nacos.common.remote.client.grpc.GrpcClient - Shutdown grpc executor java.util.concurrent.ThreadPoolExecutor@aa586e2[Running, pool size = 4, active threads = 0, queued tasks = 0, completed tasks = 132]
2025-07-25 11:36:34.906 [SpringApplicationShutdownHook] INFO  com.alibaba.nacos.client.naming - Shutdown grpc redo service executor java.util.concurrent.ScheduledThreadPoolExecutor@692e3f1e[Running, pool size = 1, active threads = 0, queued tasks = 1, completed tasks = 185]
2025-07-25 11:36:34.907 [SpringApplicationShutdownHook] INFO  c.a.n.client.auth.ram.identify.CredentialWatcher - [null] CredentialWatcher is stopped
2025-07-25 11:36:34.907 [SpringApplicationShutdownHook] INFO  c.a.n.client.auth.ram.identify.CredentialService - [null] CredentialService is freed
2025-07-25 11:36:34.907 [SpringApplicationShutdownHook] INFO  com.alibaba.nacos.client.naming - com.alibaba.nacos.client.naming.remote.NamingClientProxyDelegate do shutdown stop
2025-07-25 11:36:34.971 [com.alibaba.nacos.client.Worker] INFO  c.a.n.client.auth.ram.identify.CredentialWatcher - null No credential found
2025-07-25 11:36:35.035 [SpringApplicationShutdownHook] INFO  com.alibaba.druid.pool.DruidDataSource - {dataSource-1} closing ...
2025-07-25 11:36:35.040 [SpringApplicationShutdownHook] INFO  com.alibaba.druid.pool.DruidDataSource - {dataSource-1} closed
2025-07-25 11:36:41.070 [main] WARN  com.alibaba.nacos.client.logging.NacosLogging - Load Logback Configuration of Nacos fail, message: Could not initialize Logback Nacos logging from classpath:nacos-logback.xml
2025-07-25 11:36:41.126 [main] WARN  com.alibaba.nacos.client.logging.NacosLogging - Load Logback Configuration of Nacos fail, message: Could not initialize Logback Nacos logging from classpath:nacos-logback.xml
2025-07-25 11:36:41.322 [main] WARN  com.alibaba.nacos.client.logging.NacosLogging - Load Logback Configuration of Nacos fail, message: Could not initialize Logback Nacos logging from classpath:nacos-logback.xml
2025-07-25 11:36:41.323 [main] INFO  com.alibaba.nacos.client.utils.ParamUtil - [settings] [req-serv] nacos-server port:8848
2025-07-25 11:36:41.323 [main] INFO  com.alibaba.nacos.client.utils.ParamUtil - [settings] [http-client] connect timeout:1000
2025-07-25 11:36:41.324 [main] INFO  com.alibaba.nacos.client.utils.ParamUtil - PER_TASK_CONFIG_SIZE: 3000.0
2025-07-25 11:36:41.349 [main] INFO  c.a.n.p.auth.spi.client.ClientAuthPluginManager - [ClientAuthPluginManager] Load ClientAuthService com.alibaba.nacos.client.auth.impl.NacosClientAuthServiceImpl success.
2025-07-25 11:36:41.349 [main] INFO  c.a.n.p.auth.spi.client.ClientAuthPluginManager - [ClientAuthPluginManager] Load ClientAuthService com.alibaba.nacos.client.auth.ram.RamClientAuthServiceImpl success.
2025-07-25 11:36:41.351 [main] INFO  c.a.n.client.auth.ram.identify.CredentialWatcher - null No credential found
2025-07-25 11:36:42.533 [main] WARN  com.alibaba.nacos.client.logging.NacosLogging - Load Logback Configuration of Nacos fail, message: Could not initialize Logback Nacos logging from classpath:nacos-logback.xml
2025-07-25 11:36:42.549 [main] INFO  c.a.n.client.config.impl.LocalConfigInfoProcessor - LOCAL_SNAPSHOT_PATH:C:\Users\50723\nacos\config
2025-07-25 11:36:42.552 [main] INFO  com.alibaba.nacos.common.remote.client - [RpcClientFactory] create a new rpc client of 4cc7c25a-7a6a-41f8-baeb-a3781a2bbb21_config-0
2025-07-25 11:36:42.567 [main] INFO  com.alibaba.nacos.common.remote.client - [4cc7c25a-7a6a-41f8-baeb-a3781a2bbb21_config-0] Register server push request handler:com.alibaba.nacos.client.config.impl.ClientWorker$ConfigRpcTransportClient$$Lambda$584/0x0000022a81391830
2025-07-25 11:36:42.567 [main] INFO  com.alibaba.nacos.common.remote.client - [4cc7c25a-7a6a-41f8-baeb-a3781a2bbb21_config-0] Register server push request handler:com.alibaba.nacos.client.config.impl.ClientWorker$ConfigRpcTransportClient$$Lambda$585/0x0000022a81391c50
2025-07-25 11:36:42.568 [main] INFO  com.alibaba.nacos.common.remote.client - [4cc7c25a-7a6a-41f8-baeb-a3781a2bbb21_config-0] Registry connection listener to current client:com.alibaba.nacos.client.config.impl.ClientWorker$ConfigRpcTransportClient$1
2025-07-25 11:36:42.568 [main] INFO  com.alibaba.nacos.common.remote.client - [4cc7c25a-7a6a-41f8-baeb-a3781a2bbb21_config-0] RpcClient init, ServerListFactory = com.alibaba.nacos.client.config.impl.ClientWorker$ConfigRpcTransportClient$2
2025-07-25 11:36:42.576 [main] INFO  com.alibaba.nacos.common.remote.client - [4cc7c25a-7a6a-41f8-baeb-a3781a2bbb21_config-0] Try to connect to server on start up, server: {serverIp = '127.0.0.1', server main port = 8848}
2025-07-25 11:36:42.601 [main] INFO  c.a.nacos.common.remote.client.grpc.GrpcClient - grpc client connection server:127.0.0.1 ip,serverPort:9848,grpcTslConfig:{"sslProvider":"OPENSSL","enableTls":false,"mutualAuthEnable":false,"trustAll":false}
2025-07-25 11:36:43.303 [main] INFO  com.alibaba.nacos.common.remote.client - [4cc7c25a-7a6a-41f8-baeb-a3781a2bbb21_config-0] Success to connect to server [127.0.0.1:8848] on start up, connectionId = 1753414603121_127.0.0.1_55352
2025-07-25 11:36:43.304 [com.alibaba.nacos.client.remote.worker] INFO  com.alibaba.nacos.common.remote.client - [4cc7c25a-7a6a-41f8-baeb-a3781a2bbb21_config-0] Notify connected event to listeners.
2025-07-25 11:36:43.304 [com.alibaba.nacos.client.remote.worker] INFO  com.alibaba.nacos.client.config.impl.ClientWorker - [4cc7c25a-7a6a-41f8-baeb-a3781a2bbb21_config-0] Connected,notify listen context...
2025-07-25 11:36:43.304 [main] INFO  com.alibaba.nacos.common.remote.client - [4cc7c25a-7a6a-41f8-baeb-a3781a2bbb21_config-0] Register server push request handler:com.alibaba.nacos.common.remote.client.RpcClient$ConnectResetRequestHandler
2025-07-25 11:36:43.304 [main] INFO  com.alibaba.nacos.common.remote.client - [4cc7c25a-7a6a-41f8-baeb-a3781a2bbb21_config-0] Register server push request handler:com.alibaba.nacos.common.remote.client.RpcClient$$Lambda$605/0x0000022a814d91e8
2025-07-25 11:36:43.345 [main] INFO  com.alibaba.nacos.client.config.impl.Limiter - limitTime:5.0
2025-07-25 11:36:43.356 [main] INFO  com.alibaba.nacos.client.config.utils.JvmUtil - isMultiInstance:false
2025-07-25 11:36:43.365 [main] WARN  c.a.cloud.nacos.client.NacosPropertySourceBuilder - Ignore the empty nacos configuration and get it based on dataId[xiaohashu-auth.yaml] & group[DEFAULT_GROUP]
2025-07-25 11:36:43.370 [main] INFO  o.s.c.b.c.PropertySourceBootstrapConfiguration - Located property source: [BootstrapPropertySource {name='bootstrapProperties-xiaohashu-auth-dev.yaml,DEFAULT_GROUP'}, BootstrapPropertySource {name='bootstrapProperties-xiaohashu-auth.yaml,DEFAULT_GROUP'}, BootstrapPropertySource {name='bootstrapProperties-xiaohashu-auth,DEFAULT_GROUP'}]
2025-07-25 11:36:43.389 [main] WARN  com.alibaba.nacos.client.logging.NacosLogging - Load Logback Configuration of Nacos fail, message: Could not initialize Logback Nacos logging from classpath:nacos-logback.xml
2025-07-25 11:36:43.389 [main] INFO  c.q.xiaohashu.auth.XiaohashuAuthApplication - The following 1 profile is active: "dev"
2025-07-25 11:36:43.920 [main] INFO  o.s.d.r.config.RepositoryConfigurationDelegate - Multiple Spring Data modules found, entering strict repository configuration mode
2025-07-25 11:36:43.922 [main] INFO  o.s.d.r.config.RepositoryConfigurationDelegate - Bootstrapping Spring Data Redis repositories in DEFAULT mode.
2025-07-25 11:36:43.941 [main] INFO  o.s.d.r.config.RepositoryConfigurationDelegate - Finished Spring Data repository scanning in 8 ms. Found 0 Redis repository interfaces.
2025-07-25 11:36:44.030 [main] INFO  o.springframework.cloud.context.scope.GenericScope - BeanFactory id=ddfea9b1-4a8a-32aa-bbd7-a77072559ce3
2025-07-25 11:36:44.507 [main] INFO  o.s.boot.web.embedded.tomcat.TomcatWebServer - Tomcat initialized with port(s): 8080 (http)
2025-07-25 11:36:44.515 [main] INFO  org.apache.catalina.core.StandardService - Starting service [Tomcat]
2025-07-25 11:36:44.515 [main] INFO  org.apache.catalina.core.StandardEngine - Starting Servlet engine: [Apache Tomcat/10.1.5]
2025-07-25 11:36:44.570 [main] INFO  o.a.c.core.ContainerBase.[Tomcat].[localhost].[/] - Initializing Spring embedded WebApplicationContext
2025-07-25 11:36:44.570 [main] INFO  o.s.b.w.s.c.ServletWebServerApplicationContext - Root WebApplicationContext: initialization completed in 1169 ms
2025-07-25 11:36:44.658 [main] INFO  c.a.d.s.b.a.DruidDataSourceAutoConfigure - Init DruidDataSource
2025-07-25 11:36:44.926 [main] INFO  com.alibaba.druid.pool.DruidDataSource - {dataSource-1} inited
2025-07-25 11:36:46.658 [main] INFO  org.springframework.cloud.commons.util.InetUtils - Cannot determine local hostname
2025-07-25 11:36:47.903 [main] INFO  org.springframework.cloud.commons.util.InetUtils - Cannot determine local hostname
2025-07-25 11:36:47.978 [main] INFO  o.s.boot.web.embedded.tomcat.TomcatWebServer - Tomcat started on port(s): 8080 (http) with context path ''
2025-07-25 11:36:47.982 [main] INFO  com.alibaba.nacos.client.naming - initializer namespace from ans.namespace attribute : null
2025-07-25 11:36:47.983 [main] INFO  com.alibaba.nacos.client.naming - initializer namespace from ALIBABA_ALIWARE_NAMESPACE attribute :null
2025-07-25 11:36:47.984 [main] INFO  com.alibaba.nacos.client.naming - initializer namespace from namespace attribute :null
2025-07-25 11:36:47.992 [main] INFO  c.a.n.p.auth.spi.client.ClientAuthPluginManager - [ClientAuthPluginManager] Load ClientAuthService com.alibaba.nacos.client.auth.impl.NacosClientAuthServiceImpl success.
2025-07-25 11:36:47.993 [main] INFO  c.a.n.p.auth.spi.client.ClientAuthPluginManager - [ClientAuthPluginManager] Load ClientAuthService com.alibaba.nacos.client.auth.ram.RamClientAuthServiceImpl success.
2025-07-25 11:36:47.998 [main] INFO  com.alibaba.nacos.common.remote.client - [RpcClientFactory] create a new rpc client of 727d5f01-c3e2-4d52-a2d4-1a867f085064
2025-07-25 11:36:48.000 [main] INFO  com.alibaba.nacos.common.remote.client - [727d5f01-c3e2-4d52-a2d4-1a867f085064] RpcClient init, ServerListFactory = com.alibaba.nacos.client.naming.core.ServerListManager
2025-07-25 11:36:48.000 [main] INFO  com.alibaba.nacos.common.remote.client - [727d5f01-c3e2-4d52-a2d4-1a867f085064] Registry connection listener to current client:com.alibaba.nacos.client.naming.remote.gprc.redo.NamingGrpcRedoService
2025-07-25 11:36:48.001 [main] INFO  com.alibaba.nacos.common.remote.client - [727d5f01-c3e2-4d52-a2d4-1a867f085064] Register server push request handler:com.alibaba.nacos.client.naming.remote.gprc.NamingPushRequestHandler
2025-07-25 11:36:48.001 [main] INFO  com.alibaba.nacos.common.remote.client - [727d5f01-c3e2-4d52-a2d4-1a867f085064] Try to connect to server on start up, server: {serverIp = '127.0.0.1', server main port = 8848}
2025-07-25 11:36:48.002 [main] INFO  c.a.nacos.common.remote.client.grpc.GrpcClient - grpc client connection server:127.0.0.1 ip,serverPort:9848,grpcTslConfig:{"sslProvider":"OPENSSL","enableTls":false,"mutualAuthEnable":false,"trustAll":false}
2025-07-25 11:36:48.114 [main] INFO  com.alibaba.nacos.common.remote.client - [727d5f01-c3e2-4d52-a2d4-1a867f085064] Success to connect to server [127.0.0.1:8848] on start up, connectionId = 1753414608008_127.0.0.1_55359
2025-07-25 11:36:48.114 [main] INFO  com.alibaba.nacos.common.remote.client - [727d5f01-c3e2-4d52-a2d4-1a867f085064] Register server push request handler:com.alibaba.nacos.common.remote.client.RpcClient$ConnectResetRequestHandler
2025-07-25 11:36:48.114 [com.alibaba.nacos.client.remote.worker] INFO  com.alibaba.nacos.common.remote.client - [727d5f01-c3e2-4d52-a2d4-1a867f085064] Notify connected event to listeners.
2025-07-25 11:36:48.114 [main] INFO  com.alibaba.nacos.common.remote.client - [727d5f01-c3e2-4d52-a2d4-1a867f085064] Register server push request handler:com.alibaba.nacos.common.remote.client.RpcClient$$Lambda$605/0x0000022a814d91e8
2025-07-25 11:36:48.114 [com.alibaba.nacos.client.remote.worker] INFO  com.alibaba.nacos.client.naming - Grpc connection connect
2025-07-25 11:36:48.115 [main] INFO  com.alibaba.nacos.client.naming - [REGISTER-SERVICE] xiaohashu registering service xiaohashu-auth with instance Instance{instanceId='null', ip='192.168.93.1', port=8080, weight=1.0, healthy=true, enabled=true, ephemeral=true, clusterName='DEFAULT', serviceName='null', metadata={IPv6=[2409:8931:478:a5b:c46e:79d5:1a23:107], preserved.register.source=SPRING_CLOUD}}
2025-07-25 11:36:48.128 [main] INFO  c.a.cloud.nacos.registry.NacosServiceRegistry - nacos registry, DEFAULT_GROUP xiaohashu-auth 192.168.93.1:8080 register finished
2025-07-25 11:36:49.244 [main] INFO  org.springframework.cloud.commons.util.InetUtils - Cannot determine local hostname
2025-07-25 11:36:49.257 [main] INFO  c.q.xiaohashu.auth.XiaohashuAuthApplication - Started XiaohashuAuthApplication in 9.763 seconds (process running for 10.293)
2025-07-25 11:36:49.258 [main] INFO  c.q.x.auth.runner.PushRolePermissions2RedisRunner - ==> 服务启动，开始同步角色权限数据到 Redis 中...
2025-07-25 11:36:49.578 [main] WARN  c.q.x.auth.runner.PushRolePermissions2RedisRunner - ==> 角色权限数据已经同步至 Redis 中，不再同步...
2025-07-25 11:36:49.580 [main] INFO  com.alibaba.nacos.client.config.impl.CacheData - nacos.cache.data.init.snapshot = true 
2025-07-25 11:36:49.580 [main] INFO  com.alibaba.nacos.client.config.impl.ClientWorker - [fixed-xiaohashu-127.0.0.1_8848] [subscribe] xiaohashu-auth.yaml+DEFAULT_GROUP+xiaohashu
2025-07-25 11:36:49.587 [main] INFO  com.alibaba.nacos.client.config.impl.CacheData - [fixed-xiaohashu-127.0.0.1_8848] [add-listener] ok, tenant=xiaohashu, dataId=xiaohashu-auth.yaml, group=DEFAULT_GROUP, cnt=1
2025-07-25 11:36:49.587 [main] INFO  c.a.cloud.nacos.refresh.NacosContextRefresher - [Nacos Config] Listening config: dataId=xiaohashu-auth.yaml, group=DEFAULT_GROUP
2025-07-25 11:36:49.589 [main] INFO  com.alibaba.nacos.client.config.impl.ClientWorker - [fixed-xiaohashu-127.0.0.1_8848] [subscribe] xiaohashu-auth-dev.yaml+DEFAULT_GROUP+xiaohashu
2025-07-25 11:36:49.589 [main] INFO  com.alibaba.nacos.client.config.impl.CacheData - [fixed-xiaohashu-127.0.0.1_8848] [add-listener] ok, tenant=xiaohashu, dataId=xiaohashu-auth-dev.yaml, group=DEFAULT_GROUP, cnt=1
2025-07-25 11:36:49.589 [main] INFO  c.a.cloud.nacos.refresh.NacosContextRefresher - [Nacos Config] Listening config: dataId=xiaohashu-auth-dev.yaml, group=DEFAULT_GROUP
2025-07-25 11:36:49.590 [main] INFO  com.alibaba.nacos.client.config.impl.ClientWorker - [fixed-xiaohashu-127.0.0.1_8848] [subscribe] xiaohashu-auth+DEFAULT_GROUP+xiaohashu
2025-07-25 11:36:49.590 [main] INFO  com.alibaba.nacos.client.config.impl.CacheData - [fixed-xiaohashu-127.0.0.1_8848] [add-listener] ok, tenant=xiaohashu, dataId=xiaohashu-auth, group=DEFAULT_GROUP, cnt=1
2025-07-25 11:36:49.590 [main] INFO  c.a.cloud.nacos.refresh.NacosContextRefresher - [Nacos Config] Listening config: dataId=xiaohashu-auth, group=DEFAULT_GROUP
2025-07-25 11:37:02.897 [http-nio-8080-exec-1] INFO  o.a.c.core.ContainerBase.[Tomcat].[localhost].[/] - Initializing Spring DispatcherServlet 'dispatcherServlet'
2025-07-25 11:37:02.897 [http-nio-8080-exec-1] INFO  org.springframework.web.servlet.DispatcherServlet - Initializing Servlet 'dispatcherServlet'
2025-07-25 11:37:02.898 [http-nio-8080-exec-1] INFO  org.springframework.web.servlet.DispatcherServlet - Completed initialization in 1 ms
2025-07-25 11:37:02.906 [http-nio-8080-exec-1] INFO  c.q.x.auth.filter.HeaderUserId2ContextFilter - ## HeaderUserId2ContextFilter, 用户 ID: 1
2025-07-25 11:37:02.906 [http-nio-8080-exec-1] INFO  c.q.x.auth.filter.HeaderUserId2ContextFilter - ===== 设置 userId 到 ThreadLocal 中， 用户 ID: 1
2025-07-25 11:37:02.925 [http-nio-8080-exec-1] INFO  c.q.f.b.operationlog.aspect.ApiOperationLogAspect - ====== 请求开始: [账号登出], 入参: , 请求类: UserController, 请求方法: logout =================================== 
2025-07-25 11:37:02.966 [http-nio-8080-exec-1] INFO  c.q.f.b.operationlog.aspect.ApiOperationLogAspect - ====== 请求结束: [账号登出], 耗时: 40ms, 出参: {"success":true,"message":null,"errorCode":null,"data":null} =================================== 
2025-07-25 11:37:02.981 [http-nio-8080-exec-1] INFO  c.q.x.auth.filter.HeaderUserId2ContextFilter - ===== 删除 ThreadLocal， userId: 1
2025-07-25 13:30:48.739 [nacos-grpc-client-executor-127.0.0.1-491] INFO  com.alibaba.nacos.common.remote.client - [727d5f01-c3e2-4d52-a2d4-1a867f085064] Receive server push request, request = ClientDetectionRequest, requestId = 34
2025-07-25 13:30:48.739 [nacos-grpc-client-executor-127.0.0.1-491] INFO  com.alibaba.nacos.common.remote.client - [727d5f01-c3e2-4d52-a2d4-1a867f085064] Ack server push request, request = ClientDetectionRequest, requestId = 34
2025-07-25 13:58:38.367 [Thread-9] WARN  com.alibaba.nacos.common.notify.NotifyCenter - [NotifyCenter] Start destroying Publisher
2025-07-25 13:58:38.367 [Thread-2] WARN  c.alibaba.nacos.common.http.HttpClientBeanHolder - [HttpClientBeanHolder] Start destroying common HttpClient
2025-07-25 13:58:38.367 [Thread-9] WARN  com.alibaba.nacos.common.notify.NotifyCenter - [NotifyCenter] Destruction of the end
2025-07-25 13:58:38.368 [Thread-2] WARN  c.alibaba.nacos.common.http.HttpClientBeanHolder - [HttpClientBeanHolder] Destruction of the end
2025-07-25 13:58:38.407 [SpringApplicationShutdownHook] INFO  c.a.cloud.nacos.registry.NacosServiceRegistry - De-registering from Nacos Server now...
2025-07-25 13:58:38.408 [SpringApplicationShutdownHook] INFO  com.alibaba.nacos.client.naming - [DEREGISTER-SERVICE] xiaohashu deregistering service xiaohashu-auth with instance: Instance{instanceId='null', ip='192.168.93.1', port=8080, weight=1.0, healthy=true, enabled=true, ephemeral=true, clusterName='DEFAULT', serviceName='null', metadata={}}
2025-07-25 13:58:38.411 [SpringApplicationShutdownHook] INFO  c.a.cloud.nacos.registry.NacosServiceRegistry - De-registration finished.
2025-07-25 13:58:38.411 [SpringApplicationShutdownHook] INFO  com.alibaba.nacos.client.naming - com.alibaba.nacos.client.naming.cache.ServiceInfoHolder do shutdown begin
2025-07-25 13:58:38.412 [SpringApplicationShutdownHook] INFO  com.alibaba.nacos.client.naming - com.alibaba.nacos.client.naming.backups.FailoverReactor do shutdown begin
2025-07-25 13:58:38.412 [SpringApplicationShutdownHook] INFO  com.alibaba.nacos.client.naming - com.alibaba.nacos.client.naming.backups.FailoverReactor do shutdown stop
2025-07-25 13:58:38.412 [SpringApplicationShutdownHook] INFO  com.alibaba.nacos.client.naming - com.alibaba.nacos.client.naming.cache.ServiceInfoHolder do shutdown stop
2025-07-25 13:58:38.412 [SpringApplicationShutdownHook] INFO  com.alibaba.nacos.client.naming - com.alibaba.nacos.client.naming.remote.NamingClientProxyDelegate do shutdown begin
2025-07-25 13:58:38.412 [SpringApplicationShutdownHook] INFO  com.alibaba.nacos.client.naming - com.alibaba.nacos.client.naming.core.ServiceInfoUpdateService do shutdown begin
2025-07-25 13:58:38.412 [SpringApplicationShutdownHook] INFO  com.alibaba.nacos.client.naming - com.alibaba.nacos.client.naming.core.ServiceInfoUpdateService do shutdown stop
2025-07-25 13:58:38.412 [SpringApplicationShutdownHook] INFO  com.alibaba.nacos.client.naming - com.alibaba.nacos.client.naming.core.ServerListManager do shutdown begin
2025-07-25 13:58:38.412 [SpringApplicationShutdownHook] WARN  com.alibaba.nacos.client.naming - [NamingHttpClientManager] Start destroying NacosRestTemplate
2025-07-25 13:58:38.412 [SpringApplicationShutdownHook] WARN  com.alibaba.nacos.client.naming - [NamingHttpClientManager] Destruction of the end
2025-07-25 13:58:38.412 [SpringApplicationShutdownHook] INFO  com.alibaba.nacos.client.naming - com.alibaba.nacos.client.naming.core.ServerListManager do shutdown stop
2025-07-25 13:58:38.412 [SpringApplicationShutdownHook] INFO  com.alibaba.nacos.client.naming - com.alibaba.nacos.client.naming.remote.http.NamingHttpClientProxy do shutdown begin
2025-07-25 13:58:38.412 [SpringApplicationShutdownHook] WARN  com.alibaba.nacos.client.naming - [NamingHttpClientManager] Start destroying NacosRestTemplate
2025-07-25 13:58:38.412 [SpringApplicationShutdownHook] WARN  com.alibaba.nacos.client.naming - [NamingHttpClientManager] Destruction of the end
2025-07-25 13:58:38.412 [SpringApplicationShutdownHook] INFO  com.alibaba.nacos.client.naming - com.alibaba.nacos.client.naming.remote.http.NamingHttpClientProxy do shutdown stop
2025-07-25 13:58:38.413 [SpringApplicationShutdownHook] INFO  com.alibaba.nacos.common.remote.client - Shutdown rpc client, set status to shutdown
2025-07-25 13:58:38.413 [SpringApplicationShutdownHook] INFO  com.alibaba.nacos.common.remote.client - Shutdown client event executor java.util.concurrent.ScheduledThreadPoolExecutor@32950097[Running, pool size = 2, active threads = 2, queued tasks = 0, completed tasks = 0]
2025-07-25 13:58:38.413 [SpringApplicationShutdownHook] INFO  com.alibaba.nacos.common.remote.client - Close current connection 1753414608008_127.0.0.1_55359
2025-07-25 13:58:38.414 [nacos-grpc-client-executor-127.0.0.1-826] INFO  c.a.nacos.common.remote.client.grpc.GrpcClient - [1753414608008_127.0.0.1_55359]Ignore complete event,isRunning:false,isAbandon=false
2025-07-25 13:58:38.417 [SpringApplicationShutdownHook] INFO  c.a.nacos.common.remote.client.grpc.GrpcClient - Shutdown grpc executor java.util.concurrent.ThreadPoolExecutor@42093c75[Running, pool size = 4, active threads = 0, queued tasks = 0, completed tasks = 827]
2025-07-25 13:58:38.417 [SpringApplicationShutdownHook] INFO  com.alibaba.nacos.client.naming - Shutdown grpc redo service executor java.util.concurrent.ScheduledThreadPoolExecutor@229753e3[Running, pool size = 1, active threads = 0, queued tasks = 1, completed tasks = 1358]
2025-07-25 13:58:38.418 [SpringApplicationShutdownHook] INFO  c.a.n.client.auth.ram.identify.CredentialWatcher - [null] CredentialWatcher is stopped
2025-07-25 13:58:38.418 [SpringApplicationShutdownHook] INFO  c.a.n.client.auth.ram.identify.CredentialService - [null] CredentialService is freed
2025-07-25 13:58:38.418 [SpringApplicationShutdownHook] INFO  com.alibaba.nacos.client.naming - com.alibaba.nacos.client.naming.remote.NamingClientProxyDelegate do shutdown stop
2025-07-25 13:58:38.541 [SpringApplicationShutdownHook] INFO  com.alibaba.druid.pool.DruidDataSource - {dataSource-1} closing ...
2025-07-25 13:58:38.542 [SpringApplicationShutdownHook] INFO  com.alibaba.druid.pool.DruidDataSource - {dataSource-1} closed
