2025-07-24 09:29:38.906 [main] INFO  c.q.xiaohashu.auth.XiaohashuAuthApplication - Starting XiaohashuAuthApplication using Java 17.0.15 with PID 54484 (E:\Downloads\Compressed\xiaohashu-5.3节\xiaohashu2\xiaohashu-auth\target\classes started by 50723 in E:\Downloads\Compressed\xiaohashu-5.3节\xiaohashu2)
2025-07-24 09:29:38.909 [main] INFO  c.q.xiaohashu.auth.XiaohashuAuthApplication - The following 1 profile is active: "dev"
2025-07-24 09:29:39.674 [main] INFO  o.s.d.r.config.RepositoryConfigurationDelegate - Multiple Spring Data modules found, entering strict repository configuration mode
2025-07-24 09:29:39.677 [main] INFO  o.s.d.r.config.RepositoryConfigurationDelegate - Bootstrapping Spring Data Redis repositories in DEFAULT mode.
2025-07-24 09:29:39.705 [main] INFO  o.s.d.r.config.RepositoryConfigurationDelegate - Finished Spring Data repository scanning in 12 ms. Found 0 Redis repository interfaces.
2025-07-24 09:29:40.347 [main] INFO  o.s.boot.web.embedded.tomcat.TomcatWebServer - Tomcat initialized with port(s): 8080 (http)
2025-07-24 09:29:40.356 [main] INFO  org.apache.catalina.core.StandardService - Starting service [Tomcat]
2025-07-24 09:29:40.356 [main] INFO  org.apache.catalina.core.StandardEngine - Starting Servlet engine: [Apache Tomcat/10.1.5]
2025-07-24 09:29:40.435 [main] INFO  o.a.c.core.ContainerBase.[Tomcat].[localhost].[/] - Initializing Spring embedded WebApplicationContext
2025-07-24 09:29:40.435 [main] INFO  o.s.b.w.s.c.ServletWebServerApplicationContext - Root WebApplicationContext: initialization completed in 1485 ms
2025-07-24 09:29:40.538 [main] INFO  c.a.d.s.b.a.DruidDataSourceAutoConfigure - Init DruidDataSource
2025-07-24 09:29:40.834 [main] INFO  com.alibaba.druid.pool.DruidDataSource - {dataSource-1} inited
2025-07-24 09:29:41.733 [main] INFO  o.s.boot.web.embedded.tomcat.TomcatWebServer - Tomcat started on port(s): 8080 (http) with context path ''
2025-07-24 09:29:41.739 [main] INFO  c.q.xiaohashu.auth.XiaohashuAuthApplication - Started XiaohashuAuthApplication in 3.434 seconds (process running for 4.127)
2025-07-24 09:30:25.495 [http-nio-8080-exec-2] INFO  o.a.c.core.ContainerBase.[Tomcat].[localhost].[/] - Initializing Spring DispatcherServlet 'dispatcherServlet'
2025-07-24 09:30:25.496 [http-nio-8080-exec-2] INFO  org.springframework.web.servlet.DispatcherServlet - Initializing Servlet 'dispatcherServlet'
2025-07-24 09:30:25.496 [http-nio-8080-exec-2] INFO  org.springframework.web.servlet.DispatcherServlet - Completed initialization in 0 ms
2025-07-24 09:34:02.815 [SpringApplicationShutdownHook] INFO  com.alibaba.druid.pool.DruidDataSource - {dataSource-1} closing ...
2025-07-24 09:34:02.823 [SpringApplicationShutdownHook] INFO  com.alibaba.druid.pool.DruidDataSource - {dataSource-1} closed
2025-07-24 09:34:06.636 [main] INFO  c.q.xiaohashu.auth.XiaohashuAuthApplication - Starting XiaohashuAuthApplication using Java 17.0.15 with PID 30036 (E:\Downloads\Compressed\xiaohashu-5.3节\xiaohashu2\xiaohashu-auth\target\classes started by 50723 in E:\Downloads\Compressed\xiaohashu-5.3节\xiaohashu2)
2025-07-24 09:34:06.638 [main] INFO  c.q.xiaohashu.auth.XiaohashuAuthApplication - The following 1 profile is active: "dev"
2025-07-24 09:34:07.197 [main] INFO  o.s.d.r.config.RepositoryConfigurationDelegate - Multiple Spring Data modules found, entering strict repository configuration mode
2025-07-24 09:34:07.199 [main] INFO  o.s.d.r.config.RepositoryConfigurationDelegate - Bootstrapping Spring Data Redis repositories in DEFAULT mode.
2025-07-24 09:34:07.223 [main] INFO  o.s.d.r.config.RepositoryConfigurationDelegate - Finished Spring Data repository scanning in 12 ms. Found 0 Redis repository interfaces.
2025-07-24 09:34:07.766 [main] INFO  o.s.boot.web.embedded.tomcat.TomcatWebServer - Tomcat initialized with port(s): 8080 (http)
2025-07-24 09:34:07.774 [main] INFO  org.apache.catalina.core.StandardService - Starting service [Tomcat]
2025-07-24 09:34:07.774 [main] INFO  org.apache.catalina.core.StandardEngine - Starting Servlet engine: [Apache Tomcat/10.1.5]
2025-07-24 09:34:07.847 [main] INFO  o.a.c.core.ContainerBase.[Tomcat].[localhost].[/] - Initializing Spring embedded WebApplicationContext
2025-07-24 09:34:07.847 [main] INFO  o.s.b.w.s.c.ServletWebServerApplicationContext - Root WebApplicationContext: initialization completed in 1169 ms
2025-07-24 09:34:07.938 [main] INFO  c.a.d.s.b.a.DruidDataSourceAutoConfigure - Init DruidDataSource
2025-07-24 09:34:08.192 [main] INFO  com.alibaba.druid.pool.DruidDataSource - {dataSource-1} inited
2025-07-24 09:34:08.963 [main] INFO  o.s.boot.web.embedded.tomcat.TomcatWebServer - Tomcat started on port(s): 8080 (http) with context path ''
2025-07-24 09:34:08.972 [main] INFO  c.q.xiaohashu.auth.XiaohashuAuthApplication - Started XiaohashuAuthApplication in 2.842 seconds (process running for 3.268)
2025-07-24 09:34:29.038 [http-nio-8080-exec-2] INFO  o.a.c.core.ContainerBase.[Tomcat].[localhost].[/] - Initializing Spring DispatcherServlet 'dispatcherServlet'
2025-07-24 09:34:29.038 [http-nio-8080-exec-2] INFO  org.springframework.web.servlet.DispatcherServlet - Initializing Servlet 'dispatcherServlet'
2025-07-24 09:34:29.039 [http-nio-8080-exec-2] INFO  org.springframework.web.servlet.DispatcherServlet - Completed initialization in 1 ms
2025-07-24 09:34:29.101 [http-nio-8080-exec-2] DEBUG c.q.x.a.domain.mapper.UserDOMapper.selectByPhone - ==>  Preparing: select id,t_user.password from t_user where phone=?
2025-07-24 09:34:29.243 [http-nio-8080-exec-2] DEBUG c.q.x.a.domain.mapper.UserDOMapper.selectByPhone - ==> Parameters: null
2025-07-24 09:34:29.257 [http-nio-8080-exec-2] DEBUG c.q.x.a.domain.mapper.UserDOMapper.selectByPhone - <==      Total: 0
2025-07-24 09:35:01.291 [SpringApplicationShutdownHook] INFO  com.alibaba.druid.pool.DruidDataSource - {dataSource-1} closing ...
2025-07-24 09:35:01.298 [SpringApplicationShutdownHook] INFO  com.alibaba.druid.pool.DruidDataSource - {dataSource-1} closed
2025-07-24 09:35:04.765 [main] INFO  c.q.xiaohashu.auth.XiaohashuAuthApplication - Starting XiaohashuAuthApplication using Java 17.0.15 with PID 48576 (E:\Downloads\Compressed\xiaohashu-5.3节\xiaohashu2\xiaohashu-auth\target\classes started by 50723 in E:\Downloads\Compressed\xiaohashu-5.3节\xiaohashu2)
2025-07-24 09:35:04.768 [main] INFO  c.q.xiaohashu.auth.XiaohashuAuthApplication - The following 1 profile is active: "dev"
2025-07-24 09:35:05.299 [main] INFO  o.s.d.r.config.RepositoryConfigurationDelegate - Multiple Spring Data modules found, entering strict repository configuration mode
2025-07-24 09:35:05.301 [main] INFO  o.s.d.r.config.RepositoryConfigurationDelegate - Bootstrapping Spring Data Redis repositories in DEFAULT mode.
2025-07-24 09:35:05.324 [main] INFO  o.s.d.r.config.RepositoryConfigurationDelegate - Finished Spring Data repository scanning in 11 ms. Found 0 Redis repository interfaces.
2025-07-24 09:35:05.876 [main] INFO  o.s.boot.web.embedded.tomcat.TomcatWebServer - Tomcat initialized with port(s): 8080 (http)
2025-07-24 09:35:05.884 [main] INFO  org.apache.catalina.core.StandardService - Starting service [Tomcat]
2025-07-24 09:35:05.884 [main] INFO  org.apache.catalina.core.StandardEngine - Starting Servlet engine: [Apache Tomcat/10.1.5]
2025-07-24 09:35:05.957 [main] INFO  o.a.c.core.ContainerBase.[Tomcat].[localhost].[/] - Initializing Spring embedded WebApplicationContext
2025-07-24 09:35:05.957 [main] INFO  o.s.b.w.s.c.ServletWebServerApplicationContext - Root WebApplicationContext: initialization completed in 1149 ms
2025-07-24 09:35:06.049 [main] INFO  c.a.d.s.b.a.DruidDataSourceAutoConfigure - Init DruidDataSource
2025-07-24 09:35:06.322 [main] INFO  com.alibaba.druid.pool.DruidDataSource - {dataSource-1} inited
2025-07-24 09:35:07.237 [main] INFO  o.s.boot.web.embedded.tomcat.TomcatWebServer - Tomcat started on port(s): 8080 (http) with context path ''
2025-07-24 09:35:07.247 [main] INFO  c.q.xiaohashu.auth.XiaohashuAuthApplication - Started XiaohashuAuthApplication in 2.964 seconds (process running for 3.42)
2025-07-24 09:35:09.506 [http-nio-8080-exec-2] INFO  o.a.c.core.ContainerBase.[Tomcat].[localhost].[/] - Initializing Spring DispatcherServlet 'dispatcherServlet'
2025-07-24 09:35:09.507 [http-nio-8080-exec-2] INFO  org.springframework.web.servlet.DispatcherServlet - Initializing Servlet 'dispatcherServlet'
2025-07-24 09:35:09.507 [http-nio-8080-exec-2] INFO  org.springframework.web.servlet.DispatcherServlet - Completed initialization in 0 ms
2025-07-24 09:35:09.582 [http-nio-8080-exec-2] ERROR c.q.x.auth.exception.GlobalExceptionHandler - /user/login request error, 
org.springframework.http.converter.HttpMessageNotReadableException: JSON parse error: Unexpected character ('}' (code 125)): was expecting double-quote to start field name
	at org.springframework.http.converter.json.AbstractJackson2HttpMessageConverter.readJavaType(AbstractJackson2HttpMessageConverter.java:406)
	at org.springframework.http.converter.json.AbstractJackson2HttpMessageConverter.read(AbstractJackson2HttpMessageConverter.java:354)
	at org.springframework.web.servlet.mvc.method.annotation.AbstractMessageConverterMethodArgumentResolver.readWithMessageConverters(AbstractMessageConverterMethodArgumentResolver.java:182)
	at org.springframework.web.servlet.mvc.method.annotation.RequestResponseBodyMethodProcessor.readWithMessageConverters(RequestResponseBodyMethodProcessor.java:163)
	at org.springframework.web.servlet.mvc.method.annotation.RequestResponseBodyMethodProcessor.resolveArgument(RequestResponseBodyMethodProcessor.java:136)
	at org.springframework.web.method.support.HandlerMethodArgumentResolverComposite.resolveArgument(HandlerMethodArgumentResolverComposite.java:122)
	at org.springframework.web.method.support.InvocableHandlerMethod.getMethodArgumentValues(InvocableHandlerMethod.java:181)
	at org.springframework.web.method.support.InvocableHandlerMethod.invokeForRequest(InvocableHandlerMethod.java:148)
	at org.springframework.web.servlet.mvc.method.annotation.ServletInvocableHandlerMethod.invokeAndHandle(ServletInvocableHandlerMethod.java:117)
	at org.springframework.web.servlet.mvc.method.annotation.RequestMappingHandlerAdapter.invokeHandlerMethod(RequestMappingHandlerAdapter.java:884)
	at org.springframework.web.servlet.mvc.method.annotation.RequestMappingHandlerAdapter.handleInternal(RequestMappingHandlerAdapter.java:797)
	at org.springframework.web.servlet.mvc.method.AbstractHandlerMethodAdapter.handle(AbstractHandlerMethodAdapter.java:87)
	at org.springframework.web.servlet.DispatcherServlet.doDispatch(DispatcherServlet.java:1080)
	at org.springframework.web.servlet.DispatcherServlet.doService(DispatcherServlet.java:973)
	at org.springframework.web.servlet.FrameworkServlet.processRequest(FrameworkServlet.java:1011)
	at org.springframework.web.servlet.FrameworkServlet.doPost(FrameworkServlet.java:914)
	at jakarta.servlet.http.HttpServlet.service(HttpServlet.java:731)
	at org.springframework.web.servlet.FrameworkServlet.service(FrameworkServlet.java:885)
	at jakarta.servlet.http.HttpServlet.service(HttpServlet.java:814)
	at org.apache.catalina.core.ApplicationFilterChain.internalDoFilter(ApplicationFilterChain.java:223)
	at org.apache.catalina.core.ApplicationFilterChain.doFilter(ApplicationFilterChain.java:158)
	at org.apache.tomcat.websocket.server.WsFilter.doFilter(WsFilter.java:53)
	at org.apache.catalina.core.ApplicationFilterChain.internalDoFilter(ApplicationFilterChain.java:185)
	at org.apache.catalina.core.ApplicationFilterChain.doFilter(ApplicationFilterChain.java:158)
	at com.alibaba.druid.support.jakarta.WebStatFilter.doFilter(WebStatFilter.java:113)
	at org.apache.catalina.core.ApplicationFilterChain.internalDoFilter(ApplicationFilterChain.java:185)
	at org.apache.catalina.core.ApplicationFilterChain.doFilter(ApplicationFilterChain.java:158)
	at org.springframework.web.filter.RequestContextFilter.doFilterInternal(RequestContextFilter.java:100)
	at org.springframework.web.filter.OncePerRequestFilter.doFilter(OncePerRequestFilter.java:116)
	at org.apache.catalina.core.ApplicationFilterChain.internalDoFilter(ApplicationFilterChain.java:185)
	at org.apache.catalina.core.ApplicationFilterChain.doFilter(ApplicationFilterChain.java:158)
	at cn.dev33.satoken.filter.SaPathCheckFilterForJakartaServlet.doFilter(SaPathCheckFilterForJakartaServlet.java:55)
	at org.apache.catalina.core.ApplicationFilterChain.internalDoFilter(ApplicationFilterChain.java:185)
	at org.apache.catalina.core.ApplicationFilterChain.doFilter(ApplicationFilterChain.java:158)
	at org.springframework.web.filter.FormContentFilter.doFilterInternal(FormContentFilter.java:93)
	at org.springframework.web.filter.OncePerRequestFilter.doFilter(OncePerRequestFilter.java:116)
	at org.apache.catalina.core.ApplicationFilterChain.internalDoFilter(ApplicationFilterChain.java:185)
	at org.apache.catalina.core.ApplicationFilterChain.doFilter(ApplicationFilterChain.java:158)
	at org.springframework.web.filter.CharacterEncodingFilter.doFilterInternal(CharacterEncodingFilter.java:201)
	at org.springframework.web.filter.OncePerRequestFilter.doFilter(OncePerRequestFilter.java:116)
	at org.apache.catalina.core.ApplicationFilterChain.internalDoFilter(ApplicationFilterChain.java:185)
	at org.apache.catalina.core.ApplicationFilterChain.doFilter(ApplicationFilterChain.java:158)
	at org.apache.catalina.core.StandardWrapperValve.invoke(StandardWrapperValve.java:177)
	at org.apache.catalina.core.StandardContextValve.invoke(StandardContextValve.java:97)
	at org.apache.catalina.authenticator.AuthenticatorBase.invoke(AuthenticatorBase.java:542)
	at org.apache.catalina.core.StandardHostValve.invoke(StandardHostValve.java:119)
	at org.apache.catalina.valves.ErrorReportValve.invoke(ErrorReportValve.java:92)
	at org.apache.catalina.core.StandardEngineValve.invoke(StandardEngineValve.java:78)
	at org.apache.catalina.connector.CoyoteAdapter.service(CoyoteAdapter.java:357)
	at org.apache.coyote.http11.Http11Processor.service(Http11Processor.java:400)
	at org.apache.coyote.AbstractProcessorLight.process(AbstractProcessorLight.java:65)
	at org.apache.coyote.AbstractProtocol$ConnectionHandler.process(AbstractProtocol.java:859)
	at org.apache.tomcat.util.net.NioEndpoint$SocketProcessor.doRun(NioEndpoint.java:1734)
	at org.apache.tomcat.util.net.SocketProcessorBase.run(SocketProcessorBase.java:52)
	at org.apache.tomcat.util.threads.ThreadPoolExecutor.runWorker(ThreadPoolExecutor.java:1191)
	at org.apache.tomcat.util.threads.ThreadPoolExecutor$Worker.run(ThreadPoolExecutor.java:659)
	at org.apache.tomcat.util.threads.TaskThread$WrappingRunnable.run(TaskThread.java:61)
	at java.base/java.lang.Thread.run(Thread.java:842)
Caused by: com.fasterxml.jackson.core.JsonParseException: Unexpected character ('}' (code 125)): was expecting double-quote to start field name
 at [Source: REDACTED (`StreamReadFeature.INCLUDE_SOURCE_IN_LOCATION` disabled); line: 4, column: 2]
	at com.fasterxml.jackson.core.JsonParser._constructError(JsonParser.java:2481)
	at com.fasterxml.jackson.core.base.ParserMinimalBase._reportError(ParserMinimalBase.java:752)
	at com.fasterxml.jackson.core.base.ParserMinimalBase._reportUnexpectedChar(ParserMinimalBase.java:676)
	at com.fasterxml.jackson.core.json.UTF8StreamJsonParser._handleOddName(UTF8StreamJsonParser.java:2147)
	at com.fasterxml.jackson.core.json.UTF8StreamJsonParser._parseName(UTF8StreamJsonParser.java:1797)
	at com.fasterxml.jackson.core.json.UTF8StreamJsonParser.nextFieldName(UTF8StreamJsonParser.java:1084)
	at com.fasterxml.jackson.databind.deser.BeanDeserializer.vanillaDeserialize(BeanDeserializer.java:317)
	at com.fasterxml.jackson.databind.deser.BeanDeserializer.deserialize(BeanDeserializer.java:177)
	at com.fasterxml.jackson.databind.deser.DefaultDeserializationContext.readRootValue(DefaultDeserializationContext.java:342)
	at com.fasterxml.jackson.databind.ObjectReader._bindAndClose(ObjectReader.java:2125)
	at com.fasterxml.jackson.databind.ObjectReader.readValue(ObjectReader.java:1501)
	at org.springframework.http.converter.json.AbstractJackson2HttpMessageConverter.readJavaType(AbstractJackson2HttpMessageConverter.java:395)
	... 57 common frames omitted
2025-07-24 09:35:41.257 [SpringApplicationShutdownHook] INFO  com.alibaba.druid.pool.DruidDataSource - {dataSource-1} closing ...
2025-07-24 09:35:41.263 [SpringApplicationShutdownHook] INFO  com.alibaba.druid.pool.DruidDataSource - {dataSource-1} closed
2025-07-24 09:35:44.626 [main] INFO  c.q.xiaohashu.auth.XiaohashuAuthApplication - Starting XiaohashuAuthApplication using Java 17.0.15 with PID 54056 (E:\Downloads\Compressed\xiaohashu-5.3节\xiaohashu2\xiaohashu-auth\target\classes started by 50723 in E:\Downloads\Compressed\xiaohashu-5.3节\xiaohashu2)
2025-07-24 09:35:44.628 [main] INFO  c.q.xiaohashu.auth.XiaohashuAuthApplication - The following 1 profile is active: "dev"
2025-07-24 09:35:45.185 [main] INFO  o.s.d.r.config.RepositoryConfigurationDelegate - Multiple Spring Data modules found, entering strict repository configuration mode
2025-07-24 09:35:45.187 [main] INFO  o.s.d.r.config.RepositoryConfigurationDelegate - Bootstrapping Spring Data Redis repositories in DEFAULT mode.
2025-07-24 09:35:45.211 [main] INFO  o.s.d.r.config.RepositoryConfigurationDelegate - Finished Spring Data repository scanning in 12 ms. Found 0 Redis repository interfaces.
2025-07-24 09:35:45.858 [main] INFO  o.s.boot.web.embedded.tomcat.TomcatWebServer - Tomcat initialized with port(s): 8080 (http)
2025-07-24 09:35:45.867 [main] INFO  org.apache.catalina.core.StandardService - Starting service [Tomcat]
2025-07-24 09:35:45.867 [main] INFO  org.apache.catalina.core.StandardEngine - Starting Servlet engine: [Apache Tomcat/10.1.5]
2025-07-24 09:35:45.939 [main] INFO  o.a.c.core.ContainerBase.[Tomcat].[localhost].[/] - Initializing Spring embedded WebApplicationContext
2025-07-24 09:35:45.939 [main] INFO  o.s.b.w.s.c.ServletWebServerApplicationContext - Root WebApplicationContext: initialization completed in 1270 ms
2025-07-24 09:35:46.061 [main] INFO  c.a.d.s.b.a.DruidDataSourceAutoConfigure - Init DruidDataSource
2025-07-24 09:35:46.344 [main] INFO  com.alibaba.druid.pool.DruidDataSource - {dataSource-1} inited
2025-07-24 09:35:47.156 [main] INFO  o.s.boot.web.embedded.tomcat.TomcatWebServer - Tomcat started on port(s): 8080 (http) with context path ''
2025-07-24 09:35:47.164 [main] INFO  c.q.xiaohashu.auth.XiaohashuAuthApplication - Started XiaohashuAuthApplication in 3.066 seconds (process running for 4.055)
2025-07-24 09:35:50.877 [http-nio-8080-exec-2] INFO  o.a.c.core.ContainerBase.[Tomcat].[localhost].[/] - Initializing Spring DispatcherServlet 'dispatcherServlet'
2025-07-24 09:35:50.878 [http-nio-8080-exec-2] INFO  org.springframework.web.servlet.DispatcherServlet - Initializing Servlet 'dispatcherServlet'
2025-07-24 09:35:50.879 [http-nio-8080-exec-2] INFO  org.springframework.web.servlet.DispatcherServlet - Completed initialization in 1 ms
2025-07-24 09:35:50.964 [http-nio-8080-exec-2] ERROR c.q.x.auth.exception.GlobalExceptionHandler - /user/login request error, 
org.springframework.http.converter.HttpMessageNotReadableException: JSON parse error: Unexpected character ('}' (code 125)): was expecting double-quote to start field name
	at org.springframework.http.converter.json.AbstractJackson2HttpMessageConverter.readJavaType(AbstractJackson2HttpMessageConverter.java:406)
	at org.springframework.http.converter.json.AbstractJackson2HttpMessageConverter.read(AbstractJackson2HttpMessageConverter.java:354)
	at org.springframework.web.servlet.mvc.method.annotation.AbstractMessageConverterMethodArgumentResolver.readWithMessageConverters(AbstractMessageConverterMethodArgumentResolver.java:182)
	at org.springframework.web.servlet.mvc.method.annotation.RequestResponseBodyMethodProcessor.readWithMessageConverters(RequestResponseBodyMethodProcessor.java:163)
	at org.springframework.web.servlet.mvc.method.annotation.RequestResponseBodyMethodProcessor.resolveArgument(RequestResponseBodyMethodProcessor.java:136)
	at org.springframework.web.method.support.HandlerMethodArgumentResolverComposite.resolveArgument(HandlerMethodArgumentResolverComposite.java:122)
	at org.springframework.web.method.support.InvocableHandlerMethod.getMethodArgumentValues(InvocableHandlerMethod.java:181)
	at org.springframework.web.method.support.InvocableHandlerMethod.invokeForRequest(InvocableHandlerMethod.java:148)
	at org.springframework.web.servlet.mvc.method.annotation.ServletInvocableHandlerMethod.invokeAndHandle(ServletInvocableHandlerMethod.java:117)
	at org.springframework.web.servlet.mvc.method.annotation.RequestMappingHandlerAdapter.invokeHandlerMethod(RequestMappingHandlerAdapter.java:884)
	at org.springframework.web.servlet.mvc.method.annotation.RequestMappingHandlerAdapter.handleInternal(RequestMappingHandlerAdapter.java:797)
	at org.springframework.web.servlet.mvc.method.AbstractHandlerMethodAdapter.handle(AbstractHandlerMethodAdapter.java:87)
	at org.springframework.web.servlet.DispatcherServlet.doDispatch(DispatcherServlet.java:1080)
	at org.springframework.web.servlet.DispatcherServlet.doService(DispatcherServlet.java:973)
	at org.springframework.web.servlet.FrameworkServlet.processRequest(FrameworkServlet.java:1011)
	at org.springframework.web.servlet.FrameworkServlet.doPost(FrameworkServlet.java:914)
	at jakarta.servlet.http.HttpServlet.service(HttpServlet.java:731)
	at org.springframework.web.servlet.FrameworkServlet.service(FrameworkServlet.java:885)
	at jakarta.servlet.http.HttpServlet.service(HttpServlet.java:814)
	at org.apache.catalina.core.ApplicationFilterChain.internalDoFilter(ApplicationFilterChain.java:223)
	at org.apache.catalina.core.ApplicationFilterChain.doFilter(ApplicationFilterChain.java:158)
	at org.apache.tomcat.websocket.server.WsFilter.doFilter(WsFilter.java:53)
	at org.apache.catalina.core.ApplicationFilterChain.internalDoFilter(ApplicationFilterChain.java:185)
	at org.apache.catalina.core.ApplicationFilterChain.doFilter(ApplicationFilterChain.java:158)
	at com.alibaba.druid.support.jakarta.WebStatFilter.doFilter(WebStatFilter.java:113)
	at org.apache.catalina.core.ApplicationFilterChain.internalDoFilter(ApplicationFilterChain.java:185)
	at org.apache.catalina.core.ApplicationFilterChain.doFilter(ApplicationFilterChain.java:158)
	at org.springframework.web.filter.RequestContextFilter.doFilterInternal(RequestContextFilter.java:100)
	at org.springframework.web.filter.OncePerRequestFilter.doFilter(OncePerRequestFilter.java:116)
	at org.apache.catalina.core.ApplicationFilterChain.internalDoFilter(ApplicationFilterChain.java:185)
	at org.apache.catalina.core.ApplicationFilterChain.doFilter(ApplicationFilterChain.java:158)
	at cn.dev33.satoken.filter.SaPathCheckFilterForJakartaServlet.doFilter(SaPathCheckFilterForJakartaServlet.java:55)
	at org.apache.catalina.core.ApplicationFilterChain.internalDoFilter(ApplicationFilterChain.java:185)
	at org.apache.catalina.core.ApplicationFilterChain.doFilter(ApplicationFilterChain.java:158)
	at org.springframework.web.filter.FormContentFilter.doFilterInternal(FormContentFilter.java:93)
	at org.springframework.web.filter.OncePerRequestFilter.doFilter(OncePerRequestFilter.java:116)
	at org.apache.catalina.core.ApplicationFilterChain.internalDoFilter(ApplicationFilterChain.java:185)
	at org.apache.catalina.core.ApplicationFilterChain.doFilter(ApplicationFilterChain.java:158)
	at org.springframework.web.filter.CharacterEncodingFilter.doFilterInternal(CharacterEncodingFilter.java:201)
	at org.springframework.web.filter.OncePerRequestFilter.doFilter(OncePerRequestFilter.java:116)
	at org.apache.catalina.core.ApplicationFilterChain.internalDoFilter(ApplicationFilterChain.java:185)
	at org.apache.catalina.core.ApplicationFilterChain.doFilter(ApplicationFilterChain.java:158)
	at org.apache.catalina.core.StandardWrapperValve.invoke(StandardWrapperValve.java:177)
	at org.apache.catalina.core.StandardContextValve.invoke(StandardContextValve.java:97)
	at org.apache.catalina.authenticator.AuthenticatorBase.invoke(AuthenticatorBase.java:542)
	at org.apache.catalina.core.StandardHostValve.invoke(StandardHostValve.java:119)
	at org.apache.catalina.valves.ErrorReportValve.invoke(ErrorReportValve.java:92)
	at org.apache.catalina.core.StandardEngineValve.invoke(StandardEngineValve.java:78)
	at org.apache.catalina.connector.CoyoteAdapter.service(CoyoteAdapter.java:357)
	at org.apache.coyote.http11.Http11Processor.service(Http11Processor.java:400)
	at org.apache.coyote.AbstractProcessorLight.process(AbstractProcessorLight.java:65)
	at org.apache.coyote.AbstractProtocol$ConnectionHandler.process(AbstractProtocol.java:859)
	at org.apache.tomcat.util.net.NioEndpoint$SocketProcessor.doRun(NioEndpoint.java:1734)
	at org.apache.tomcat.util.net.SocketProcessorBase.run(SocketProcessorBase.java:52)
	at org.apache.tomcat.util.threads.ThreadPoolExecutor.runWorker(ThreadPoolExecutor.java:1191)
	at org.apache.tomcat.util.threads.ThreadPoolExecutor$Worker.run(ThreadPoolExecutor.java:659)
	at org.apache.tomcat.util.threads.TaskThread$WrappingRunnable.run(TaskThread.java:61)
	at java.base/java.lang.Thread.run(Thread.java:842)
Caused by: com.fasterxml.jackson.core.JsonParseException: Unexpected character ('}' (code 125)): was expecting double-quote to start field name
 at [Source: REDACTED (`StreamReadFeature.INCLUDE_SOURCE_IN_LOCATION` disabled); line: 4, column: 2]
	at com.fasterxml.jackson.core.JsonParser._constructError(JsonParser.java:2481)
	at com.fasterxml.jackson.core.base.ParserMinimalBase._reportError(ParserMinimalBase.java:752)
	at com.fasterxml.jackson.core.base.ParserMinimalBase._reportUnexpectedChar(ParserMinimalBase.java:676)
	at com.fasterxml.jackson.core.json.UTF8StreamJsonParser._handleOddName(UTF8StreamJsonParser.java:2147)
	at com.fasterxml.jackson.core.json.UTF8StreamJsonParser._parseName(UTF8StreamJsonParser.java:1797)
	at com.fasterxml.jackson.core.json.UTF8StreamJsonParser.nextFieldName(UTF8StreamJsonParser.java:1084)
	at com.fasterxml.jackson.databind.deser.BeanDeserializer.vanillaDeserialize(BeanDeserializer.java:317)
	at com.fasterxml.jackson.databind.deser.BeanDeserializer.deserialize(BeanDeserializer.java:177)
	at com.fasterxml.jackson.databind.deser.DefaultDeserializationContext.readRootValue(DefaultDeserializationContext.java:342)
	at com.fasterxml.jackson.databind.ObjectReader._bindAndClose(ObjectReader.java:2125)
	at com.fasterxml.jackson.databind.ObjectReader.readValue(ObjectReader.java:1501)
	at org.springframework.http.converter.json.AbstractJackson2HttpMessageConverter.readJavaType(AbstractJackson2HttpMessageConverter.java:395)
	... 57 common frames omitted
2025-07-24 09:36:04.817 [SpringApplicationShutdownHook] INFO  com.alibaba.druid.pool.DruidDataSource - {dataSource-1} closing ...
2025-07-24 09:36:04.824 [SpringApplicationShutdownHook] INFO  com.alibaba.druid.pool.DruidDataSource - {dataSource-1} closed
2025-07-24 09:36:08.801 [main] INFO  c.q.xiaohashu.auth.XiaohashuAuthApplication - Starting XiaohashuAuthApplication using Java 17.0.15 with PID 34992 (E:\Downloads\Compressed\xiaohashu-5.3节\xiaohashu2\xiaohashu-auth\target\classes started by 50723 in E:\Downloads\Compressed\xiaohashu-5.3节\xiaohashu2)
2025-07-24 09:36:08.803 [main] INFO  c.q.xiaohashu.auth.XiaohashuAuthApplication - The following 1 profile is active: "dev"
2025-07-24 09:36:09.405 [main] INFO  o.s.d.r.config.RepositoryConfigurationDelegate - Multiple Spring Data modules found, entering strict repository configuration mode
2025-07-24 09:36:09.407 [main] INFO  o.s.d.r.config.RepositoryConfigurationDelegate - Bootstrapping Spring Data Redis repositories in DEFAULT mode.
2025-07-24 09:36:09.433 [main] INFO  o.s.d.r.config.RepositoryConfigurationDelegate - Finished Spring Data repository scanning in 12 ms. Found 0 Redis repository interfaces.
2025-07-24 09:36:10.056 [main] INFO  o.s.boot.web.embedded.tomcat.TomcatWebServer - Tomcat initialized with port(s): 8080 (http)
2025-07-24 09:36:10.064 [main] INFO  org.apache.catalina.core.StandardService - Starting service [Tomcat]
2025-07-24 09:36:10.065 [main] INFO  org.apache.catalina.core.StandardEngine - Starting Servlet engine: [Apache Tomcat/10.1.5]
2025-07-24 09:36:10.138 [main] INFO  o.a.c.core.ContainerBase.[Tomcat].[localhost].[/] - Initializing Spring embedded WebApplicationContext
2025-07-24 09:36:10.139 [main] INFO  o.s.b.w.s.c.ServletWebServerApplicationContext - Root WebApplicationContext: initialization completed in 1296 ms
2025-07-24 09:36:10.244 [main] INFO  c.a.d.s.b.a.DruidDataSourceAutoConfigure - Init DruidDataSource
2025-07-24 09:36:10.521 [main] INFO  com.alibaba.druid.pool.DruidDataSource - {dataSource-1} inited
2025-07-24 09:36:11.353 [main] INFO  o.s.boot.web.embedded.tomcat.TomcatWebServer - Tomcat started on port(s): 8080 (http) with context path ''
2025-07-24 09:36:11.359 [main] INFO  c.q.xiaohashu.auth.XiaohashuAuthApplication - Started XiaohashuAuthApplication in 3.143 seconds (process running for 3.847)
2025-07-24 09:36:13.946 [http-nio-8080-exec-1] INFO  o.a.c.core.ContainerBase.[Tomcat].[localhost].[/] - Initializing Spring DispatcherServlet 'dispatcherServlet'
2025-07-24 09:36:13.947 [http-nio-8080-exec-1] INFO  org.springframework.web.servlet.DispatcherServlet - Initializing Servlet 'dispatcherServlet'
2025-07-24 09:36:13.948 [http-nio-8080-exec-1] INFO  org.springframework.web.servlet.DispatcherServlet - Completed initialization in 1 ms
2025-07-24 09:36:14.030 [http-nio-8080-exec-1] ERROR c.q.x.auth.exception.GlobalExceptionHandler - /user/login request error, 
org.springframework.http.converter.HttpMessageNotReadableException: JSON parse error: Unexpected character ('}' (code 125)): was expecting double-quote to start field name
	at org.springframework.http.converter.json.AbstractJackson2HttpMessageConverter.readJavaType(AbstractJackson2HttpMessageConverter.java:406)
	at org.springframework.http.converter.json.AbstractJackson2HttpMessageConverter.read(AbstractJackson2HttpMessageConverter.java:354)
	at org.springframework.web.servlet.mvc.method.annotation.AbstractMessageConverterMethodArgumentResolver.readWithMessageConverters(AbstractMessageConverterMethodArgumentResolver.java:182)
	at org.springframework.web.servlet.mvc.method.annotation.RequestResponseBodyMethodProcessor.readWithMessageConverters(RequestResponseBodyMethodProcessor.java:163)
	at org.springframework.web.servlet.mvc.method.annotation.RequestResponseBodyMethodProcessor.resolveArgument(RequestResponseBodyMethodProcessor.java:136)
	at org.springframework.web.method.support.HandlerMethodArgumentResolverComposite.resolveArgument(HandlerMethodArgumentResolverComposite.java:122)
	at org.springframework.web.method.support.InvocableHandlerMethod.getMethodArgumentValues(InvocableHandlerMethod.java:181)
	at org.springframework.web.method.support.InvocableHandlerMethod.invokeForRequest(InvocableHandlerMethod.java:148)
	at org.springframework.web.servlet.mvc.method.annotation.ServletInvocableHandlerMethod.invokeAndHandle(ServletInvocableHandlerMethod.java:117)
	at org.springframework.web.servlet.mvc.method.annotation.RequestMappingHandlerAdapter.invokeHandlerMethod(RequestMappingHandlerAdapter.java:884)
	at org.springframework.web.servlet.mvc.method.annotation.RequestMappingHandlerAdapter.handleInternal(RequestMappingHandlerAdapter.java:797)
	at org.springframework.web.servlet.mvc.method.AbstractHandlerMethodAdapter.handle(AbstractHandlerMethodAdapter.java:87)
	at org.springframework.web.servlet.DispatcherServlet.doDispatch(DispatcherServlet.java:1080)
	at org.springframework.web.servlet.DispatcherServlet.doService(DispatcherServlet.java:973)
	at org.springframework.web.servlet.FrameworkServlet.processRequest(FrameworkServlet.java:1011)
	at org.springframework.web.servlet.FrameworkServlet.doPost(FrameworkServlet.java:914)
	at jakarta.servlet.http.HttpServlet.service(HttpServlet.java:731)
	at org.springframework.web.servlet.FrameworkServlet.service(FrameworkServlet.java:885)
	at jakarta.servlet.http.HttpServlet.service(HttpServlet.java:814)
	at org.apache.catalina.core.ApplicationFilterChain.internalDoFilter(ApplicationFilterChain.java:223)
	at org.apache.catalina.core.ApplicationFilterChain.doFilter(ApplicationFilterChain.java:158)
	at org.apache.tomcat.websocket.server.WsFilter.doFilter(WsFilter.java:53)
	at org.apache.catalina.core.ApplicationFilterChain.internalDoFilter(ApplicationFilterChain.java:185)
	at org.apache.catalina.core.ApplicationFilterChain.doFilter(ApplicationFilterChain.java:158)
	at com.alibaba.druid.support.jakarta.WebStatFilter.doFilter(WebStatFilter.java:113)
	at org.apache.catalina.core.ApplicationFilterChain.internalDoFilter(ApplicationFilterChain.java:185)
	at org.apache.catalina.core.ApplicationFilterChain.doFilter(ApplicationFilterChain.java:158)
	at org.springframework.web.filter.RequestContextFilter.doFilterInternal(RequestContextFilter.java:100)
	at org.springframework.web.filter.OncePerRequestFilter.doFilter(OncePerRequestFilter.java:116)
	at org.apache.catalina.core.ApplicationFilterChain.internalDoFilter(ApplicationFilterChain.java:185)
	at org.apache.catalina.core.ApplicationFilterChain.doFilter(ApplicationFilterChain.java:158)
	at cn.dev33.satoken.filter.SaPathCheckFilterForJakartaServlet.doFilter(SaPathCheckFilterForJakartaServlet.java:55)
	at org.apache.catalina.core.ApplicationFilterChain.internalDoFilter(ApplicationFilterChain.java:185)
	at org.apache.catalina.core.ApplicationFilterChain.doFilter(ApplicationFilterChain.java:158)
	at org.springframework.web.filter.FormContentFilter.doFilterInternal(FormContentFilter.java:93)
	at org.springframework.web.filter.OncePerRequestFilter.doFilter(OncePerRequestFilter.java:116)
	at org.apache.catalina.core.ApplicationFilterChain.internalDoFilter(ApplicationFilterChain.java:185)
	at org.apache.catalina.core.ApplicationFilterChain.doFilter(ApplicationFilterChain.java:158)
	at org.springframework.web.filter.CharacterEncodingFilter.doFilterInternal(CharacterEncodingFilter.java:201)
	at org.springframework.web.filter.OncePerRequestFilter.doFilter(OncePerRequestFilter.java:116)
	at org.apache.catalina.core.ApplicationFilterChain.internalDoFilter(ApplicationFilterChain.java:185)
	at org.apache.catalina.core.ApplicationFilterChain.doFilter(ApplicationFilterChain.java:158)
	at org.apache.catalina.core.StandardWrapperValve.invoke(StandardWrapperValve.java:177)
	at org.apache.catalina.core.StandardContextValve.invoke(StandardContextValve.java:97)
	at org.apache.catalina.authenticator.AuthenticatorBase.invoke(AuthenticatorBase.java:542)
	at org.apache.catalina.core.StandardHostValve.invoke(StandardHostValve.java:119)
	at org.apache.catalina.valves.ErrorReportValve.invoke(ErrorReportValve.java:92)
	at org.apache.catalina.core.StandardEngineValve.invoke(StandardEngineValve.java:78)
	at org.apache.catalina.connector.CoyoteAdapter.service(CoyoteAdapter.java:357)
	at org.apache.coyote.http11.Http11Processor.service(Http11Processor.java:400)
	at org.apache.coyote.AbstractProcessorLight.process(AbstractProcessorLight.java:65)
	at org.apache.coyote.AbstractProtocol$ConnectionHandler.process(AbstractProtocol.java:859)
	at org.apache.tomcat.util.net.NioEndpoint$SocketProcessor.doRun(NioEndpoint.java:1734)
	at org.apache.tomcat.util.net.SocketProcessorBase.run(SocketProcessorBase.java:52)
	at org.apache.tomcat.util.threads.ThreadPoolExecutor.runWorker(ThreadPoolExecutor.java:1191)
	at org.apache.tomcat.util.threads.ThreadPoolExecutor$Worker.run(ThreadPoolExecutor.java:659)
	at org.apache.tomcat.util.threads.TaskThread$WrappingRunnable.run(TaskThread.java:61)
	at java.base/java.lang.Thread.run(Thread.java:842)
Caused by: com.fasterxml.jackson.core.JsonParseException: Unexpected character ('}' (code 125)): was expecting double-quote to start field name
 at [Source: REDACTED (`StreamReadFeature.INCLUDE_SOURCE_IN_LOCATION` disabled); line: 4, column: 2]
	at com.fasterxml.jackson.core.JsonParser._constructError(JsonParser.java:2481)
	at com.fasterxml.jackson.core.base.ParserMinimalBase._reportError(ParserMinimalBase.java:752)
	at com.fasterxml.jackson.core.base.ParserMinimalBase._reportUnexpectedChar(ParserMinimalBase.java:676)
	at com.fasterxml.jackson.core.json.UTF8StreamJsonParser._handleOddName(UTF8StreamJsonParser.java:2147)
	at com.fasterxml.jackson.core.json.UTF8StreamJsonParser._parseName(UTF8StreamJsonParser.java:1797)
	at com.fasterxml.jackson.core.json.UTF8StreamJsonParser.nextFieldName(UTF8StreamJsonParser.java:1084)
	at com.fasterxml.jackson.databind.deser.BeanDeserializer.vanillaDeserialize(BeanDeserializer.java:317)
	at com.fasterxml.jackson.databind.deser.BeanDeserializer.deserialize(BeanDeserializer.java:177)
	at com.fasterxml.jackson.databind.deser.DefaultDeserializationContext.readRootValue(DefaultDeserializationContext.java:342)
	at com.fasterxml.jackson.databind.ObjectReader._bindAndClose(ObjectReader.java:2125)
	at com.fasterxml.jackson.databind.ObjectReader.readValue(ObjectReader.java:1501)
	at org.springframework.http.converter.json.AbstractJackson2HttpMessageConverter.readJavaType(AbstractJackson2HttpMessageConverter.java:395)
	... 57 common frames omitted
2025-07-24 09:36:36.006 [http-nio-8080-exec-5] DEBUG c.q.x.a.domain.mapper.UserDOMapper.selectByPhone - ==>  Preparing: select id,t_user.password from t_user where phone=?
2025-07-24 09:36:36.629 [http-nio-8080-exec-5] DEBUG c.q.x.a.domain.mapper.UserDOMapper.selectByPhone - ==> Parameters: 18011119108(String)
2025-07-24 09:36:36.782 [http-nio-8080-exec-5] DEBUG c.q.x.a.domain.mapper.UserDOMapper.selectByPhone - <==      Total: 1
2025-07-24 09:36:43.906 [http-nio-8080-exec-5] ERROR c.q.x.auth.exception.GlobalExceptionHandler - /user/login request error, 
java.lang.NullPointerException: Cannot invoke "java.lang.Byte.byteValue()" because the return value of "com.quanxiaoha.xiaohashu.auth.domain.dataobject.UserDO.getStatus()" is null
	at com.quanxiaoha.xiaohashu.auth.service.Impl.UserServiceImpl.login(UserServiceImpl.java:29)
	at com.quanxiaoha.xiaohashu.auth.controller.UserController.login(UserController.java:18)
	at java.base/jdk.internal.reflect.NativeMethodAccessorImpl.invoke0(Native Method)
	at java.base/jdk.internal.reflect.NativeMethodAccessorImpl.invoke(NativeMethodAccessorImpl.java:77)
	at java.base/jdk.internal.reflect.DelegatingMethodAccessorImpl.invoke(DelegatingMethodAccessorImpl.java:43)
	at java.base/java.lang.reflect.Method.invoke(Method.java:568)
	at org.springframework.web.method.support.InvocableHandlerMethod.doInvoke(InvocableHandlerMethod.java:207)
	at org.springframework.web.method.support.InvocableHandlerMethod.invokeForRequest(InvocableHandlerMethod.java:152)
	at org.springframework.web.servlet.mvc.method.annotation.ServletInvocableHandlerMethod.invokeAndHandle(ServletInvocableHandlerMethod.java:117)
	at org.springframework.web.servlet.mvc.method.annotation.RequestMappingHandlerAdapter.invokeHandlerMethod(RequestMappingHandlerAdapter.java:884)
	at org.springframework.web.servlet.mvc.method.annotation.RequestMappingHandlerAdapter.handleInternal(RequestMappingHandlerAdapter.java:797)
	at org.springframework.web.servlet.mvc.method.AbstractHandlerMethodAdapter.handle(AbstractHandlerMethodAdapter.java:87)
	at org.springframework.web.servlet.DispatcherServlet.doDispatch(DispatcherServlet.java:1080)
	at org.springframework.web.servlet.DispatcherServlet.doService(DispatcherServlet.java:973)
	at org.springframework.web.servlet.FrameworkServlet.processRequest(FrameworkServlet.java:1011)
	at org.springframework.web.servlet.FrameworkServlet.doPost(FrameworkServlet.java:914)
	at jakarta.servlet.http.HttpServlet.service(HttpServlet.java:731)
	at org.springframework.web.servlet.FrameworkServlet.service(FrameworkServlet.java:885)
	at jakarta.servlet.http.HttpServlet.service(HttpServlet.java:814)
	at org.apache.catalina.core.ApplicationFilterChain.internalDoFilter(ApplicationFilterChain.java:223)
	at org.apache.catalina.core.ApplicationFilterChain.doFilter(ApplicationFilterChain.java:158)
	at org.apache.tomcat.websocket.server.WsFilter.doFilter(WsFilter.java:53)
	at org.apache.catalina.core.ApplicationFilterChain.internalDoFilter(ApplicationFilterChain.java:185)
	at org.apache.catalina.core.ApplicationFilterChain.doFilter(ApplicationFilterChain.java:158)
	at com.alibaba.druid.support.jakarta.WebStatFilter.doFilter(WebStatFilter.java:113)
	at org.apache.catalina.core.ApplicationFilterChain.internalDoFilter(ApplicationFilterChain.java:185)
	at org.apache.catalina.core.ApplicationFilterChain.doFilter(ApplicationFilterChain.java:158)
	at org.springframework.web.filter.RequestContextFilter.doFilterInternal(RequestContextFilter.java:100)
	at org.springframework.web.filter.OncePerRequestFilter.doFilter(OncePerRequestFilter.java:116)
	at org.apache.catalina.core.ApplicationFilterChain.internalDoFilter(ApplicationFilterChain.java:185)
	at org.apache.catalina.core.ApplicationFilterChain.doFilter(ApplicationFilterChain.java:158)
	at cn.dev33.satoken.filter.SaPathCheckFilterForJakartaServlet.doFilter(SaPathCheckFilterForJakartaServlet.java:55)
	at org.apache.catalina.core.ApplicationFilterChain.internalDoFilter(ApplicationFilterChain.java:185)
	at org.apache.catalina.core.ApplicationFilterChain.doFilter(ApplicationFilterChain.java:158)
	at org.springframework.web.filter.FormContentFilter.doFilterInternal(FormContentFilter.java:93)
	at org.springframework.web.filter.OncePerRequestFilter.doFilter(OncePerRequestFilter.java:116)
	at org.apache.catalina.core.ApplicationFilterChain.internalDoFilter(ApplicationFilterChain.java:185)
	at org.apache.catalina.core.ApplicationFilterChain.doFilter(ApplicationFilterChain.java:158)
	at org.springframework.web.filter.CharacterEncodingFilter.doFilterInternal(CharacterEncodingFilter.java:201)
	at org.springframework.web.filter.OncePerRequestFilter.doFilter(OncePerRequestFilter.java:116)
	at org.apache.catalina.core.ApplicationFilterChain.internalDoFilter(ApplicationFilterChain.java:185)
	at org.apache.catalina.core.ApplicationFilterChain.doFilter(ApplicationFilterChain.java:158)
	at org.apache.catalina.core.StandardWrapperValve.invoke(StandardWrapperValve.java:177)
	at org.apache.catalina.core.StandardContextValve.invoke(StandardContextValve.java:97)
	at org.apache.catalina.authenticator.AuthenticatorBase.invoke(AuthenticatorBase.java:542)
	at org.apache.catalina.core.StandardHostValve.invoke(StandardHostValve.java:119)
	at org.apache.catalina.valves.ErrorReportValve.invoke(ErrorReportValve.java:92)
	at org.apache.catalina.core.StandardEngineValve.invoke(StandardEngineValve.java:78)
	at org.apache.catalina.connector.CoyoteAdapter.service(CoyoteAdapter.java:357)
	at org.apache.coyote.http11.Http11Processor.service(Http11Processor.java:400)
	at org.apache.coyote.AbstractProcessorLight.process(AbstractProcessorLight.java:65)
	at org.apache.coyote.AbstractProtocol$ConnectionHandler.process(AbstractProtocol.java:859)
	at org.apache.tomcat.util.net.NioEndpoint$SocketProcessor.doRun(NioEndpoint.java:1734)
	at org.apache.tomcat.util.net.SocketProcessorBase.run(SocketProcessorBase.java:52)
	at org.apache.tomcat.util.threads.ThreadPoolExecutor.runWorker(ThreadPoolExecutor.java:1191)
	at org.apache.tomcat.util.threads.ThreadPoolExecutor$Worker.run(ThreadPoolExecutor.java:659)
	at org.apache.tomcat.util.threads.TaskThread$WrappingRunnable.run(TaskThread.java:61)
	at java.base/java.lang.Thread.run(Thread.java:842)
2025-07-24 09:38:06.932 [SpringApplicationShutdownHook] INFO  com.alibaba.druid.pool.DruidDataSource - {dataSource-1} closing ...
2025-07-24 09:38:06.938 [SpringApplicationShutdownHook] INFO  com.alibaba.druid.pool.DruidDataSource - {dataSource-1} closed
2025-07-24 09:38:10.836 [main] INFO  c.q.xiaohashu.auth.XiaohashuAuthApplication - Starting XiaohashuAuthApplication using Java 17.0.15 with PID 58244 (E:\Downloads\Compressed\xiaohashu-5.3节\xiaohashu2\xiaohashu-auth\target\classes started by 50723 in E:\Downloads\Compressed\xiaohashu-5.3节\xiaohashu2)
2025-07-24 09:38:10.838 [main] INFO  c.q.xiaohashu.auth.XiaohashuAuthApplication - The following 1 profile is active: "dev"
2025-07-24 09:38:11.438 [main] INFO  o.s.d.r.config.RepositoryConfigurationDelegate - Multiple Spring Data modules found, entering strict repository configuration mode
2025-07-24 09:38:11.441 [main] INFO  o.s.d.r.config.RepositoryConfigurationDelegate - Bootstrapping Spring Data Redis repositories in DEFAULT mode.
2025-07-24 09:38:11.465 [main] INFO  o.s.d.r.config.RepositoryConfigurationDelegate - Finished Spring Data repository scanning in 12 ms. Found 0 Redis repository interfaces.
2025-07-24 09:38:12.102 [main] INFO  o.s.boot.web.embedded.tomcat.TomcatWebServer - Tomcat initialized with port(s): 8080 (http)
2025-07-24 09:38:12.111 [main] INFO  org.apache.catalina.core.StandardService - Starting service [Tomcat]
2025-07-24 09:38:12.111 [main] INFO  org.apache.catalina.core.StandardEngine - Starting Servlet engine: [Apache Tomcat/10.1.5]
2025-07-24 09:38:12.182 [main] INFO  o.a.c.core.ContainerBase.[Tomcat].[localhost].[/] - Initializing Spring embedded WebApplicationContext
2025-07-24 09:38:12.182 [main] INFO  o.s.b.w.s.c.ServletWebServerApplicationContext - Root WebApplicationContext: initialization completed in 1298 ms
2025-07-24 09:38:12.288 [main] INFO  c.a.d.s.b.a.DruidDataSourceAutoConfigure - Init DruidDataSource
2025-07-24 09:38:12.565 [main] INFO  com.alibaba.druid.pool.DruidDataSource - {dataSource-1} inited
2025-07-24 09:38:13.384 [main] INFO  o.s.boot.web.embedded.tomcat.TomcatWebServer - Tomcat started on port(s): 8080 (http) with context path ''
2025-07-24 09:38:13.391 [main] INFO  c.q.xiaohashu.auth.XiaohashuAuthApplication - Started XiaohashuAuthApplication in 3.152 seconds (process running for 3.878)
2025-07-24 09:38:15.575 [http-nio-8080-exec-1] INFO  o.a.c.core.ContainerBase.[Tomcat].[localhost].[/] - Initializing Spring DispatcherServlet 'dispatcherServlet'
2025-07-24 09:38:15.575 [http-nio-8080-exec-1] INFO  org.springframework.web.servlet.DispatcherServlet - Initializing Servlet 'dispatcherServlet'
2025-07-24 09:38:15.576 [http-nio-8080-exec-1] INFO  org.springframework.web.servlet.DispatcherServlet - Completed initialization in 1 ms
2025-07-24 09:38:24.150 [http-nio-8080-exec-1] DEBUG c.q.x.a.domain.mapper.UserDOMapper.selectByPhone - ==>  Preparing: select id,t_user.password from t_user where phone=?
2025-07-24 09:38:24.777 [http-nio-8080-exec-1] DEBUG c.q.x.a.domain.mapper.UserDOMapper.selectByPhone - ==> Parameters: 18011119108(String)
2025-07-24 09:38:24.922 [http-nio-8080-exec-1] DEBUG c.q.x.a.domain.mapper.UserDOMapper.selectByPhone - <==      Total: 1
2025-07-24 09:38:49.142 [http-nio-8080-exec-1] ERROR c.q.x.auth.exception.GlobalExceptionHandler - /user/login request error, 
java.lang.NullPointerException: Cannot invoke "java.lang.Byte.byteValue()" because the return value of "com.quanxiaoha.xiaohashu.auth.domain.dataobject.UserDO.getStatus()" is null
	at com.quanxiaoha.xiaohashu.auth.service.Impl.UserServiceImpl.login(UserServiceImpl.java:29)
	at com.quanxiaoha.xiaohashu.auth.controller.UserController.login(UserController.java:18)
	at java.base/jdk.internal.reflect.NativeMethodAccessorImpl.invoke0(Native Method)
	at java.base/jdk.internal.reflect.NativeMethodAccessorImpl.invoke(NativeMethodAccessorImpl.java:77)
	at java.base/jdk.internal.reflect.DelegatingMethodAccessorImpl.invoke(DelegatingMethodAccessorImpl.java:43)
	at java.base/java.lang.reflect.Method.invoke(Method.java:568)
	at org.springframework.web.method.support.InvocableHandlerMethod.doInvoke(InvocableHandlerMethod.java:207)
	at org.springframework.web.method.support.InvocableHandlerMethod.invokeForRequest(InvocableHandlerMethod.java:152)
	at org.springframework.web.servlet.mvc.method.annotation.ServletInvocableHandlerMethod.invokeAndHandle(ServletInvocableHandlerMethod.java:117)
	at org.springframework.web.servlet.mvc.method.annotation.RequestMappingHandlerAdapter.invokeHandlerMethod(RequestMappingHandlerAdapter.java:884)
	at org.springframework.web.servlet.mvc.method.annotation.RequestMappingHandlerAdapter.handleInternal(RequestMappingHandlerAdapter.java:797)
	at org.springframework.web.servlet.mvc.method.AbstractHandlerMethodAdapter.handle(AbstractHandlerMethodAdapter.java:87)
	at org.springframework.web.servlet.DispatcherServlet.doDispatch(DispatcherServlet.java:1080)
	at org.springframework.web.servlet.DispatcherServlet.doService(DispatcherServlet.java:973)
	at org.springframework.web.servlet.FrameworkServlet.processRequest(FrameworkServlet.java:1011)
	at org.springframework.web.servlet.FrameworkServlet.doPost(FrameworkServlet.java:914)
	at jakarta.servlet.http.HttpServlet.service(HttpServlet.java:731)
	at org.springframework.web.servlet.FrameworkServlet.service(FrameworkServlet.java:885)
	at jakarta.servlet.http.HttpServlet.service(HttpServlet.java:814)
	at org.apache.catalina.core.ApplicationFilterChain.internalDoFilter(ApplicationFilterChain.java:223)
	at org.apache.catalina.core.ApplicationFilterChain.doFilter(ApplicationFilterChain.java:158)
	at org.apache.tomcat.websocket.server.WsFilter.doFilter(WsFilter.java:53)
	at org.apache.catalina.core.ApplicationFilterChain.internalDoFilter(ApplicationFilterChain.java:185)
	at org.apache.catalina.core.ApplicationFilterChain.doFilter(ApplicationFilterChain.java:158)
	at com.alibaba.druid.support.jakarta.WebStatFilter.doFilter(WebStatFilter.java:113)
	at org.apache.catalina.core.ApplicationFilterChain.internalDoFilter(ApplicationFilterChain.java:185)
	at org.apache.catalina.core.ApplicationFilterChain.doFilter(ApplicationFilterChain.java:158)
	at org.springframework.web.filter.RequestContextFilter.doFilterInternal(RequestContextFilter.java:100)
	at org.springframework.web.filter.OncePerRequestFilter.doFilter(OncePerRequestFilter.java:116)
	at org.apache.catalina.core.ApplicationFilterChain.internalDoFilter(ApplicationFilterChain.java:185)
	at org.apache.catalina.core.ApplicationFilterChain.doFilter(ApplicationFilterChain.java:158)
	at cn.dev33.satoken.filter.SaPathCheckFilterForJakartaServlet.doFilter(SaPathCheckFilterForJakartaServlet.java:55)
	at org.apache.catalina.core.ApplicationFilterChain.internalDoFilter(ApplicationFilterChain.java:185)
	at org.apache.catalina.core.ApplicationFilterChain.doFilter(ApplicationFilterChain.java:158)
	at org.springframework.web.filter.FormContentFilter.doFilterInternal(FormContentFilter.java:93)
	at org.springframework.web.filter.OncePerRequestFilter.doFilter(OncePerRequestFilter.java:116)
	at org.apache.catalina.core.ApplicationFilterChain.internalDoFilter(ApplicationFilterChain.java:185)
	at org.apache.catalina.core.ApplicationFilterChain.doFilter(ApplicationFilterChain.java:158)
	at org.springframework.web.filter.CharacterEncodingFilter.doFilterInternal(CharacterEncodingFilter.java:201)
	at org.springframework.web.filter.OncePerRequestFilter.doFilter(OncePerRequestFilter.java:116)
	at org.apache.catalina.core.ApplicationFilterChain.internalDoFilter(ApplicationFilterChain.java:185)
	at org.apache.catalina.core.ApplicationFilterChain.doFilter(ApplicationFilterChain.java:158)
	at org.apache.catalina.core.StandardWrapperValve.invoke(StandardWrapperValve.java:177)
	at org.apache.catalina.core.StandardContextValve.invoke(StandardContextValve.java:97)
	at org.apache.catalina.authenticator.AuthenticatorBase.invoke(AuthenticatorBase.java:542)
	at org.apache.catalina.core.StandardHostValve.invoke(StandardHostValve.java:119)
	at org.apache.catalina.valves.ErrorReportValve.invoke(ErrorReportValve.java:92)
	at org.apache.catalina.core.StandardEngineValve.invoke(StandardEngineValve.java:78)
	at org.apache.catalina.connector.CoyoteAdapter.service(CoyoteAdapter.java:357)
	at org.apache.coyote.http11.Http11Processor.service(Http11Processor.java:400)
	at org.apache.coyote.AbstractProcessorLight.process(AbstractProcessorLight.java:65)
	at org.apache.coyote.AbstractProtocol$ConnectionHandler.process(AbstractProtocol.java:859)
	at org.apache.tomcat.util.net.NioEndpoint$SocketProcessor.doRun(NioEndpoint.java:1734)
	at org.apache.tomcat.util.net.SocketProcessorBase.run(SocketProcessorBase.java:52)
	at org.apache.tomcat.util.threads.ThreadPoolExecutor.runWorker(ThreadPoolExecutor.java:1191)
	at org.apache.tomcat.util.threads.ThreadPoolExecutor$Worker.run(ThreadPoolExecutor.java:659)
	at org.apache.tomcat.util.threads.TaskThread$WrappingRunnable.run(TaskThread.java:61)
	at java.base/java.lang.Thread.run(Thread.java:842)
2025-07-24 09:39:04.013 [http-nio-8080-exec-3] DEBUG c.q.x.a.domain.mapper.UserDOMapper.selectByPhone - ==>  Preparing: select id,t_user.password from t_user where phone=?
2025-07-24 09:39:04.015 [http-nio-8080-exec-3] DEBUG c.q.x.a.domain.mapper.UserDOMapper.selectByPhone - ==> Parameters: 18011119108(String)
2025-07-24 09:39:04.018 [http-nio-8080-exec-3] DEBUG c.q.x.a.domain.mapper.UserDOMapper.selectByPhone - <==      Total: 1
2025-07-24 09:40:55.413 [http-nio-8080-exec-3] ERROR c.q.x.auth.exception.GlobalExceptionHandler - /user/login request error, 
java.lang.NullPointerException: Cannot invoke "java.lang.Byte.byteValue()" because the return value of "com.quanxiaoha.xiaohashu.auth.domain.dataobject.UserDO.getStatus()" is null
	at com.quanxiaoha.xiaohashu.auth.service.Impl.UserServiceImpl.login(UserServiceImpl.java:29)
	at com.quanxiaoha.xiaohashu.auth.controller.UserController.login(UserController.java:18)
	at java.base/jdk.internal.reflect.NativeMethodAccessorImpl.invoke0(Native Method)
	at java.base/jdk.internal.reflect.NativeMethodAccessorImpl.invoke(NativeMethodAccessorImpl.java:77)
	at java.base/jdk.internal.reflect.DelegatingMethodAccessorImpl.invoke(DelegatingMethodAccessorImpl.java:43)
	at java.base/java.lang.reflect.Method.invoke(Method.java:568)
	at org.springframework.web.method.support.InvocableHandlerMethod.doInvoke(InvocableHandlerMethod.java:207)
	at org.springframework.web.method.support.InvocableHandlerMethod.invokeForRequest(InvocableHandlerMethod.java:152)
	at org.springframework.web.servlet.mvc.method.annotation.ServletInvocableHandlerMethod.invokeAndHandle(ServletInvocableHandlerMethod.java:117)
	at org.springframework.web.servlet.mvc.method.annotation.RequestMappingHandlerAdapter.invokeHandlerMethod(RequestMappingHandlerAdapter.java:884)
	at org.springframework.web.servlet.mvc.method.annotation.RequestMappingHandlerAdapter.handleInternal(RequestMappingHandlerAdapter.java:797)
	at org.springframework.web.servlet.mvc.method.AbstractHandlerMethodAdapter.handle(AbstractHandlerMethodAdapter.java:87)
	at org.springframework.web.servlet.DispatcherServlet.doDispatch(DispatcherServlet.java:1080)
	at org.springframework.web.servlet.DispatcherServlet.doService(DispatcherServlet.java:973)
	at org.springframework.web.servlet.FrameworkServlet.processRequest(FrameworkServlet.java:1011)
	at org.springframework.web.servlet.FrameworkServlet.doPost(FrameworkServlet.java:914)
	at jakarta.servlet.http.HttpServlet.service(HttpServlet.java:731)
	at org.springframework.web.servlet.FrameworkServlet.service(FrameworkServlet.java:885)
	at jakarta.servlet.http.HttpServlet.service(HttpServlet.java:814)
	at org.apache.catalina.core.ApplicationFilterChain.internalDoFilter(ApplicationFilterChain.java:223)
	at org.apache.catalina.core.ApplicationFilterChain.doFilter(ApplicationFilterChain.java:158)
	at org.apache.tomcat.websocket.server.WsFilter.doFilter(WsFilter.java:53)
	at org.apache.catalina.core.ApplicationFilterChain.internalDoFilter(ApplicationFilterChain.java:185)
	at org.apache.catalina.core.ApplicationFilterChain.doFilter(ApplicationFilterChain.java:158)
	at com.alibaba.druid.support.jakarta.WebStatFilter.doFilter(WebStatFilter.java:113)
	at org.apache.catalina.core.ApplicationFilterChain.internalDoFilter(ApplicationFilterChain.java:185)
	at org.apache.catalina.core.ApplicationFilterChain.doFilter(ApplicationFilterChain.java:158)
	at org.springframework.web.filter.RequestContextFilter.doFilterInternal(RequestContextFilter.java:100)
	at org.springframework.web.filter.OncePerRequestFilter.doFilter(OncePerRequestFilter.java:116)
	at org.apache.catalina.core.ApplicationFilterChain.internalDoFilter(ApplicationFilterChain.java:185)
	at org.apache.catalina.core.ApplicationFilterChain.doFilter(ApplicationFilterChain.java:158)
	at cn.dev33.satoken.filter.SaPathCheckFilterForJakartaServlet.doFilter(SaPathCheckFilterForJakartaServlet.java:55)
	at org.apache.catalina.core.ApplicationFilterChain.internalDoFilter(ApplicationFilterChain.java:185)
	at org.apache.catalina.core.ApplicationFilterChain.doFilter(ApplicationFilterChain.java:158)
	at org.springframework.web.filter.FormContentFilter.doFilterInternal(FormContentFilter.java:93)
	at org.springframework.web.filter.OncePerRequestFilter.doFilter(OncePerRequestFilter.java:116)
	at org.apache.catalina.core.ApplicationFilterChain.internalDoFilter(ApplicationFilterChain.java:185)
	at org.apache.catalina.core.ApplicationFilterChain.doFilter(ApplicationFilterChain.java:158)
	at org.springframework.web.filter.CharacterEncodingFilter.doFilterInternal(CharacterEncodingFilter.java:201)
	at org.springframework.web.filter.OncePerRequestFilter.doFilter(OncePerRequestFilter.java:116)
	at org.apache.catalina.core.ApplicationFilterChain.internalDoFilter(ApplicationFilterChain.java:185)
	at org.apache.catalina.core.ApplicationFilterChain.doFilter(ApplicationFilterChain.java:158)
	at org.apache.catalina.core.StandardWrapperValve.invoke(StandardWrapperValve.java:177)
	at org.apache.catalina.core.StandardContextValve.invoke(StandardContextValve.java:97)
	at org.apache.catalina.authenticator.AuthenticatorBase.invoke(AuthenticatorBase.java:542)
	at org.apache.catalina.core.StandardHostValve.invoke(StandardHostValve.java:119)
	at org.apache.catalina.valves.ErrorReportValve.invoke(ErrorReportValve.java:92)
	at org.apache.catalina.core.StandardEngineValve.invoke(StandardEngineValve.java:78)
	at org.apache.catalina.connector.CoyoteAdapter.service(CoyoteAdapter.java:357)
	at org.apache.coyote.http11.Http11Processor.service(Http11Processor.java:400)
	at org.apache.coyote.AbstractProcessorLight.process(AbstractProcessorLight.java:65)
	at org.apache.coyote.AbstractProtocol$ConnectionHandler.process(AbstractProtocol.java:859)
	at org.apache.tomcat.util.net.NioEndpoint$SocketProcessor.doRun(NioEndpoint.java:1734)
	at org.apache.tomcat.util.net.SocketProcessorBase.run(SocketProcessorBase.java:52)
	at org.apache.tomcat.util.threads.ThreadPoolExecutor.runWorker(ThreadPoolExecutor.java:1191)
	at org.apache.tomcat.util.threads.ThreadPoolExecutor$Worker.run(ThreadPoolExecutor.java:659)
	at org.apache.tomcat.util.threads.TaskThread$WrappingRunnable.run(TaskThread.java:61)
	at java.base/java.lang.Thread.run(Thread.java:842)
2025-07-24 09:40:55.496 [SpringApplicationShutdownHook] INFO  com.alibaba.druid.pool.DruidDataSource - {dataSource-1} closing ...
2025-07-24 09:40:55.504 [SpringApplicationShutdownHook] INFO  com.alibaba.druid.pool.DruidDataSource - {dataSource-1} closed
2025-07-24 09:40:58.164 [main] INFO  c.q.xiaohashu.auth.XiaohashuAuthApplication - Starting XiaohashuAuthApplication using Java 17.0.15 with PID 58164 (E:\Downloads\Compressed\xiaohashu-5.3节\xiaohashu2\xiaohashu-auth\target\classes started by 50723 in E:\Downloads\Compressed\xiaohashu-5.3节\xiaohashu2)
2025-07-24 09:40:58.166 [main] INFO  c.q.xiaohashu.auth.XiaohashuAuthApplication - The following 1 profile is active: "dev"
2025-07-24 09:40:58.716 [main] INFO  o.s.d.r.config.RepositoryConfigurationDelegate - Multiple Spring Data modules found, entering strict repository configuration mode
2025-07-24 09:40:58.718 [main] INFO  o.s.d.r.config.RepositoryConfigurationDelegate - Bootstrapping Spring Data Redis repositories in DEFAULT mode.
2025-07-24 09:40:58.743 [main] INFO  o.s.d.r.config.RepositoryConfigurationDelegate - Finished Spring Data repository scanning in 12 ms. Found 0 Redis repository interfaces.
2025-07-24 09:40:59.365 [main] INFO  o.s.boot.web.embedded.tomcat.TomcatWebServer - Tomcat initialized with port(s): 8080 (http)
2025-07-24 09:40:59.374 [main] INFO  org.apache.catalina.core.StandardService - Starting service [Tomcat]
2025-07-24 09:40:59.374 [main] INFO  org.apache.catalina.core.StandardEngine - Starting Servlet engine: [Apache Tomcat/10.1.5]
2025-07-24 09:40:59.447 [main] INFO  o.a.c.core.ContainerBase.[Tomcat].[localhost].[/] - Initializing Spring embedded WebApplicationContext
2025-07-24 09:40:59.447 [main] INFO  o.s.b.w.s.c.ServletWebServerApplicationContext - Root WebApplicationContext: initialization completed in 1243 ms
2025-07-24 09:40:59.556 [main] INFO  c.a.d.s.b.a.DruidDataSourceAutoConfigure - Init DruidDataSource
2025-07-24 09:40:59.846 [main] INFO  com.alibaba.druid.pool.DruidDataSource - {dataSource-1} inited
2025-07-24 09:41:00.699 [main] INFO  o.s.boot.web.embedded.tomcat.TomcatWebServer - Tomcat started on port(s): 8080 (http) with context path ''
2025-07-24 09:41:00.706 [main] INFO  c.q.xiaohashu.auth.XiaohashuAuthApplication - Started XiaohashuAuthApplication in 3.063 seconds (process running for 3.952)
2025-07-24 09:41:04.447 [http-nio-8080-exec-1] INFO  o.a.c.core.ContainerBase.[Tomcat].[localhost].[/] - Initializing Spring DispatcherServlet 'dispatcherServlet'
2025-07-24 09:41:04.447 [http-nio-8080-exec-1] INFO  org.springframework.web.servlet.DispatcherServlet - Initializing Servlet 'dispatcherServlet'
2025-07-24 09:41:04.448 [http-nio-8080-exec-1] INFO  org.springframework.web.servlet.DispatcherServlet - Completed initialization in 0 ms
2025-07-24 09:41:06.739 [http-nio-8080-exec-1] DEBUG c.q.x.a.domain.mapper.UserDOMapper.selectByPhone - ==>  Preparing: select id,password,phone,status from t_user where phone=?
2025-07-24 09:41:07.353 [http-nio-8080-exec-1] DEBUG c.q.x.a.domain.mapper.UserDOMapper.selectByPhone - ==> Parameters: 18011119108(String)
2025-07-24 09:41:07.491 [http-nio-8080-exec-1] DEBUG c.q.x.a.domain.mapper.UserDOMapper.selectByPhone - <==      Total: 1
2025-07-24 09:41:16.856 [http-nio-8080-exec-1] DEBUG c.q.x.a.domain.mapper.UserDOMapper.selectByPhone - ==>  Preparing: select id,password,phone,status from t_user where phone=?
2025-07-24 09:41:16.860 [http-nio-8080-exec-1] DEBUG c.q.x.a.domain.mapper.UserDOMapper.selectByPhone - ==> Parameters: 18011119108(String)
2025-07-24 09:41:16.863 [http-nio-8080-exec-1] DEBUG c.q.x.a.domain.mapper.UserDOMapper.selectByPhone - <==      Total: 1
2025-07-24 09:41:52.316 [SpringApplicationShutdownHook] INFO  com.alibaba.druid.pool.DruidDataSource - {dataSource-1} closing ...
2025-07-24 09:41:52.322 [SpringApplicationShutdownHook] INFO  com.alibaba.druid.pool.DruidDataSource - {dataSource-1} closed
2025-07-24 09:41:54.997 [main] INFO  c.q.xiaohashu.auth.XiaohashuAuthApplication - Starting XiaohashuAuthApplication using Java 17.0.15 with PID 42728 (E:\Downloads\Compressed\xiaohashu-5.3节\xiaohashu2\xiaohashu-auth\target\classes started by 50723 in E:\Downloads\Compressed\xiaohashu-5.3节\xiaohashu2)
2025-07-24 09:41:54.998 [main] INFO  c.q.xiaohashu.auth.XiaohashuAuthApplication - The following 1 profile is active: "dev"
2025-07-24 09:41:55.584 [main] INFO  o.s.d.r.config.RepositoryConfigurationDelegate - Multiple Spring Data modules found, entering strict repository configuration mode
2025-07-24 09:41:55.587 [main] INFO  o.s.d.r.config.RepositoryConfigurationDelegate - Bootstrapping Spring Data Redis repositories in DEFAULT mode.
2025-07-24 09:41:55.612 [main] INFO  o.s.d.r.config.RepositoryConfigurationDelegate - Finished Spring Data repository scanning in 12 ms. Found 0 Redis repository interfaces.
2025-07-24 09:41:56.230 [main] INFO  o.s.boot.web.embedded.tomcat.TomcatWebServer - Tomcat initialized with port(s): 8080 (http)
2025-07-24 09:41:56.239 [main] INFO  org.apache.catalina.core.StandardService - Starting service [Tomcat]
2025-07-24 09:41:56.239 [main] INFO  org.apache.catalina.core.StandardEngine - Starting Servlet engine: [Apache Tomcat/10.1.5]
2025-07-24 09:41:56.308 [main] INFO  o.a.c.core.ContainerBase.[Tomcat].[localhost].[/] - Initializing Spring embedded WebApplicationContext
2025-07-24 09:41:56.308 [main] INFO  o.s.b.w.s.c.ServletWebServerApplicationContext - Root WebApplicationContext: initialization completed in 1272 ms
2025-07-24 09:41:56.417 [main] INFO  c.a.d.s.b.a.DruidDataSourceAutoConfigure - Init DruidDataSource
2025-07-24 09:41:56.690 [main] INFO  com.alibaba.druid.pool.DruidDataSource - {dataSource-1} inited
2025-07-24 09:41:57.539 [main] INFO  o.s.boot.web.embedded.tomcat.TomcatWebServer - Tomcat started on port(s): 8080 (http) with context path ''
2025-07-24 09:41:57.546 [main] INFO  c.q.xiaohashu.auth.XiaohashuAuthApplication - Started XiaohashuAuthApplication in 3.172 seconds (process running for 3.984)
2025-07-24 09:42:00.019 [http-nio-8080-exec-1] INFO  o.a.c.core.ContainerBase.[Tomcat].[localhost].[/] - Initializing Spring DispatcherServlet 'dispatcherServlet'
2025-07-24 09:42:00.019 [http-nio-8080-exec-1] INFO  org.springframework.web.servlet.DispatcherServlet - Initializing Servlet 'dispatcherServlet'
2025-07-24 09:42:00.021 [http-nio-8080-exec-1] INFO  org.springframework.web.servlet.DispatcherServlet - Completed initialization in 1 ms
2025-07-24 09:42:02.045 [http-nio-8080-exec-1] DEBUG c.q.x.a.domain.mapper.UserDOMapper.selectByPhone - ==>  Preparing: select id,password,phone,status from t_user where phone=?
2025-07-24 09:42:02.176 [http-nio-8080-exec-1] DEBUG c.q.x.a.domain.mapper.UserDOMapper.selectByPhone - ==> Parameters: 18011119108(String)
2025-07-24 09:42:02.190 [http-nio-8080-exec-1] DEBUG c.q.x.a.domain.mapper.UserDOMapper.selectByPhone - <==      Total: 1
2025-07-24 09:43:24.804 [http-nio-8080-exec-1] DEBUG c.q.x.a.domain.mapper.UserDOMapper.selectByPhone - ==>  Preparing: select id,password,phone,status from t_user where phone=?
2025-07-24 09:43:24.806 [http-nio-8080-exec-1] DEBUG c.q.x.a.domain.mapper.UserDOMapper.selectByPhone - ==> Parameters: 18011119108(String)
2025-07-24 09:43:24.810 [http-nio-8080-exec-1] DEBUG c.q.x.a.domain.mapper.UserDOMapper.selectByPhone - <==      Total: 1
2025-07-24 09:43:39.213 [SpringApplicationShutdownHook] INFO  com.alibaba.druid.pool.DruidDataSource - {dataSource-1} closing ...
2025-07-24 09:43:39.219 [SpringApplicationShutdownHook] INFO  com.alibaba.druid.pool.DruidDataSource - {dataSource-1} closed
2025-07-24 09:43:43.549 [main] INFO  c.q.xiaohashu.auth.XiaohashuAuthApplication - Starting XiaohashuAuthApplication using Java 17.0.15 with PID 20908 (E:\Downloads\Compressed\xiaohashu-5.3节\xiaohashu2\xiaohashu-auth\target\classes started by 50723 in E:\Downloads\Compressed\xiaohashu-5.3节\xiaohashu2)
2025-07-24 09:43:43.551 [main] INFO  c.q.xiaohashu.auth.XiaohashuAuthApplication - The following 1 profile is active: "dev"
2025-07-24 09:43:44.070 [main] INFO  o.s.d.r.config.RepositoryConfigurationDelegate - Multiple Spring Data modules found, entering strict repository configuration mode
2025-07-24 09:43:44.072 [main] INFO  o.s.d.r.config.RepositoryConfigurationDelegate - Bootstrapping Spring Data Redis repositories in DEFAULT mode.
2025-07-24 09:43:44.094 [main] INFO  o.s.d.r.config.RepositoryConfigurationDelegate - Finished Spring Data repository scanning in 11 ms. Found 0 Redis repository interfaces.
2025-07-24 09:43:44.622 [main] INFO  o.s.boot.web.embedded.tomcat.TomcatWebServer - Tomcat initialized with port(s): 8080 (http)
2025-07-24 09:43:44.629 [main] INFO  org.apache.catalina.core.StandardService - Starting service [Tomcat]
2025-07-24 09:43:44.629 [main] INFO  org.apache.catalina.core.StandardEngine - Starting Servlet engine: [Apache Tomcat/10.1.5]
2025-07-24 09:43:44.703 [main] INFO  o.a.c.core.ContainerBase.[Tomcat].[localhost].[/] - Initializing Spring embedded WebApplicationContext
2025-07-24 09:43:44.703 [main] INFO  o.s.b.w.s.c.ServletWebServerApplicationContext - Root WebApplicationContext: initialization completed in 1110 ms
2025-07-24 09:43:44.791 [main] INFO  c.a.d.s.b.a.DruidDataSourceAutoConfigure - Init DruidDataSource
2025-07-24 09:43:45.044 [main] INFO  com.alibaba.druid.pool.DruidDataSource - {dataSource-1} inited
2025-07-24 09:43:45.765 [main] INFO  o.s.boot.web.embedded.tomcat.TomcatWebServer - Tomcat started on port(s): 8080 (http) with context path ''
2025-07-24 09:43:45.771 [main] INFO  c.q.xiaohashu.auth.XiaohashuAuthApplication - Started XiaohashuAuthApplication in 2.705 seconds (process running for 3.129)
2025-07-24 09:43:51.569 [http-nio-8080-exec-1] INFO  o.a.c.core.ContainerBase.[Tomcat].[localhost].[/] - Initializing Spring DispatcherServlet 'dispatcherServlet'
2025-07-24 09:43:51.569 [http-nio-8080-exec-1] INFO  org.springframework.web.servlet.DispatcherServlet - Initializing Servlet 'dispatcherServlet'
2025-07-24 09:43:51.570 [http-nio-8080-exec-1] INFO  org.springframework.web.servlet.DispatcherServlet - Completed initialization in 1 ms
2025-07-24 09:43:51.661 [http-nio-8080-exec-1] DEBUG c.q.x.a.domain.mapper.UserDOMapper.selectByPhone - ==>  Preparing: select id,password,phone,status from t_user where phone=?
2025-07-24 09:43:51.788 [http-nio-8080-exec-1] DEBUG c.q.x.a.domain.mapper.UserDOMapper.selectByPhone - ==> Parameters: 18011119108(String)
2025-07-24 09:43:51.804 [http-nio-8080-exec-1] DEBUG c.q.x.a.domain.mapper.UserDOMapper.selectByPhone - <==      Total: 1
2025-07-24 09:43:52.196 [http-nio-8080-exec-1] DEBUG c.q.x.a.domain.mapper.UserDOMapper.selectByPhone - ==>  Preparing: select id,password,phone,status from t_user where phone=?
2025-07-24 09:43:52.197 [http-nio-8080-exec-1] DEBUG c.q.x.a.domain.mapper.UserDOMapper.selectByPhone - ==> Parameters: 18011119108(String)
2025-07-24 09:43:52.198 [http-nio-8080-exec-1] DEBUG c.q.x.a.domain.mapper.UserDOMapper.selectByPhone - <==      Total: 1
2025-07-24 10:30:53.800 [SpringApplicationShutdownHook] INFO  com.alibaba.druid.pool.DruidDataSource - {dataSource-1} closing ...
2025-07-24 10:30:53.801 [SpringApplicationShutdownHook] INFO  com.alibaba.druid.pool.DruidDataSource - {dataSource-1} closed
2025-07-24 10:30:58.813 [main] INFO  c.q.xiaohashu.auth.XiaohashuAuthApplication - Starting XiaohashuAuthApplication using Java 17.0.15 with PID 26600 (E:\Downloads\Compressed\xiaohashu-5.3节\xiaohashu2\xiaohashu-auth\target\classes started by 50723 in E:\Downloads\Compressed\xiaohashu-5.3节\xiaohashu2)
2025-07-24 10:30:58.815 [main] INFO  c.q.xiaohashu.auth.XiaohashuAuthApplication - The following 1 profile is active: "dev"
2025-07-24 10:30:59.443 [main] INFO  o.s.d.r.config.RepositoryConfigurationDelegate - Multiple Spring Data modules found, entering strict repository configuration mode
2025-07-24 10:30:59.445 [main] INFO  o.s.d.r.config.RepositoryConfigurationDelegate - Bootstrapping Spring Data Redis repositories in DEFAULT mode.
2025-07-24 10:30:59.475 [main] INFO  o.s.d.r.config.RepositoryConfigurationDelegate - Finished Spring Data repository scanning in 17 ms. Found 0 Redis repository interfaces.
2025-07-24 10:31:00.050 [main] INFO  o.s.boot.web.embedded.tomcat.TomcatWebServer - Tomcat initialized with port(s): 8080 (http)
2025-07-24 10:31:00.058 [main] INFO  org.apache.catalina.core.StandardService - Starting service [Tomcat]
2025-07-24 10:31:00.058 [main] INFO  org.apache.catalina.core.StandardEngine - Starting Servlet engine: [Apache Tomcat/10.1.5]
2025-07-24 10:31:00.131 [main] INFO  o.a.c.core.ContainerBase.[Tomcat].[localhost].[/] - Initializing Spring embedded WebApplicationContext
2025-07-24 10:31:00.131 [main] INFO  o.s.b.w.s.c.ServletWebServerApplicationContext - Root WebApplicationContext: initialization completed in 1263 ms
2025-07-24 10:31:00.224 [main] INFO  c.a.d.s.b.a.DruidDataSourceAutoConfigure - Init DruidDataSource
2025-07-24 10:31:00.501 [main] INFO  com.alibaba.druid.pool.DruidDataSource - {dataSource-1} inited
2025-07-24 10:31:01.290 [main] INFO  o.s.boot.web.embedded.tomcat.TomcatWebServer - Tomcat started on port(s): 8080 (http) with context path ''
2025-07-24 10:31:01.296 [main] INFO  c.q.xiaohashu.auth.XiaohashuAuthApplication - Started XiaohashuAuthApplication in 3.046 seconds (process running for 3.516)
2025-07-24 10:31:49.110 [SpringApplicationShutdownHook] INFO  com.alibaba.druid.pool.DruidDataSource - {dataSource-1} closing ...
2025-07-24 10:31:49.116 [SpringApplicationShutdownHook] INFO  com.alibaba.druid.pool.DruidDataSource - {dataSource-1} closed
2025-07-24 10:31:52.602 [main] INFO  c.q.xiaohashu.auth.XiaohashuAuthApplication - Starting XiaohashuAuthApplication using Java 17.0.15 with PID 35408 (E:\Downloads\Compressed\xiaohashu-5.3节\xiaohashu2\xiaohashu-auth\target\classes started by 50723 in E:\Downloads\Compressed\xiaohashu-5.3节\xiaohashu2)
2025-07-24 10:31:52.604 [main] INFO  c.q.xiaohashu.auth.XiaohashuAuthApplication - The following 1 profile is active: "dev"
2025-07-24 10:31:53.123 [main] INFO  o.s.d.r.config.RepositoryConfigurationDelegate - Multiple Spring Data modules found, entering strict repository configuration mode
2025-07-24 10:31:53.125 [main] INFO  o.s.d.r.config.RepositoryConfigurationDelegate - Bootstrapping Spring Data Redis repositories in DEFAULT mode.
2025-07-24 10:31:53.150 [main] INFO  o.s.d.r.config.RepositoryConfigurationDelegate - Finished Spring Data repository scanning in 13 ms. Found 0 Redis repository interfaces.
2025-07-24 10:31:53.685 [main] INFO  o.s.boot.web.embedded.tomcat.TomcatWebServer - Tomcat initialized with port(s): 8080 (http)
2025-07-24 10:31:53.692 [main] INFO  org.apache.catalina.core.StandardService - Starting service [Tomcat]
2025-07-24 10:31:53.693 [main] INFO  org.apache.catalina.core.StandardEngine - Starting Servlet engine: [Apache Tomcat/10.1.5]
2025-07-24 10:31:53.776 [main] INFO  o.a.c.core.ContainerBase.[Tomcat].[localhost].[/] - Initializing Spring embedded WebApplicationContext
2025-07-24 10:31:53.776 [main] INFO  o.s.b.w.s.c.ServletWebServerApplicationContext - Root WebApplicationContext: initialization completed in 1133 ms
2025-07-24 10:31:53.866 [main] INFO  c.a.d.s.b.a.DruidDataSourceAutoConfigure - Init DruidDataSource
2025-07-24 10:31:54.135 [main] INFO  com.alibaba.druid.pool.DruidDataSource - {dataSource-1} inited
2025-07-24 10:31:54.881 [main] INFO  o.s.boot.web.embedded.tomcat.TomcatWebServer - Tomcat started on port(s): 8080 (http) with context path ''
2025-07-24 10:31:54.888 [main] INFO  c.q.xiaohashu.auth.XiaohashuAuthApplication - Started XiaohashuAuthApplication in 2.769 seconds (process running for 3.198)
2025-07-24 10:33:44.697 [SpringApplicationShutdownHook] INFO  com.alibaba.druid.pool.DruidDataSource - {dataSource-1} closing ...
2025-07-24 10:33:44.704 [SpringApplicationShutdownHook] INFO  com.alibaba.druid.pool.DruidDataSource - {dataSource-1} closed
2025-07-24 10:33:48.579 [main] INFO  c.q.xiaohashu.auth.XiaohashuAuthApplication - Starting XiaohashuAuthApplication using Java 17.0.15 with PID 56616 (E:\Downloads\Compressed\xiaohashu-5.3节\xiaohashu2\xiaohashu-auth\target\classes started by 50723 in E:\Downloads\Compressed\xiaohashu-5.3节\xiaohashu2)
2025-07-24 10:33:48.580 [main] INFO  c.q.xiaohashu.auth.XiaohashuAuthApplication - The following 1 profile is active: "dev"
2025-07-24 10:33:49.182 [main] INFO  o.s.d.r.config.RepositoryConfigurationDelegate - Multiple Spring Data modules found, entering strict repository configuration mode
2025-07-24 10:33:49.185 [main] INFO  o.s.d.r.config.RepositoryConfigurationDelegate - Bootstrapping Spring Data Redis repositories in DEFAULT mode.
2025-07-24 10:33:49.209 [main] INFO  o.s.d.r.config.RepositoryConfigurationDelegate - Finished Spring Data repository scanning in 12 ms. Found 0 Redis repository interfaces.
2025-07-24 10:33:49.820 [main] INFO  o.s.boot.web.embedded.tomcat.TomcatWebServer - Tomcat initialized with port(s): 8080 (http)
2025-07-24 10:33:49.828 [main] INFO  org.apache.catalina.core.StandardService - Starting service [Tomcat]
2025-07-24 10:33:49.829 [main] INFO  org.apache.catalina.core.StandardEngine - Starting Servlet engine: [Apache Tomcat/10.1.5]
2025-07-24 10:33:49.908 [main] INFO  o.a.c.core.ContainerBase.[Tomcat].[localhost].[/] - Initializing Spring embedded WebApplicationContext
2025-07-24 10:33:49.909 [main] INFO  o.s.b.w.s.c.ServletWebServerApplicationContext - Root WebApplicationContext: initialization completed in 1287 ms
2025-07-24 10:33:50.019 [main] INFO  c.a.d.s.b.a.DruidDataSourceAutoConfigure - Init DruidDataSource
2025-07-24 10:33:50.310 [main] INFO  com.alibaba.druid.pool.DruidDataSource - {dataSource-1} inited
2025-07-24 10:33:51.129 [main] INFO  o.s.boot.web.embedded.tomcat.TomcatWebServer - Tomcat started on port(s): 8080 (http) with context path ''
2025-07-24 10:33:51.135 [main] INFO  c.q.xiaohashu.auth.XiaohashuAuthApplication - Started XiaohashuAuthApplication in 3.192 seconds (process running for 3.963)
2025-07-24 10:33:59.945 [http-nio-8080-exec-2] INFO  o.a.c.core.ContainerBase.[Tomcat].[localhost].[/] - Initializing Spring DispatcherServlet 'dispatcherServlet'
2025-07-24 10:33:59.945 [http-nio-8080-exec-2] INFO  org.springframework.web.servlet.DispatcherServlet - Initializing Servlet 'dispatcherServlet'
2025-07-24 10:33:59.946 [http-nio-8080-exec-2] INFO  org.springframework.web.servlet.DispatcherServlet - Completed initialization in 1 ms
2025-07-24 10:35:13.099 [SpringApplicationShutdownHook] INFO  com.alibaba.druid.pool.DruidDataSource - {dataSource-1} closing ...
2025-07-24 10:35:13.107 [SpringApplicationShutdownHook] INFO  com.alibaba.druid.pool.DruidDataSource - {dataSource-1} closed
2025-07-24 10:35:17.656 [main] INFO  c.q.xiaohashu.auth.XiaohashuAuthApplication - Starting XiaohashuAuthApplication using Java 17.0.15 with PID 44656 (E:\Downloads\Compressed\xiaohashu-5.3节\xiaohashu2\xiaohashu-auth\target\classes started by 50723 in E:\Downloads\Compressed\xiaohashu-5.3节\xiaohashu2)
2025-07-24 10:35:17.658 [main] INFO  c.q.xiaohashu.auth.XiaohashuAuthApplication - The following 1 profile is active: "dev"
2025-07-24 10:35:18.229 [main] INFO  o.s.d.r.config.RepositoryConfigurationDelegate - Multiple Spring Data modules found, entering strict repository configuration mode
2025-07-24 10:35:18.232 [main] INFO  o.s.d.r.config.RepositoryConfigurationDelegate - Bootstrapping Spring Data Redis repositories in DEFAULT mode.
2025-07-24 10:35:18.256 [main] INFO  o.s.d.r.config.RepositoryConfigurationDelegate - Finished Spring Data repository scanning in 12 ms. Found 0 Redis repository interfaces.
2025-07-24 10:35:18.873 [main] INFO  o.s.boot.web.embedded.tomcat.TomcatWebServer - Tomcat initialized with port(s): 8080 (http)
2025-07-24 10:35:18.882 [main] INFO  org.apache.catalina.core.StandardService - Starting service [Tomcat]
2025-07-24 10:35:18.882 [main] INFO  org.apache.catalina.core.StandardEngine - Starting Servlet engine: [Apache Tomcat/10.1.5]
2025-07-24 10:35:18.952 [main] INFO  o.a.c.core.ContainerBase.[Tomcat].[localhost].[/] - Initializing Spring embedded WebApplicationContext
2025-07-24 10:35:18.952 [main] INFO  o.s.b.w.s.c.ServletWebServerApplicationContext - Root WebApplicationContext: initialization completed in 1253 ms
2025-07-24 10:35:19.057 [main] INFO  c.a.d.s.b.a.DruidDataSourceAutoConfigure - Init DruidDataSource
2025-07-24 10:35:19.331 [main] INFO  com.alibaba.druid.pool.DruidDataSource - {dataSource-1} inited
2025-07-24 10:35:20.136 [main] INFO  o.s.boot.web.embedded.tomcat.TomcatWebServer - Tomcat started on port(s): 8080 (http) with context path ''
2025-07-24 10:35:20.143 [main] INFO  c.q.xiaohashu.auth.XiaohashuAuthApplication - Started XiaohashuAuthApplication in 3.045 seconds (process running for 3.719)
2025-07-24 10:35:25.044 [http-nio-8080-exec-3] INFO  o.a.c.core.ContainerBase.[Tomcat].[localhost].[/] - Initializing Spring DispatcherServlet 'dispatcherServlet'
2025-07-24 10:35:25.044 [http-nio-8080-exec-3] INFO  org.springframework.web.servlet.DispatcherServlet - Initializing Servlet 'dispatcherServlet'
2025-07-24 10:35:25.045 [http-nio-8080-exec-3] INFO  org.springframework.web.servlet.DispatcherServlet - Completed initialization in 1 ms
2025-07-24 10:35:42.073 [http-nio-8080-exec-3] DEBUG c.q.x.a.domain.mapper.UserDOMapper.selectByPhone - ==>  Preparing: select id,password,phone,status from t_user where phone=?
2025-07-24 10:35:42.691 [http-nio-8080-exec-3] DEBUG c.q.x.a.domain.mapper.UserDOMapper.selectByPhone - ==> Parameters: 18888888888(String)
2025-07-24 10:35:42.823 [http-nio-8080-exec-3] DEBUG c.q.x.a.domain.mapper.UserDOMapper.selectByPhone - <==      Total: 0
2025-07-24 10:37:00.837 [http-nio-8080-exec-4] DEBUG c.q.x.a.domain.mapper.UserDOMapper.selectByPhone - ==>  Preparing: select id,password,phone,status from t_user where phone=?
2025-07-24 10:37:00.838 [http-nio-8080-exec-4] DEBUG c.q.x.a.domain.mapper.UserDOMapper.selectByPhone - ==> Parameters: 18888888888(String)
2025-07-24 10:36:59.645 [http-nio-8080-exec-3] ERROR c.q.x.auth.exception.GlobalExceptionHandler - /user/register request error, 
java.lang.NullPointerException: Cannot invoke "java.lang.Integer.intValue()" because the return value of "com.quanxiaoha.xiaohashu.auth.model.RegisterVO.getRegisterType()" is null
	at com.quanxiaoha.xiaohashu.auth.service.Impl.UserServiceImpl.register(UserServiceImpl.java:71)
	at com.quanxiaoha.xiaohashu.auth.controller.UserController.register(UserController.java:24)
	at java.base/jdk.internal.reflect.NativeMethodAccessorImpl.invoke0(Native Method)
	at java.base/jdk.internal.reflect.NativeMethodAccessorImpl.invoke(NativeMethodAccessorImpl.java:77)
	at java.base/jdk.internal.reflect.DelegatingMethodAccessorImpl.invoke(DelegatingMethodAccessorImpl.java:43)
	at java.base/java.lang.reflect.Method.invoke(Method.java:568)
	at org.springframework.web.method.support.InvocableHandlerMethod.doInvoke(InvocableHandlerMethod.java:207)
	at org.springframework.web.method.support.InvocableHandlerMethod.invokeForRequest(InvocableHandlerMethod.java:152)
	at org.springframework.web.servlet.mvc.method.annotation.ServletInvocableHandlerMethod.invokeAndHandle(ServletInvocableHandlerMethod.java:117)
	at org.springframework.web.servlet.mvc.method.annotation.RequestMappingHandlerAdapter.invokeHandlerMethod(RequestMappingHandlerAdapter.java:884)
	at org.springframework.web.servlet.mvc.method.annotation.RequestMappingHandlerAdapter.handleInternal(RequestMappingHandlerAdapter.java:797)
	at org.springframework.web.servlet.mvc.method.AbstractHandlerMethodAdapter.handle(AbstractHandlerMethodAdapter.java:87)
	at org.springframework.web.servlet.DispatcherServlet.doDispatch(DispatcherServlet.java:1080)
	at org.springframework.web.servlet.DispatcherServlet.doService(DispatcherServlet.java:973)
	at org.springframework.web.servlet.FrameworkServlet.processRequest(FrameworkServlet.java:1011)
	at org.springframework.web.servlet.FrameworkServlet.doPost(FrameworkServlet.java:914)
	at jakarta.servlet.http.HttpServlet.service(HttpServlet.java:731)
	at org.springframework.web.servlet.FrameworkServlet.service(FrameworkServlet.java:885)
	at jakarta.servlet.http.HttpServlet.service(HttpServlet.java:814)
	at org.apache.catalina.core.ApplicationFilterChain.internalDoFilter(ApplicationFilterChain.java:223)
	at org.apache.catalina.core.ApplicationFilterChain.doFilter(ApplicationFilterChain.java:158)
	at org.apache.tomcat.websocket.server.WsFilter.doFilter(WsFilter.java:53)
	at org.apache.catalina.core.ApplicationFilterChain.internalDoFilter(ApplicationFilterChain.java:185)
	at org.apache.catalina.core.ApplicationFilterChain.doFilter(ApplicationFilterChain.java:158)
	at com.alibaba.druid.support.jakarta.WebStatFilter.doFilter(WebStatFilter.java:113)
	at org.apache.catalina.core.ApplicationFilterChain.internalDoFilter(ApplicationFilterChain.java:185)
	at org.apache.catalina.core.ApplicationFilterChain.doFilter(ApplicationFilterChain.java:158)
	at org.springframework.web.filter.RequestContextFilter.doFilterInternal(RequestContextFilter.java:100)
	at org.springframework.web.filter.OncePerRequestFilter.doFilter(OncePerRequestFilter.java:116)
	at org.apache.catalina.core.ApplicationFilterChain.internalDoFilter(ApplicationFilterChain.java:185)
	at org.apache.catalina.core.ApplicationFilterChain.doFilter(ApplicationFilterChain.java:158)
	at cn.dev33.satoken.filter.SaPathCheckFilterForJakartaServlet.doFilter(SaPathCheckFilterForJakartaServlet.java:55)
	at org.apache.catalina.core.ApplicationFilterChain.internalDoFilter(ApplicationFilterChain.java:185)
	at org.apache.catalina.core.ApplicationFilterChain.doFilter(ApplicationFilterChain.java:158)
	at org.springframework.web.filter.FormContentFilter.doFilterInternal(FormContentFilter.java:93)
	at org.springframework.web.filter.OncePerRequestFilter.doFilter(OncePerRequestFilter.java:116)
	at org.apache.catalina.core.ApplicationFilterChain.internalDoFilter(ApplicationFilterChain.java:185)
	at org.apache.catalina.core.ApplicationFilterChain.doFilter(ApplicationFilterChain.java:158)
	at org.springframework.web.filter.CharacterEncodingFilter.doFilterInternal(CharacterEncodingFilter.java:201)
	at org.springframework.web.filter.OncePerRequestFilter.doFilter(OncePerRequestFilter.java:116)
	at org.apache.catalina.core.ApplicationFilterChain.internalDoFilter(ApplicationFilterChain.java:185)
	at org.apache.catalina.core.ApplicationFilterChain.doFilter(ApplicationFilterChain.java:158)
	at org.apache.catalina.core.StandardWrapperValve.invoke(StandardWrapperValve.java:177)
	at org.apache.catalina.core.StandardContextValve.invoke(StandardContextValve.java:97)
	at org.apache.catalina.authenticator.AuthenticatorBase.invoke(AuthenticatorBase.java:542)
	at org.apache.catalina.core.StandardHostValve.invoke(StandardHostValve.java:119)
	at org.apache.catalina.valves.ErrorReportValve.invoke(ErrorReportValve.java:92)
	at org.apache.catalina.core.StandardEngineValve.invoke(StandardEngineValve.java:78)
	at org.apache.catalina.connector.CoyoteAdapter.service(CoyoteAdapter.java:357)
	at org.apache.coyote.http11.Http11Processor.service(Http11Processor.java:400)
	at org.apache.coyote.AbstractProcessorLight.process(AbstractProcessorLight.java:65)
	at org.apache.coyote.AbstractProtocol$ConnectionHandler.process(AbstractProtocol.java:859)
	at org.apache.tomcat.util.net.NioEndpoint$SocketProcessor.doRun(NioEndpoint.java:1734)
	at org.apache.tomcat.util.net.SocketProcessorBase.run(SocketProcessorBase.java:52)
	at org.apache.tomcat.util.threads.ThreadPoolExecutor.runWorker(ThreadPoolExecutor.java:1191)
	at org.apache.tomcat.util.threads.ThreadPoolExecutor$Worker.run(ThreadPoolExecutor.java:659)
	at org.apache.tomcat.util.threads.TaskThread$WrappingRunnable.run(TaskThread.java:61)
	at java.base/java.lang.Thread.run(Thread.java:842)
2025-07-24 10:37:00.839 [http-nio-8080-exec-4] DEBUG c.q.x.a.domain.mapper.UserDOMapper.selectByPhone - <==      Total: 0
2025-07-24 10:37:00.869 [http-nio-8080-exec-4] DEBUG c.q.x.a.domain.mapper.UserDOMapper.insertSelective - ==>  Preparing: INSERT INTO t_user ( xiaohashu_id, password, nickname, phone, status, create_time, update_time, is_deleted ) VALUES ( ?, ?, ?, ?, ?, ?, ?, ? )
2025-07-24 10:37:00.954 [http-nio-8080-exec-4] DEBUG c.q.x.a.domain.mapper.UserDOMapper.insertSelective - ==> Parameters: XHSB5D0004A(String), 123456(String), 用户188888(String), 18888888888(String), 0(Integer), 2025-07-24T10:37:00.841020300(LocalDateTime), 2025-07-24T10:37:00.841020300(LocalDateTime), false(Boolean)
2025-07-24 10:37:00.962 [http-nio-8080-exec-4] DEBUG c.q.x.a.domain.mapper.UserDOMapper.insertSelective - <==    Updates: 1
2025-07-24 10:37:11.721 [http-nio-8080-exec-9] DEBUG c.q.x.a.domain.mapper.UserDOMapper.selectByPhone - ==>  Preparing: select id,password,phone,status from t_user where phone=?
2025-07-24 10:37:11.724 [http-nio-8080-exec-9] DEBUG c.q.x.a.domain.mapper.UserDOMapper.selectByPhone - ==> Parameters: 18888888888(String)
2025-07-24 10:37:11.733 [http-nio-8080-exec-9] DEBUG c.q.x.a.domain.mapper.UserDOMapper.selectByPhone - <==      Total: 1
2025-07-24 10:49:48.867 [SpringApplicationShutdownHook] INFO  com.alibaba.druid.pool.DruidDataSource - {dataSource-1} closing ...
2025-07-24 10:49:48.873 [SpringApplicationShutdownHook] INFO  com.alibaba.druid.pool.DruidDataSource - {dataSource-1} closed
2025-07-24 10:49:53.821 [main] INFO  c.q.xiaohashu.auth.XiaohashuAuthApplication - Starting XiaohashuAuthApplication using Java 17.0.15 with PID 18584 (E:\Downloads\Compressed\xiaohashu-5.3节\xiaohashu2\xiaohashu-auth\target\classes started by 50723 in E:\Downloads\Compressed\xiaohashu-5.3节\xiaohashu2)
2025-07-24 10:49:53.824 [main] INFO  c.q.xiaohashu.auth.XiaohashuAuthApplication - The following 1 profile is active: "dev"
2025-07-24 10:49:54.386 [main] INFO  o.s.d.r.config.RepositoryConfigurationDelegate - Multiple Spring Data modules found, entering strict repository configuration mode
2025-07-24 10:49:54.389 [main] INFO  o.s.d.r.config.RepositoryConfigurationDelegate - Bootstrapping Spring Data Redis repositories in DEFAULT mode.
2025-07-24 10:49:54.417 [main] INFO  o.s.d.r.config.RepositoryConfigurationDelegate - Finished Spring Data repository scanning in 15 ms. Found 0 Redis repository interfaces.
2025-07-24 10:49:54.986 [main] INFO  o.s.boot.web.embedded.tomcat.TomcatWebServer - Tomcat initialized with port(s): 8080 (http)
2025-07-24 10:49:54.994 [main] INFO  org.apache.catalina.core.StandardService - Starting service [Tomcat]
2025-07-24 10:49:54.994 [main] INFO  org.apache.catalina.core.StandardEngine - Starting Servlet engine: [Apache Tomcat/10.1.5]
2025-07-24 10:49:55.070 [main] INFO  o.a.c.core.ContainerBase.[Tomcat].[localhost].[/] - Initializing Spring embedded WebApplicationContext
2025-07-24 10:49:55.070 [main] INFO  o.s.b.w.s.c.ServletWebServerApplicationContext - Root WebApplicationContext: initialization completed in 1206 ms
2025-07-24 10:49:55.168 [main] INFO  c.a.d.s.b.a.DruidDataSourceAutoConfigure - Init DruidDataSource
2025-07-24 10:49:55.455 [main] INFO  com.alibaba.druid.pool.DruidDataSource - {dataSource-1} inited
2025-07-24 10:49:56.190 [main] INFO  o.s.boot.web.embedded.tomcat.TomcatWebServer - Tomcat started on port(s): 8080 (http) with context path ''
2025-07-24 10:49:56.197 [main] INFO  c.q.xiaohashu.auth.XiaohashuAuthApplication - Started XiaohashuAuthApplication in 2.867 seconds (process running for 3.323)
2025-07-24 10:50:06.003 [http-nio-8080-exec-1] INFO  o.a.c.core.ContainerBase.[Tomcat].[localhost].[/] - Initializing Spring DispatcherServlet 'dispatcherServlet'
2025-07-24 10:50:06.004 [http-nio-8080-exec-1] INFO  org.springframework.web.servlet.DispatcherServlet - Initializing Servlet 'dispatcherServlet'
2025-07-24 10:50:06.005 [http-nio-8080-exec-1] INFO  org.springframework.web.servlet.DispatcherServlet - Completed initialization in 1 ms
2025-07-24 10:50:06.121 [http-nio-8080-exec-1] DEBUG c.q.x.a.domain.mapper.UserDOMapper.selectByPhone - ==>  Preparing: select id,password,phone,status from t_user where phone=?
2025-07-24 10:50:06.270 [http-nio-8080-exec-1] DEBUG c.q.x.a.domain.mapper.UserDOMapper.selectByPhone - ==> Parameters: 18888888889(String)
2025-07-24 10:50:06.290 [http-nio-8080-exec-1] DEBUG c.q.x.a.domain.mapper.UserDOMapper.selectByPhone - <==      Total: 0
2025-07-24 10:50:06.314 [http-nio-8080-exec-1] DEBUG c.q.x.a.domain.mapper.UserDOMapper.insertSelective - ==>  Preparing: INSERT INTO t_user ( xiaohashu_id, password, nickname, phone, status, create_time, update_time, is_deleted ) VALUES ( ?, ?, ?, ?, ?, ?, ?, ? )
2025-07-24 10:50:06.412 [http-nio-8080-exec-1] DEBUG c.q.x.a.domain.mapper.UserDOMapper.insertSelective - ==> Parameters: XHS18A932B3(String), 123456(String), 用户188888(String), 18888888889(String), 0(Integer), 2025-07-24T10:50:06.293000500(LocalDateTime), 2025-07-24T10:50:06.293000500(LocalDateTime), false(Boolean)
2025-07-24 10:50:06.430 [http-nio-8080-exec-1] DEBUG c.q.x.a.domain.mapper.UserDOMapper.insertSelective - <==    Updates: 1
2025-07-24 10:50:06.434 [http-nio-8080-exec-1] DEBUG c.q.x.a.domain.mapper.UserRoleRelDOMapper.insert - ==>  Preparing: INSERT INTO t_user_role_rel (user_id, role_id, create_time, update_time, is_deleted) VALUES (?, ?, ?, ?, ?)
2025-07-24 10:50:06.435 [http-nio-8080-exec-1] DEBUG c.q.x.a.domain.mapper.UserRoleRelDOMapper.insert - ==> Parameters: 7(Long), 1(Long), 2025-07-24T10:50:06.433059700(LocalDateTime), 2025-07-24T10:50:06.433059700(LocalDateTime), false(Boolean)
2025-07-24 10:50:06.438 [http-nio-8080-exec-1] DEBUG c.q.x.a.domain.mapper.UserRoleRelDOMapper.insert - <==    Updates: 1
2025-07-24 13:51:06.107 [SpringApplicationShutdownHook] INFO  com.alibaba.druid.pool.DruidDataSource - {dataSource-1} closing ...
2025-07-24 13:51:06.114 [SpringApplicationShutdownHook] INFO  com.alibaba.druid.pool.DruidDataSource - {dataSource-1} closed
2025-07-24 13:55:24.354 [main] INFO  c.q.xiaohashu.auth.XiaohashuAuthApplication - Starting XiaohashuAuthApplication using Java 17.0.15 with PID 25892 (E:\Downloads\Compressed\xiaohashu-5.3节\xiaohashu2\xiaohashu-auth\target\classes started by 50723 in E:\Downloads\Compressed\xiaohashu-5.3节\xiaohashu2)
2025-07-24 13:55:24.356 [main] INFO  c.q.xiaohashu.auth.XiaohashuAuthApplication - The following 1 profile is active: "dev"
2025-07-24 13:55:25.283 [main] INFO  o.s.d.r.config.RepositoryConfigurationDelegate - Multiple Spring Data modules found, entering strict repository configuration mode
2025-07-24 13:55:25.286 [main] INFO  o.s.d.r.config.RepositoryConfigurationDelegate - Bootstrapping Spring Data Redis repositories in DEFAULT mode.
2025-07-24 13:55:25.310 [main] INFO  o.s.d.r.config.RepositoryConfigurationDelegate - Finished Spring Data repository scanning in 12 ms. Found 0 Redis repository interfaces.
2025-07-24 13:55:26.043 [main] INFO  o.s.boot.web.embedded.tomcat.TomcatWebServer - Tomcat initialized with port(s): 8080 (http)
2025-07-24 13:55:26.053 [main] INFO  org.apache.catalina.core.StandardService - Starting service [Tomcat]
2025-07-24 13:55:26.053 [main] INFO  org.apache.catalina.core.StandardEngine - Starting Servlet engine: [Apache Tomcat/10.1.5]
2025-07-24 13:55:26.139 [main] INFO  o.a.c.core.ContainerBase.[Tomcat].[localhost].[/] - Initializing Spring embedded WebApplicationContext
2025-07-24 13:55:26.140 [main] INFO  o.s.b.w.s.c.ServletWebServerApplicationContext - Root WebApplicationContext: initialization completed in 1745 ms
2025-07-24 13:55:26.268 [main] INFO  c.a.d.s.b.a.DruidDataSourceAutoConfigure - Init DruidDataSource
2025-07-24 13:55:26.572 [main] INFO  com.alibaba.druid.pool.DruidDataSource - {dataSource-1} inited
2025-07-24 13:55:27.650 [main] INFO  o.s.boot.web.embedded.tomcat.TomcatWebServer - Tomcat started on port(s): 8080 (http) with context path ''
2025-07-24 13:55:27.658 [main] INFO  c.q.xiaohashu.auth.XiaohashuAuthApplication - Started XiaohashuAuthApplication in 3.942 seconds (process running for 4.673)
2025-07-24 13:55:55.792 [http-nio-8080-exec-1] INFO  o.a.c.core.ContainerBase.[Tomcat].[localhost].[/] - Initializing Spring DispatcherServlet 'dispatcherServlet'
2025-07-24 13:55:55.792 [http-nio-8080-exec-1] INFO  org.springframework.web.servlet.DispatcherServlet - Initializing Servlet 'dispatcherServlet'
2025-07-24 13:55:55.793 [http-nio-8080-exec-1] INFO  org.springframework.web.servlet.DispatcherServlet - Completed initialization in 1 ms
2025-07-24 13:55:55.901 [http-nio-8080-exec-1] DEBUG c.q.x.a.domain.mapper.UserDOMapper.selectByPhone - ==>  Preparing: select id,password,phone,status from t_user where phone=?
2025-07-24 13:55:56.065 [http-nio-8080-exec-1] DEBUG c.q.x.a.domain.mapper.UserDOMapper.selectByPhone - ==> Parameters: 15655666655(String)
2025-07-24 13:55:56.082 [http-nio-8080-exec-1] DEBUG c.q.x.a.domain.mapper.UserDOMapper.selectByPhone - <==      Total: 0
2025-07-24 13:55:56.101 [http-nio-8080-exec-1] DEBUG c.q.x.a.domain.mapper.UserDOMapper.insertSelective - ==>  Preparing: INSERT INTO t_user ( xiaohashu_id, password, nickname, phone, status, create_time, update_time, is_deleted ) VALUES ( ?, ?, ?, ?, ?, ?, ?, ? )
2025-07-24 13:55:56.195 [http-nio-8080-exec-1] DEBUG c.q.x.a.domain.mapper.UserDOMapper.insertSelective - ==> Parameters: XHSF673D40C(String), 123456(String), 用户156556(String), 15655666655(String), 0(Integer), 2025-07-24T13:55:56.085104200(LocalDateTime), 2025-07-24T13:55:56.085104200(LocalDateTime), false(Boolean)
2025-07-24 13:55:56.203 [http-nio-8080-exec-1] DEBUG c.q.x.a.domain.mapper.UserDOMapper.insertSelective - <==    Updates: 1
2025-07-24 13:55:56.206 [http-nio-8080-exec-1] DEBUG c.q.x.a.domain.mapper.UserRoleRelDOMapper.insert - ==>  Preparing: INSERT INTO t_user_role_rel (user_id, role_id, create_time, update_time, is_deleted) VALUES (?, ?, ?, ?, ?)
2025-07-24 13:55:56.207 [http-nio-8080-exec-1] DEBUG c.q.x.a.domain.mapper.UserRoleRelDOMapper.insert - ==> Parameters: 8(Long), 1(Long), 2025-07-24T13:55:56.205880700(LocalDateTime), 2025-07-24T13:55:56.205880700(LocalDateTime), false(Boolean)
2025-07-24 13:55:56.211 [http-nio-8080-exec-1] DEBUG c.q.x.a.domain.mapper.UserRoleRelDOMapper.insert - <==    Updates: 1
2025-07-24 14:04:19.324 [SpringApplicationShutdownHook] INFO  com.alibaba.druid.pool.DruidDataSource - {dataSource-1} closing ...
2025-07-24 14:04:19.330 [SpringApplicationShutdownHook] INFO  com.alibaba.druid.pool.DruidDataSource - {dataSource-1} closed
2025-07-24 14:46:59.030 [main] INFO  c.q.xiaohashu.auth.XiaohashuAuthApplication - Starting XiaohashuAuthApplication using Java 17.0.15 with PID 42740 (E:\Downloads\Compressed\xiaohashu-5.3节\xiaohashu2\xiaohashu-auth\target\classes started by 50723 in E:\Downloads\Compressed\xiaohashu-5.3节\xiaohashu2)
2025-07-24 14:46:59.032 [main] INFO  c.q.xiaohashu.auth.XiaohashuAuthApplication - The following 1 profile is active: "dev"
2025-07-24 14:46:59.694 [main] INFO  o.s.d.r.config.RepositoryConfigurationDelegate - Multiple Spring Data modules found, entering strict repository configuration mode
2025-07-24 14:46:59.697 [main] INFO  o.s.d.r.config.RepositoryConfigurationDelegate - Bootstrapping Spring Data Redis repositories in DEFAULT mode.
2025-07-24 14:46:59.720 [main] INFO  o.s.d.r.config.RepositoryConfigurationDelegate - Finished Spring Data repository scanning in 12 ms. Found 0 Redis repository interfaces.
2025-07-24 14:47:00.273 [main] INFO  o.s.boot.web.embedded.tomcat.TomcatWebServer - Tomcat initialized with port(s): 8080 (http)
2025-07-24 14:47:00.281 [main] INFO  org.apache.catalina.core.StandardService - Starting service [Tomcat]
2025-07-24 14:47:00.281 [main] INFO  org.apache.catalina.core.StandardEngine - Starting Servlet engine: [Apache Tomcat/10.1.5]
2025-07-24 14:47:00.353 [main] INFO  o.a.c.core.ContainerBase.[Tomcat].[localhost].[/] - Initializing Spring embedded WebApplicationContext
2025-07-24 14:47:00.354 [main] INFO  o.s.b.w.s.c.ServletWebServerApplicationContext - Root WebApplicationContext: initialization completed in 1276 ms
2025-07-24 14:47:00.443 [main] INFO  c.a.d.s.b.a.DruidDataSourceAutoConfigure - Init DruidDataSource
2025-07-24 14:47:00.722 [main] INFO  com.alibaba.druid.pool.DruidDataSource - {dataSource-1} inited
2025-07-24 14:47:01.502 [main] INFO  o.s.boot.web.embedded.tomcat.TomcatWebServer - Tomcat started on port(s): 8080 (http) with context path ''
2025-07-24 14:47:01.508 [main] INFO  c.q.xiaohashu.auth.XiaohashuAuthApplication - Started XiaohashuAuthApplication in 2.997 seconds (process running for 3.462)
2025-07-24 14:47:01.510 [main] INFO  c.q.x.auth.runner.PushRolePermissions2RedisRunner - ==> 服务启动，开始同步角色权限数据到 Redis 中...
2025-07-24 14:47:01.858 [main] DEBUG c.q.x.a.d.mapper.RoleDOMapper.selectEnabledList - ==>  Preparing: select id, role_key, role_name from t_role where status=0 and is_deleted = 0
2025-07-24 14:47:01.979 [main] DEBUG c.q.x.a.d.mapper.RoleDOMapper.selectEnabledList - ==> Parameters: 
2025-07-24 14:47:01.996 [main] DEBUG c.q.x.a.d.mapper.RoleDOMapper.selectEnabledList - <==      Total: 2
2025-07-24 14:47:02.012 [main] ERROR c.q.x.auth.runner.PushRolePermissions2RedisRunner - ==> 同步角色权限数据到 Redis 中失败: 
org.mybatis.spring.MyBatisSystemException: null
	at org.mybatis.spring.MyBatisExceptionTranslator.translateExceptionIfPossible(MyBatisExceptionTranslator.java:97)
	at org.mybatis.spring.SqlSessionTemplate$SqlSessionInterceptor.invoke(SqlSessionTemplate.java:439)
	at jdk.proxy2/jdk.proxy2.$Proxy73.selectList(Unknown Source)
	at org.mybatis.spring.SqlSessionTemplate.selectList(SqlSessionTemplate.java:224)
	at org.apache.ibatis.binding.MapperMethod.executeForMany(MapperMethod.java:147)
	at org.apache.ibatis.binding.MapperMethod.execute(MapperMethod.java:80)
	at org.apache.ibatis.binding.MapperProxy$PlainMethodInvoker.invoke(MapperProxy.java:142)
	at org.apache.ibatis.binding.MapperProxy.invoke(MapperProxy.java:86)
	at jdk.proxy2/jdk.proxy2.$Proxy81.selectByRoleIds(Unknown Source)
	at com.quanxiaoha.xiaohashu.auth.runner.PushRolePermissions2RedisRunner.run(PushRolePermissions2RedisRunner.java:67)
	at org.springframework.boot.SpringApplication.callRunner(SpringApplication.java:758)
	at org.springframework.boot.SpringApplication.callRunners(SpringApplication.java:748)
	at org.springframework.boot.SpringApplication.run(SpringApplication.java:315)
	at org.springframework.boot.SpringApplication.run(SpringApplication.java:1302)
	at org.springframework.boot.SpringApplication.run(SpringApplication.java:1291)
	at com.quanxiaoha.xiaohashu.auth.XiaohashuAuthApplication.main(XiaohashuAuthApplication.java:12)
Caused by: org.apache.ibatis.binding.BindingException: Parameter 'roleIds' not found. Available parameters are [arg0, collection, list]
	at org.apache.ibatis.binding.MapperMethod$ParamMap.get(MapperMethod.java:210)
	at org.apache.ibatis.scripting.xmltags.DynamicContext$ContextAccessor.getProperty(DynamicContext.java:119)
	at org.apache.ibatis.ognl.OgnlRuntime.getProperty(OgnlRuntime.java:3344)
	at org.apache.ibatis.ognl.ASTProperty.getValueBody(ASTProperty.java:121)
	at org.apache.ibatis.ognl.SimpleNode.evaluateGetValueBody(SimpleNode.java:212)
	at org.apache.ibatis.ognl.SimpleNode.getValue(SimpleNode.java:258)
	at org.apache.ibatis.ognl.Ognl.getValue(Ognl.java:586)
	at org.apache.ibatis.ognl.Ognl.getValue(Ognl.java:550)
	at org.apache.ibatis.scripting.xmltags.OgnlCache.getValue(OgnlCache.java:46)
	at org.apache.ibatis.scripting.xmltags.ExpressionEvaluator.evaluateIterable(ExpressionEvaluator.java:54)
	at org.apache.ibatis.scripting.xmltags.ForEachSqlNode.apply(ForEachSqlNode.java:71)
	at org.apache.ibatis.scripting.xmltags.MixedSqlNode.lambda$apply$0(MixedSqlNode.java:32)
	at java.base/java.util.ArrayList.forEach(ArrayList.java:1511)
	at org.apache.ibatis.scripting.xmltags.MixedSqlNode.apply(MixedSqlNode.java:32)
	at org.apache.ibatis.scripting.xmltags.DynamicSqlSource.getBoundSql(DynamicSqlSource.java:39)
	at org.apache.ibatis.mapping.MappedStatement.getBoundSql(MappedStatement.java:320)
	at org.apache.ibatis.executor.CachingExecutor.query(CachingExecutor.java:88)
	at org.apache.ibatis.session.defaults.DefaultSqlSession.selectList(DefaultSqlSession.java:154)
	at org.apache.ibatis.session.defaults.DefaultSqlSession.selectList(DefaultSqlSession.java:147)
	at org.apache.ibatis.session.defaults.DefaultSqlSession.selectList(DefaultSqlSession.java:142)
	at java.base/jdk.internal.reflect.NativeMethodAccessorImpl.invoke0(Native Method)
	at java.base/jdk.internal.reflect.NativeMethodAccessorImpl.invoke(NativeMethodAccessorImpl.java:77)
	at java.base/jdk.internal.reflect.DelegatingMethodAccessorImpl.invoke(DelegatingMethodAccessorImpl.java:43)
	at java.base/java.lang.reflect.Method.invoke(Method.java:568)
	at org.mybatis.spring.SqlSessionTemplate$SqlSessionInterceptor.invoke(SqlSessionTemplate.java:425)
	... 14 common frames omitted
2025-07-24 14:48:02.051 [SpringApplicationShutdownHook] INFO  com.alibaba.druid.pool.DruidDataSource - {dataSource-1} closing ...
2025-07-24 14:48:02.056 [SpringApplicationShutdownHook] INFO  com.alibaba.druid.pool.DruidDataSource - {dataSource-1} closed
2025-07-24 14:48:04.756 [main] INFO  c.q.xiaohashu.auth.XiaohashuAuthApplication - Starting XiaohashuAuthApplication using Java 17.0.15 with PID 51260 (E:\Downloads\Compressed\xiaohashu-5.3节\xiaohashu2\xiaohashu-auth\target\classes started by 50723 in E:\Downloads\Compressed\xiaohashu-5.3节\xiaohashu2)
2025-07-24 14:48:04.757 [main] INFO  c.q.xiaohashu.auth.XiaohashuAuthApplication - The following 1 profile is active: "dev"
2025-07-24 14:48:05.343 [main] INFO  o.s.d.r.config.RepositoryConfigurationDelegate - Multiple Spring Data modules found, entering strict repository configuration mode
2025-07-24 14:48:05.346 [main] INFO  o.s.d.r.config.RepositoryConfigurationDelegate - Bootstrapping Spring Data Redis repositories in DEFAULT mode.
2025-07-24 14:48:05.372 [main] INFO  o.s.d.r.config.RepositoryConfigurationDelegate - Finished Spring Data repository scanning in 13 ms. Found 0 Redis repository interfaces.
2025-07-24 14:48:06.614 [main] INFO  o.s.boot.web.embedded.tomcat.TomcatWebServer - Tomcat initialized with port(s): 8080 (http)
2025-07-24 14:48:06.630 [main] INFO  org.apache.catalina.core.StandardService - Starting service [Tomcat]
2025-07-24 14:48:06.630 [main] INFO  org.apache.catalina.core.StandardEngine - Starting Servlet engine: [Apache Tomcat/10.1.5]
2025-07-24 14:48:06.776 [main] INFO  o.a.c.core.ContainerBase.[Tomcat].[localhost].[/] - Initializing Spring embedded WebApplicationContext
2025-07-24 14:48:06.776 [main] INFO  o.s.b.w.s.c.ServletWebServerApplicationContext - Root WebApplicationContext: initialization completed in 1976 ms
2025-07-24 14:48:06.990 [main] INFO  c.a.d.s.b.a.DruidDataSourceAutoConfigure - Init DruidDataSource
2025-07-24 14:48:07.507 [main] INFO  com.alibaba.druid.pool.DruidDataSource - {dataSource-1} inited
2025-07-24 14:48:09.095 [main] INFO  o.s.boot.web.embedded.tomcat.TomcatWebServer - Tomcat started on port(s): 8080 (http) with context path ''
2025-07-24 14:48:09.107 [main] INFO  c.q.xiaohashu.auth.XiaohashuAuthApplication - Started XiaohashuAuthApplication in 4.907 seconds (process running for 5.777)
2025-07-24 14:48:09.111 [main] INFO  c.q.x.auth.runner.PushRolePermissions2RedisRunner - ==> 服务启动，开始同步角色权限数据到 Redis 中...
2025-07-24 14:48:09.807 [main] WARN  c.q.x.auth.runner.PushRolePermissions2RedisRunner - ==> 角色权限数据已经同步至 Redis 中，不再同步...
2025-07-24 14:48:26.033 [SpringApplicationShutdownHook] INFO  com.alibaba.druid.pool.DruidDataSource - {dataSource-1} closing ...
2025-07-24 14:48:26.039 [SpringApplicationShutdownHook] INFO  com.alibaba.druid.pool.DruidDataSource - {dataSource-1} closed
2025-07-24 14:48:29.587 [main] INFO  c.q.xiaohashu.auth.XiaohashuAuthApplication - Starting XiaohashuAuthApplication using Java 17.0.15 with PID 43432 (E:\Downloads\Compressed\xiaohashu-5.3节\xiaohashu2\xiaohashu-auth\target\classes started by 50723 in E:\Downloads\Compressed\xiaohashu-5.3节\xiaohashu2)
2025-07-24 14:48:29.589 [main] INFO  c.q.xiaohashu.auth.XiaohashuAuthApplication - The following 1 profile is active: "dev"
2025-07-24 14:48:30.109 [main] INFO  o.s.d.r.config.RepositoryConfigurationDelegate - Multiple Spring Data modules found, entering strict repository configuration mode
2025-07-24 14:48:30.112 [main] INFO  o.s.d.r.config.RepositoryConfigurationDelegate - Bootstrapping Spring Data Redis repositories in DEFAULT mode.
2025-07-24 14:48:30.134 [main] INFO  o.s.d.r.config.RepositoryConfigurationDelegate - Finished Spring Data repository scanning in 11 ms. Found 0 Redis repository interfaces.
2025-07-24 14:48:30.684 [main] INFO  o.s.boot.web.embedded.tomcat.TomcatWebServer - Tomcat initialized with port(s): 8080 (http)
2025-07-24 14:48:30.693 [main] INFO  org.apache.catalina.core.StandardService - Starting service [Tomcat]
2025-07-24 14:48:30.693 [main] INFO  org.apache.catalina.core.StandardEngine - Starting Servlet engine: [Apache Tomcat/10.1.5]
2025-07-24 14:48:30.768 [main] INFO  o.a.c.core.ContainerBase.[Tomcat].[localhost].[/] - Initializing Spring embedded WebApplicationContext
2025-07-24 14:48:30.769 [main] INFO  o.s.b.w.s.c.ServletWebServerApplicationContext - Root WebApplicationContext: initialization completed in 1139 ms
2025-07-24 14:48:30.860 [main] INFO  c.a.d.s.b.a.DruidDataSourceAutoConfigure - Init DruidDataSource
2025-07-24 14:48:31.119 [main] INFO  com.alibaba.druid.pool.DruidDataSource - {dataSource-1} inited
2025-07-24 14:48:31.855 [main] INFO  o.s.boot.web.embedded.tomcat.TomcatWebServer - Tomcat started on port(s): 8080 (http) with context path ''
2025-07-24 14:48:31.861 [main] INFO  c.q.xiaohashu.auth.XiaohashuAuthApplication - Started XiaohashuAuthApplication in 2.81 seconds (process running for 3.277)
2025-07-24 14:48:31.862 [main] INFO  c.q.x.auth.runner.PushRolePermissions2RedisRunner - ==> 服务启动，开始同步角色权限数据到 Redis 中...
2025-07-24 14:48:32.180 [main] WARN  c.q.x.auth.runner.PushRolePermissions2RedisRunner - ==> 角色权限数据已经同步至 Redis 中，不再同步...
2025-07-24 14:48:53.942 [SpringApplicationShutdownHook] INFO  com.alibaba.druid.pool.DruidDataSource - {dataSource-1} closing ...
2025-07-24 14:48:53.948 [SpringApplicationShutdownHook] INFO  com.alibaba.druid.pool.DruidDataSource - {dataSource-1} closed
2025-07-24 14:48:56.131 [main] INFO  c.q.xiaohashu.auth.XiaohashuAuthApplication - Starting XiaohashuAuthApplication using Java 17.0.15 with PID 58504 (E:\Downloads\Compressed\xiaohashu-5.3节\xiaohashu2\xiaohashu-auth\target\classes started by 50723 in E:\Downloads\Compressed\xiaohashu-5.3节\xiaohashu2)
2025-07-24 14:48:56.133 [main] INFO  c.q.xiaohashu.auth.XiaohashuAuthApplication - The following 1 profile is active: "dev"
2025-07-24 14:48:56.673 [main] INFO  o.s.d.r.config.RepositoryConfigurationDelegate - Multiple Spring Data modules found, entering strict repository configuration mode
2025-07-24 14:48:56.676 [main] INFO  o.s.d.r.config.RepositoryConfigurationDelegate - Bootstrapping Spring Data Redis repositories in DEFAULT mode.
2025-07-24 14:48:56.699 [main] INFO  o.s.d.r.config.RepositoryConfigurationDelegate - Finished Spring Data repository scanning in 11 ms. Found 0 Redis repository interfaces.
2025-07-24 14:48:57.242 [main] INFO  o.s.boot.web.embedded.tomcat.TomcatWebServer - Tomcat initialized with port(s): 8080 (http)
2025-07-24 14:48:57.250 [main] INFO  org.apache.catalina.core.StandardService - Starting service [Tomcat]
2025-07-24 14:48:57.250 [main] INFO  org.apache.catalina.core.StandardEngine - Starting Servlet engine: [Apache Tomcat/10.1.5]
2025-07-24 14:48:57.335 [main] INFO  o.a.c.core.ContainerBase.[Tomcat].[localhost].[/] - Initializing Spring embedded WebApplicationContext
2025-07-24 14:48:57.335 [main] INFO  o.s.b.w.s.c.ServletWebServerApplicationContext - Root WebApplicationContext: initialization completed in 1158 ms
2025-07-24 14:48:57.425 [main] INFO  c.a.d.s.b.a.DruidDataSourceAutoConfigure - Init DruidDataSource
2025-07-24 14:48:57.694 [main] INFO  com.alibaba.druid.pool.DruidDataSource - {dataSource-1} inited
2025-07-24 14:48:58.447 [main] INFO  o.s.boot.web.embedded.tomcat.TomcatWebServer - Tomcat started on port(s): 8080 (http) with context path ''
2025-07-24 14:48:58.453 [main] INFO  c.q.xiaohashu.auth.XiaohashuAuthApplication - Started XiaohashuAuthApplication in 2.853 seconds (process running for 3.362)
2025-07-24 14:48:58.454 [main] INFO  c.q.x.auth.runner.PushRolePermissions2RedisRunner - ==> 服务启动，开始同步角色权限数据到 Redis 中...
2025-07-24 14:48:58.794 [main] DEBUG c.q.x.a.d.mapper.RoleDOMapper.selectEnabledList - ==>  Preparing: select id, role_key, role_name from t_role where status=0 and is_deleted = 0
2025-07-24 14:48:58.916 [main] DEBUG c.q.x.a.d.mapper.RoleDOMapper.selectEnabledList - ==> Parameters: 
2025-07-24 14:48:58.949 [main] DEBUG c.q.x.a.d.mapper.RoleDOMapper.selectEnabledList - <==      Total: 2
2025-07-24 14:48:58.965 [main] ERROR c.q.x.auth.runner.PushRolePermissions2RedisRunner - ==> 同步角色权限数据到 Redis 中失败: 
org.mybatis.spring.MyBatisSystemException: null
	at org.mybatis.spring.MyBatisExceptionTranslator.translateExceptionIfPossible(MyBatisExceptionTranslator.java:97)
	at org.mybatis.spring.SqlSessionTemplate$SqlSessionInterceptor.invoke(SqlSessionTemplate.java:439)
	at jdk.proxy2/jdk.proxy2.$Proxy73.selectList(Unknown Source)
	at org.mybatis.spring.SqlSessionTemplate.selectList(SqlSessionTemplate.java:224)
	at org.apache.ibatis.binding.MapperMethod.executeForMany(MapperMethod.java:147)
	at org.apache.ibatis.binding.MapperMethod.execute(MapperMethod.java:80)
	at org.apache.ibatis.binding.MapperProxy$PlainMethodInvoker.invoke(MapperProxy.java:142)
	at org.apache.ibatis.binding.MapperProxy.invoke(MapperProxy.java:86)
	at jdk.proxy2/jdk.proxy2.$Proxy81.selectByRoleIds(Unknown Source)
	at com.quanxiaoha.xiaohashu.auth.runner.PushRolePermissions2RedisRunner.run(PushRolePermissions2RedisRunner.java:67)
	at org.springframework.boot.SpringApplication.callRunner(SpringApplication.java:758)
	at org.springframework.boot.SpringApplication.callRunners(SpringApplication.java:748)
	at org.springframework.boot.SpringApplication.run(SpringApplication.java:315)
	at org.springframework.boot.SpringApplication.run(SpringApplication.java:1302)
	at org.springframework.boot.SpringApplication.run(SpringApplication.java:1291)
	at com.quanxiaoha.xiaohashu.auth.XiaohashuAuthApplication.main(XiaohashuAuthApplication.java:12)
Caused by: org.apache.ibatis.binding.BindingException: Parameter 'roleIds' not found. Available parameters are [arg0, collection, list]
	at org.apache.ibatis.binding.MapperMethod$ParamMap.get(MapperMethod.java:210)
	at org.apache.ibatis.scripting.xmltags.DynamicContext$ContextAccessor.getProperty(DynamicContext.java:119)
	at org.apache.ibatis.ognl.OgnlRuntime.getProperty(OgnlRuntime.java:3344)
	at org.apache.ibatis.ognl.ASTProperty.getValueBody(ASTProperty.java:121)
	at org.apache.ibatis.ognl.SimpleNode.evaluateGetValueBody(SimpleNode.java:212)
	at org.apache.ibatis.ognl.SimpleNode.getValue(SimpleNode.java:258)
	at org.apache.ibatis.ognl.Ognl.getValue(Ognl.java:586)
	at org.apache.ibatis.ognl.Ognl.getValue(Ognl.java:550)
	at org.apache.ibatis.scripting.xmltags.OgnlCache.getValue(OgnlCache.java:46)
	at org.apache.ibatis.scripting.xmltags.ExpressionEvaluator.evaluateIterable(ExpressionEvaluator.java:54)
	at org.apache.ibatis.scripting.xmltags.ForEachSqlNode.apply(ForEachSqlNode.java:71)
	at org.apache.ibatis.scripting.xmltags.MixedSqlNode.lambda$apply$0(MixedSqlNode.java:32)
	at java.base/java.util.ArrayList.forEach(ArrayList.java:1511)
	at org.apache.ibatis.scripting.xmltags.MixedSqlNode.apply(MixedSqlNode.java:32)
	at org.apache.ibatis.scripting.xmltags.DynamicSqlSource.getBoundSql(DynamicSqlSource.java:39)
	at org.apache.ibatis.mapping.MappedStatement.getBoundSql(MappedStatement.java:320)
	at org.apache.ibatis.executor.CachingExecutor.query(CachingExecutor.java:88)
	at org.apache.ibatis.session.defaults.DefaultSqlSession.selectList(DefaultSqlSession.java:154)
	at org.apache.ibatis.session.defaults.DefaultSqlSession.selectList(DefaultSqlSession.java:147)
	at org.apache.ibatis.session.defaults.DefaultSqlSession.selectList(DefaultSqlSession.java:142)
	at java.base/jdk.internal.reflect.NativeMethodAccessorImpl.invoke0(Native Method)
	at java.base/jdk.internal.reflect.NativeMethodAccessorImpl.invoke(NativeMethodAccessorImpl.java:77)
	at java.base/jdk.internal.reflect.DelegatingMethodAccessorImpl.invoke(DelegatingMethodAccessorImpl.java:43)
	at java.base/java.lang.reflect.Method.invoke(Method.java:568)
	at org.mybatis.spring.SqlSessionTemplate$SqlSessionInterceptor.invoke(SqlSessionTemplate.java:425)
	... 14 common frames omitted
2025-07-24 14:49:56.846 [SpringApplicationShutdownHook] INFO  com.alibaba.druid.pool.DruidDataSource - {dataSource-1} closing ...
2025-07-24 14:49:56.851 [SpringApplicationShutdownHook] INFO  com.alibaba.druid.pool.DruidDataSource - {dataSource-1} closed
2025-07-24 14:49:59.558 [main] INFO  c.q.xiaohashu.auth.XiaohashuAuthApplication - Starting XiaohashuAuthApplication using Java 17.0.15 with PID 46648 (E:\Downloads\Compressed\xiaohashu-5.3节\xiaohashu2\xiaohashu-auth\target\classes started by 50723 in E:\Downloads\Compressed\xiaohashu-5.3节\xiaohashu2)
2025-07-24 14:49:59.560 [main] INFO  c.q.xiaohashu.auth.XiaohashuAuthApplication - The following 1 profile is active: "dev"
2025-07-24 14:50:00.166 [main] INFO  o.s.d.r.config.RepositoryConfigurationDelegate - Multiple Spring Data modules found, entering strict repository configuration mode
2025-07-24 14:50:00.168 [main] INFO  o.s.d.r.config.RepositoryConfigurationDelegate - Bootstrapping Spring Data Redis repositories in DEFAULT mode.
2025-07-24 14:50:00.197 [main] INFO  o.s.d.r.config.RepositoryConfigurationDelegate - Finished Spring Data repository scanning in 12 ms. Found 0 Redis repository interfaces.
2025-07-24 14:50:01.460 [main] INFO  o.s.boot.web.embedded.tomcat.TomcatWebServer - Tomcat initialized with port(s): 8080 (http)
2025-07-24 14:50:01.477 [main] INFO  org.apache.catalina.core.StandardService - Starting service [Tomcat]
2025-07-24 14:50:01.477 [main] INFO  org.apache.catalina.core.StandardEngine - Starting Servlet engine: [Apache Tomcat/10.1.5]
2025-07-24 14:50:01.628 [main] INFO  o.a.c.core.ContainerBase.[Tomcat].[localhost].[/] - Initializing Spring embedded WebApplicationContext
2025-07-24 14:50:01.629 [main] INFO  o.s.b.w.s.c.ServletWebServerApplicationContext - Root WebApplicationContext: initialization completed in 2026 ms
2025-07-24 14:50:01.837 [main] INFO  c.a.d.s.b.a.DruidDataSourceAutoConfigure - Init DruidDataSource
2025-07-24 14:50:02.344 [main] INFO  com.alibaba.druid.pool.DruidDataSource - {dataSource-1} inited
2025-07-24 14:50:04.318 [main] INFO  o.s.boot.web.embedded.tomcat.TomcatWebServer - Tomcat started on port(s): 8080 (http) with context path ''
2025-07-24 14:50:04.331 [main] INFO  c.q.xiaohashu.auth.XiaohashuAuthApplication - Started XiaohashuAuthApplication in 5.347 seconds (process running for 6.271)
2025-07-24 14:50:04.336 [main] INFO  c.q.x.auth.runner.PushRolePermissions2RedisRunner - ==> 服务启动，开始同步角色权限数据到 Redis 中...
2025-07-24 14:50:09.006 [main] DEBUG c.q.x.a.d.mapper.RoleDOMapper.selectEnabledList - ==>  Preparing: select id, role_key, role_name from t_role where status=0 and is_deleted = 0
2025-07-24 14:50:09.680 [main] DEBUG c.q.x.a.d.mapper.RoleDOMapper.selectEnabledList - ==> Parameters: 
2025-07-24 14:50:09.849 [main] DEBUG c.q.x.a.d.mapper.RoleDOMapper.selectEnabledList - <==      Total: 2
2025-07-24 14:51:24.584 [main] ERROR c.q.x.auth.runner.PushRolePermissions2RedisRunner - ==> 同步角色权限数据到 Redis 中失败: 
org.mybatis.spring.MyBatisSystemException: null
	at org.mybatis.spring.MyBatisExceptionTranslator.translateExceptionIfPossible(MyBatisExceptionTranslator.java:97)
	at org.mybatis.spring.SqlSessionTemplate$SqlSessionInterceptor.invoke(SqlSessionTemplate.java:439)
	at jdk.proxy2/jdk.proxy2.$Proxy73.selectList(Unknown Source)
	at org.mybatis.spring.SqlSessionTemplate.selectList(SqlSessionTemplate.java:224)
	at org.apache.ibatis.binding.MapperMethod.executeForMany(MapperMethod.java:147)
	at org.apache.ibatis.binding.MapperMethod.execute(MapperMethod.java:80)
	at org.apache.ibatis.binding.MapperProxy$PlainMethodInvoker.invoke(MapperProxy.java:142)
	at org.apache.ibatis.binding.MapperProxy.invoke(MapperProxy.java:86)
	at jdk.proxy2/jdk.proxy2.$Proxy81.selectByRoleIds(Unknown Source)
	at com.quanxiaoha.xiaohashu.auth.runner.PushRolePermissions2RedisRunner.run(PushRolePermissions2RedisRunner.java:67)
	at org.springframework.boot.SpringApplication.callRunner(SpringApplication.java:758)
	at org.springframework.boot.SpringApplication.callRunners(SpringApplication.java:748)
	at org.springframework.boot.SpringApplication.run(SpringApplication.java:315)
	at org.springframework.boot.SpringApplication.run(SpringApplication.java:1302)
	at org.springframework.boot.SpringApplication.run(SpringApplication.java:1291)
	at com.quanxiaoha.xiaohashu.auth.XiaohashuAuthApplication.main(XiaohashuAuthApplication.java:12)
Caused by: org.apache.ibatis.binding.BindingException: Parameter 'roleIds' not found. Available parameters are [arg0, collection, list]
	at org.apache.ibatis.binding.MapperMethod$ParamMap.get(MapperMethod.java:210)
	at org.apache.ibatis.scripting.xmltags.DynamicContext$ContextAccessor.getProperty(DynamicContext.java:119)
	at org.apache.ibatis.ognl.OgnlRuntime.getProperty(OgnlRuntime.java:3344)
	at org.apache.ibatis.ognl.ASTProperty.getValueBody(ASTProperty.java:121)
	at org.apache.ibatis.ognl.SimpleNode.evaluateGetValueBody(SimpleNode.java:212)
	at org.apache.ibatis.ognl.SimpleNode.getValue(SimpleNode.java:258)
	at org.apache.ibatis.ognl.Ognl.getValue(Ognl.java:586)
	at org.apache.ibatis.ognl.Ognl.getValue(Ognl.java:550)
	at org.apache.ibatis.scripting.xmltags.OgnlCache.getValue(OgnlCache.java:46)
	at org.apache.ibatis.scripting.xmltags.ExpressionEvaluator.evaluateIterable(ExpressionEvaluator.java:54)
	at org.apache.ibatis.scripting.xmltags.ForEachSqlNode.apply(ForEachSqlNode.java:71)
	at org.apache.ibatis.scripting.xmltags.MixedSqlNode.lambda$apply$0(MixedSqlNode.java:32)
	at java.base/java.util.ArrayList.forEach(ArrayList.java:1511)
	at org.apache.ibatis.scripting.xmltags.MixedSqlNode.apply(MixedSqlNode.java:32)
	at org.apache.ibatis.scripting.xmltags.DynamicSqlSource.getBoundSql(DynamicSqlSource.java:39)
	at org.apache.ibatis.mapping.MappedStatement.getBoundSql(MappedStatement.java:320)
	at org.apache.ibatis.executor.CachingExecutor.query(CachingExecutor.java:88)
	at org.apache.ibatis.session.defaults.DefaultSqlSession.selectList(DefaultSqlSession.java:154)
	at org.apache.ibatis.session.defaults.DefaultSqlSession.selectList(DefaultSqlSession.java:147)
	at org.apache.ibatis.session.defaults.DefaultSqlSession.selectList(DefaultSqlSession.java:142)
	at java.base/jdk.internal.reflect.NativeMethodAccessorImpl.invoke0(Native Method)
	at java.base/jdk.internal.reflect.NativeMethodAccessorImpl.invoke(NativeMethodAccessorImpl.java:77)
	at java.base/jdk.internal.reflect.DelegatingMethodAccessorImpl.invoke(DelegatingMethodAccessorImpl.java:43)
	at java.base/java.lang.reflect.Method.invoke(Method.java:568)
	at org.mybatis.spring.SqlSessionTemplate$SqlSessionInterceptor.invoke(SqlSessionTemplate.java:425)
	... 14 common frames omitted
2025-07-24 14:51:24.663 [SpringApplicationShutdownHook] INFO  com.alibaba.druid.pool.DruidDataSource - {dataSource-1} closing ...
2025-07-24 14:51:24.669 [SpringApplicationShutdownHook] INFO  com.alibaba.druid.pool.DruidDataSource - {dataSource-1} closed
2025-07-24 14:51:27.760 [main] INFO  c.q.xiaohashu.auth.XiaohashuAuthApplication - Starting XiaohashuAuthApplication using Java 17.0.15 with PID 51720 (E:\Downloads\Compressed\xiaohashu-5.3节\xiaohashu2\xiaohashu-auth\target\classes started by 50723 in E:\Downloads\Compressed\xiaohashu-5.3节\xiaohashu2)
2025-07-24 14:51:27.761 [main] INFO  c.q.xiaohashu.auth.XiaohashuAuthApplication - The following 1 profile is active: "dev"
2025-07-24 14:51:28.406 [main] INFO  o.s.d.r.config.RepositoryConfigurationDelegate - Multiple Spring Data modules found, entering strict repository configuration mode
2025-07-24 14:51:28.409 [main] INFO  o.s.d.r.config.RepositoryConfigurationDelegate - Bootstrapping Spring Data Redis repositories in DEFAULT mode.
2025-07-24 14:51:28.435 [main] INFO  o.s.d.r.config.RepositoryConfigurationDelegate - Finished Spring Data repository scanning in 13 ms. Found 0 Redis repository interfaces.
2025-07-24 14:51:29.603 [main] INFO  o.s.boot.web.embedded.tomcat.TomcatWebServer - Tomcat initialized with port(s): 8080 (http)
2025-07-24 14:51:29.618 [main] INFO  org.apache.catalina.core.StandardService - Starting service [Tomcat]
2025-07-24 14:51:29.618 [main] INFO  org.apache.catalina.core.StandardEngine - Starting Servlet engine: [Apache Tomcat/10.1.5]
2025-07-24 14:51:29.762 [main] INFO  o.a.c.core.ContainerBase.[Tomcat].[localhost].[/] - Initializing Spring embedded WebApplicationContext
2025-07-24 14:51:29.763 [main] INFO  o.s.b.w.s.c.ServletWebServerApplicationContext - Root WebApplicationContext: initialization completed in 1958 ms
2025-07-24 14:51:29.974 [main] INFO  c.a.d.s.b.a.DruidDataSourceAutoConfigure - Init DruidDataSource
2025-07-24 14:51:30.523 [main] INFO  com.alibaba.druid.pool.DruidDataSource - {dataSource-1} inited
2025-07-24 14:51:32.492 [main] INFO  o.s.boot.web.embedded.tomcat.TomcatWebServer - Tomcat started on port(s): 8080 (http) with context path ''
2025-07-24 14:51:32.505 [main] INFO  c.q.xiaohashu.auth.XiaohashuAuthApplication - Started XiaohashuAuthApplication in 5.365 seconds (process running for 6.253)
2025-07-24 14:51:32.510 [main] INFO  c.q.x.auth.runner.PushRolePermissions2RedisRunner - ==> 服务启动，开始同步角色权限数据到 Redis 中...
2025-07-24 14:51:36.009 [main] DEBUG c.q.x.a.d.mapper.RoleDOMapper.selectEnabledList - ==>  Preparing: select id, role_key, role_name from t_role where status=0 and is_deleted = false
2025-07-24 14:51:36.688 [main] DEBUG c.q.x.a.d.mapper.RoleDOMapper.selectEnabledList - ==> Parameters: 
2025-07-24 14:51:36.837 [main] DEBUG c.q.x.a.d.mapper.RoleDOMapper.selectEnabledList - <==      Total: 2
2025-07-24 14:54:19.423 [main] ERROR c.q.x.auth.runner.PushRolePermissions2RedisRunner - ==> 同步角色权限数据到 Redis 中失败: 
org.mybatis.spring.MyBatisSystemException: null
	at org.mybatis.spring.MyBatisExceptionTranslator.translateExceptionIfPossible(MyBatisExceptionTranslator.java:97)
	at org.mybatis.spring.SqlSessionTemplate$SqlSessionInterceptor.invoke(SqlSessionTemplate.java:439)
	at jdk.proxy2/jdk.proxy2.$Proxy73.selectList(Unknown Source)
	at org.mybatis.spring.SqlSessionTemplate.selectList(SqlSessionTemplate.java:224)
	at org.apache.ibatis.binding.MapperMethod.executeForMany(MapperMethod.java:147)
	at org.apache.ibatis.binding.MapperMethod.execute(MapperMethod.java:80)
	at org.apache.ibatis.binding.MapperProxy$PlainMethodInvoker.invoke(MapperProxy.java:142)
	at org.apache.ibatis.binding.MapperProxy.invoke(MapperProxy.java:86)
	at jdk.proxy2/jdk.proxy2.$Proxy81.selectByRoleIds(Unknown Source)
	at com.quanxiaoha.xiaohashu.auth.runner.PushRolePermissions2RedisRunner.run(PushRolePermissions2RedisRunner.java:67)
	at org.springframework.boot.SpringApplication.callRunner(SpringApplication.java:758)
	at org.springframework.boot.SpringApplication.callRunners(SpringApplication.java:748)
	at org.springframework.boot.SpringApplication.run(SpringApplication.java:315)
	at org.springframework.boot.SpringApplication.run(SpringApplication.java:1302)
	at org.springframework.boot.SpringApplication.run(SpringApplication.java:1291)
	at com.quanxiaoha.xiaohashu.auth.XiaohashuAuthApplication.main(XiaohashuAuthApplication.java:12)
Caused by: org.apache.ibatis.binding.BindingException: Parameter 'roleIds' not found. Available parameters are [arg0, collection, list]
	at org.apache.ibatis.binding.MapperMethod$ParamMap.get(MapperMethod.java:210)
	at org.apache.ibatis.scripting.xmltags.DynamicContext$ContextAccessor.getProperty(DynamicContext.java:119)
	at org.apache.ibatis.ognl.OgnlRuntime.getProperty(OgnlRuntime.java:3344)
	at org.apache.ibatis.ognl.ASTProperty.getValueBody(ASTProperty.java:121)
	at org.apache.ibatis.ognl.SimpleNode.evaluateGetValueBody(SimpleNode.java:212)
	at org.apache.ibatis.ognl.SimpleNode.getValue(SimpleNode.java:258)
	at org.apache.ibatis.ognl.Ognl.getValue(Ognl.java:586)
	at org.apache.ibatis.ognl.Ognl.getValue(Ognl.java:550)
	at org.apache.ibatis.scripting.xmltags.OgnlCache.getValue(OgnlCache.java:46)
	at org.apache.ibatis.scripting.xmltags.ExpressionEvaluator.evaluateIterable(ExpressionEvaluator.java:54)
	at org.apache.ibatis.scripting.xmltags.ForEachSqlNode.apply(ForEachSqlNode.java:71)
	at org.apache.ibatis.scripting.xmltags.MixedSqlNode.lambda$apply$0(MixedSqlNode.java:32)
	at java.base/java.util.ArrayList.forEach(ArrayList.java:1511)
	at org.apache.ibatis.scripting.xmltags.MixedSqlNode.apply(MixedSqlNode.java:32)
	at org.apache.ibatis.scripting.xmltags.DynamicSqlSource.getBoundSql(DynamicSqlSource.java:39)
	at org.apache.ibatis.mapping.MappedStatement.getBoundSql(MappedStatement.java:320)
	at org.apache.ibatis.executor.CachingExecutor.query(CachingExecutor.java:88)
	at org.apache.ibatis.session.defaults.DefaultSqlSession.selectList(DefaultSqlSession.java:154)
	at org.apache.ibatis.session.defaults.DefaultSqlSession.selectList(DefaultSqlSession.java:147)
	at org.apache.ibatis.session.defaults.DefaultSqlSession.selectList(DefaultSqlSession.java:142)
	at java.base/jdk.internal.reflect.NativeMethodAccessorImpl.invoke0(Native Method)
	at java.base/jdk.internal.reflect.NativeMethodAccessorImpl.invoke(NativeMethodAccessorImpl.java:77)
	at java.base/jdk.internal.reflect.DelegatingMethodAccessorImpl.invoke(DelegatingMethodAccessorImpl.java:43)
	at java.base/java.lang.reflect.Method.invoke(Method.java:568)
	at org.mybatis.spring.SqlSessionTemplate$SqlSessionInterceptor.invoke(SqlSessionTemplate.java:425)
	... 14 common frames omitted
2025-07-24 14:54:19.515 [SpringApplicationShutdownHook] INFO  com.alibaba.druid.pool.DruidDataSource - {dataSource-1} closing ...
2025-07-24 14:54:19.521 [SpringApplicationShutdownHook] INFO  com.alibaba.druid.pool.DruidDataSource - {dataSource-1} closed
2025-07-24 14:54:22.374 [main] INFO  c.q.xiaohashu.auth.XiaohashuAuthApplication - Starting XiaohashuAuthApplication using Java 17.0.15 with PID 55900 (E:\Downloads\Compressed\xiaohashu-5.3节\xiaohashu2\xiaohashu-auth\target\classes started by 50723 in E:\Downloads\Compressed\xiaohashu-5.3节\xiaohashu2)
2025-07-24 14:54:22.376 [main] INFO  c.q.xiaohashu.auth.XiaohashuAuthApplication - The following 1 profile is active: "dev"
2025-07-24 14:54:22.939 [main] INFO  o.s.d.r.config.RepositoryConfigurationDelegate - Multiple Spring Data modules found, entering strict repository configuration mode
2025-07-24 14:54:22.942 [main] INFO  o.s.d.r.config.RepositoryConfigurationDelegate - Bootstrapping Spring Data Redis repositories in DEFAULT mode.
2025-07-24 14:54:22.967 [main] INFO  o.s.d.r.config.RepositoryConfigurationDelegate - Finished Spring Data repository scanning in 13 ms. Found 0 Redis repository interfaces.
2025-07-24 14:54:23.600 [main] INFO  o.s.boot.web.embedded.tomcat.TomcatWebServer - Tomcat initialized with port(s): 8080 (http)
2025-07-24 14:54:23.610 [main] INFO  org.apache.catalina.core.StandardService - Starting service [Tomcat]
2025-07-24 14:54:23.610 [main] INFO  org.apache.catalina.core.StandardEngine - Starting Servlet engine: [Apache Tomcat/10.1.5]
2025-07-24 14:54:23.701 [main] INFO  o.a.c.core.ContainerBase.[Tomcat].[localhost].[/] - Initializing Spring embedded WebApplicationContext
2025-07-24 14:54:23.701 [main] INFO  o.s.b.w.s.c.ServletWebServerApplicationContext - Root WebApplicationContext: initialization completed in 1276 ms
2025-07-24 14:54:23.830 [main] INFO  c.a.d.s.b.a.DruidDataSourceAutoConfigure - Init DruidDataSource
2025-07-24 14:54:24.110 [main] INFO  com.alibaba.druid.pool.DruidDataSource - {dataSource-1} inited
2025-07-24 14:54:24.957 [main] INFO  o.s.boot.web.embedded.tomcat.TomcatWebServer - Tomcat started on port(s): 8080 (http) with context path ''
2025-07-24 14:54:24.965 [main] INFO  c.q.xiaohashu.auth.XiaohashuAuthApplication - Started XiaohashuAuthApplication in 3.283 seconds (process running for 4.092)
2025-07-24 14:54:24.966 [main] INFO  c.q.x.auth.runner.PushRolePermissions2RedisRunner - ==> 服务启动，开始同步角色权限数据到 Redis 中...
2025-07-24 14:54:28.308 [main] DEBUG c.q.x.a.d.mapper.RoleDOMapper.selectEnabledList - ==>  Preparing: select * from t_role where status=0 and is_deleted = false
2025-07-24 14:54:28.923 [main] DEBUG c.q.x.a.d.mapper.RoleDOMapper.selectEnabledList - ==> Parameters: 
2025-07-24 14:54:29.064 [main] DEBUG c.q.x.a.d.mapper.RoleDOMapper.selectEnabledList - <==      Total: 2
2025-07-24 14:55:42.891 [main] ERROR c.q.x.auth.runner.PushRolePermissions2RedisRunner - ==> 同步角色权限数据到 Redis 中失败: 
org.mybatis.spring.MyBatisSystemException: null
	at org.mybatis.spring.MyBatisExceptionTranslator.translateExceptionIfPossible(MyBatisExceptionTranslator.java:97)
	at org.mybatis.spring.SqlSessionTemplate$SqlSessionInterceptor.invoke(SqlSessionTemplate.java:439)
	at jdk.proxy2/jdk.proxy2.$Proxy73.selectList(Unknown Source)
	at org.mybatis.spring.SqlSessionTemplate.selectList(SqlSessionTemplate.java:224)
	at org.apache.ibatis.binding.MapperMethod.executeForMany(MapperMethod.java:147)
	at org.apache.ibatis.binding.MapperMethod.execute(MapperMethod.java:80)
	at org.apache.ibatis.binding.MapperProxy$PlainMethodInvoker.invoke(MapperProxy.java:142)
	at org.apache.ibatis.binding.MapperProxy.invoke(MapperProxy.java:86)
	at jdk.proxy2/jdk.proxy2.$Proxy81.selectByRoleIds(Unknown Source)
	at com.quanxiaoha.xiaohashu.auth.runner.PushRolePermissions2RedisRunner.run(PushRolePermissions2RedisRunner.java:67)
	at org.springframework.boot.SpringApplication.callRunner(SpringApplication.java:758)
	at org.springframework.boot.SpringApplication.callRunners(SpringApplication.java:748)
	at org.springframework.boot.SpringApplication.run(SpringApplication.java:315)
	at org.springframework.boot.SpringApplication.run(SpringApplication.java:1302)
	at org.springframework.boot.SpringApplication.run(SpringApplication.java:1291)
	at com.quanxiaoha.xiaohashu.auth.XiaohashuAuthApplication.main(XiaohashuAuthApplication.java:12)
Caused by: org.apache.ibatis.binding.BindingException: Parameter 'roleIds' not found. Available parameters are [arg0, collection, list]
	at org.apache.ibatis.binding.MapperMethod$ParamMap.get(MapperMethod.java:210)
	at org.apache.ibatis.scripting.xmltags.DynamicContext$ContextAccessor.getProperty(DynamicContext.java:119)
	at org.apache.ibatis.ognl.OgnlRuntime.getProperty(OgnlRuntime.java:3344)
	at org.apache.ibatis.ognl.ASTProperty.getValueBody(ASTProperty.java:121)
	at org.apache.ibatis.ognl.SimpleNode.evaluateGetValueBody(SimpleNode.java:212)
	at org.apache.ibatis.ognl.SimpleNode.getValue(SimpleNode.java:258)
	at org.apache.ibatis.ognl.Ognl.getValue(Ognl.java:586)
	at org.apache.ibatis.ognl.Ognl.getValue(Ognl.java:550)
	at org.apache.ibatis.scripting.xmltags.OgnlCache.getValue(OgnlCache.java:46)
	at org.apache.ibatis.scripting.xmltags.ExpressionEvaluator.evaluateIterable(ExpressionEvaluator.java:54)
	at org.apache.ibatis.scripting.xmltags.ForEachSqlNode.apply(ForEachSqlNode.java:71)
	at org.apache.ibatis.scripting.xmltags.MixedSqlNode.lambda$apply$0(MixedSqlNode.java:32)
	at java.base/java.util.ArrayList.forEach(ArrayList.java:1511)
	at org.apache.ibatis.scripting.xmltags.MixedSqlNode.apply(MixedSqlNode.java:32)
	at org.apache.ibatis.scripting.xmltags.DynamicSqlSource.getBoundSql(DynamicSqlSource.java:39)
	at org.apache.ibatis.mapping.MappedStatement.getBoundSql(MappedStatement.java:320)
	at org.apache.ibatis.executor.CachingExecutor.query(CachingExecutor.java:88)
	at org.apache.ibatis.session.defaults.DefaultSqlSession.selectList(DefaultSqlSession.java:154)
	at org.apache.ibatis.session.defaults.DefaultSqlSession.selectList(DefaultSqlSession.java:147)
	at org.apache.ibatis.session.defaults.DefaultSqlSession.selectList(DefaultSqlSession.java:142)
	at java.base/jdk.internal.reflect.NativeMethodAccessorImpl.invoke0(Native Method)
	at java.base/jdk.internal.reflect.NativeMethodAccessorImpl.invoke(NativeMethodAccessorImpl.java:77)
	at java.base/jdk.internal.reflect.DelegatingMethodAccessorImpl.invoke(DelegatingMethodAccessorImpl.java:43)
	at java.base/java.lang.reflect.Method.invoke(Method.java:568)
	at org.mybatis.spring.SqlSessionTemplate$SqlSessionInterceptor.invoke(SqlSessionTemplate.java:425)
	... 14 common frames omitted
2025-07-24 14:55:42.971 [SpringApplicationShutdownHook] INFO  com.alibaba.druid.pool.DruidDataSource - {dataSource-1} closing ...
2025-07-24 14:55:42.978 [SpringApplicationShutdownHook] INFO  com.alibaba.druid.pool.DruidDataSource - {dataSource-1} closed
2025-07-24 15:04:51.949 [main] INFO  c.q.xiaohashu.auth.XiaohashuAuthApplication - Starting XiaohashuAuthApplication using Java 17.0.15 with PID 25408 (E:\Downloads\Compressed\xiaohashu-5.3节\xiaohashu2\xiaohashu-auth\target\classes started by 50723 in E:\Downloads\Compressed\xiaohashu-5.3节\xiaohashu2)
2025-07-24 15:04:51.953 [main] INFO  c.q.xiaohashu.auth.XiaohashuAuthApplication - The following 1 profile is active: "dev"
2025-07-24 15:04:52.575 [main] INFO  o.s.d.r.config.RepositoryConfigurationDelegate - Multiple Spring Data modules found, entering strict repository configuration mode
2025-07-24 15:04:52.578 [main] INFO  o.s.d.r.config.RepositoryConfigurationDelegate - Bootstrapping Spring Data Redis repositories in DEFAULT mode.
2025-07-24 15:04:52.604 [main] INFO  o.s.d.r.config.RepositoryConfigurationDelegate - Finished Spring Data repository scanning in 12 ms. Found 0 Redis repository interfaces.
2025-07-24 15:04:53.205 [main] INFO  o.s.boot.web.embedded.tomcat.TomcatWebServer - Tomcat initialized with port(s): 8080 (http)
2025-07-24 15:04:53.213 [main] INFO  org.apache.catalina.core.StandardService - Starting service [Tomcat]
2025-07-24 15:04:53.214 [main] INFO  org.apache.catalina.core.StandardEngine - Starting Servlet engine: [Apache Tomcat/10.1.5]
2025-07-24 15:04:53.299 [main] INFO  o.a.c.core.ContainerBase.[Tomcat].[localhost].[/] - Initializing Spring embedded WebApplicationContext
2025-07-24 15:04:53.300 [main] INFO  o.s.b.w.s.c.ServletWebServerApplicationContext - Root WebApplicationContext: initialization completed in 1296 ms
2025-07-24 15:04:53.400 [main] INFO  c.a.d.s.b.a.DruidDataSourceAutoConfigure - Init DruidDataSource
2025-07-24 15:04:53.662 [main] INFO  com.alibaba.druid.pool.DruidDataSource - {dataSource-1} inited
2025-07-24 15:04:54.791 [main] INFO  o.s.boot.web.embedded.tomcat.TomcatWebServer - Tomcat started on port(s): 8080 (http) with context path ''
2025-07-24 15:04:54.798 [main] INFO  c.q.xiaohashu.auth.XiaohashuAuthApplication - Started XiaohashuAuthApplication in 3.424 seconds (process running for 3.872)
2025-07-24 15:04:54.799 [main] INFO  c.q.x.auth.runner.PushRolePermissions2RedisRunner - ==> 服务启动，开始同步角色权限数据到 Redis 中...
2025-07-24 15:04:55.147 [main] DEBUG c.q.x.a.d.mapper.RoleDOMapper.selectEnabledList - ==>  Preparing: select id, role_key, role_name from t_role where status=0 and is_deleted = false
2025-07-24 15:04:55.272 [main] DEBUG c.q.x.a.d.mapper.RoleDOMapper.selectEnabledList - ==> Parameters: 
2025-07-24 15:04:55.288 [main] DEBUG c.q.x.a.d.mapper.RoleDOMapper.selectEnabledList - <==      Total: 2
2025-07-24 15:04:55.306 [main] ERROR c.q.x.auth.runner.PushRolePermissions2RedisRunner - ==> 同步角色权限数据到 Redis 中失败: 
org.mybatis.spring.MyBatisSystemException: null
	at org.mybatis.spring.MyBatisExceptionTranslator.translateExceptionIfPossible(MyBatisExceptionTranslator.java:97)
	at org.mybatis.spring.SqlSessionTemplate$SqlSessionInterceptor.invoke(SqlSessionTemplate.java:439)
	at jdk.proxy2/jdk.proxy2.$Proxy74.selectList(Unknown Source)
	at org.mybatis.spring.SqlSessionTemplate.selectList(SqlSessionTemplate.java:224)
	at org.apache.ibatis.binding.MapperMethod.executeForMany(MapperMethod.java:147)
	at org.apache.ibatis.binding.MapperMethod.execute(MapperMethod.java:80)
	at org.apache.ibatis.binding.MapperProxy$PlainMethodInvoker.invoke(MapperProxy.java:142)
	at org.apache.ibatis.binding.MapperProxy.invoke(MapperProxy.java:86)
	at jdk.proxy2/jdk.proxy2.$Proxy82.selectByRoleIds(Unknown Source)
	at com.quanxiaoha.xiaohashu.auth.runner.PushRolePermissions2RedisRunner.run(PushRolePermissions2RedisRunner.java:67)
	at org.springframework.boot.SpringApplication.callRunner(SpringApplication.java:758)
	at org.springframework.boot.SpringApplication.callRunners(SpringApplication.java:748)
	at org.springframework.boot.SpringApplication.run(SpringApplication.java:315)
	at org.springframework.boot.SpringApplication.run(SpringApplication.java:1302)
	at org.springframework.boot.SpringApplication.run(SpringApplication.java:1291)
	at com.quanxiaoha.xiaohashu.auth.XiaohashuAuthApplication.main(XiaohashuAuthApplication.java:12)
Caused by: org.apache.ibatis.binding.BindingException: Parameter 'roleIds' not found. Available parameters are [arg0, collection, list]
	at org.apache.ibatis.binding.MapperMethod$ParamMap.get(MapperMethod.java:210)
	at org.apache.ibatis.scripting.xmltags.DynamicContext$ContextAccessor.getProperty(DynamicContext.java:119)
	at org.apache.ibatis.ognl.OgnlRuntime.getProperty(OgnlRuntime.java:3344)
	at org.apache.ibatis.ognl.ASTProperty.getValueBody(ASTProperty.java:121)
	at org.apache.ibatis.ognl.SimpleNode.evaluateGetValueBody(SimpleNode.java:212)
	at org.apache.ibatis.ognl.SimpleNode.getValue(SimpleNode.java:258)
	at org.apache.ibatis.ognl.Ognl.getValue(Ognl.java:586)
	at org.apache.ibatis.ognl.Ognl.getValue(Ognl.java:550)
	at org.apache.ibatis.scripting.xmltags.OgnlCache.getValue(OgnlCache.java:46)
	at org.apache.ibatis.scripting.xmltags.ExpressionEvaluator.evaluateIterable(ExpressionEvaluator.java:54)
	at org.apache.ibatis.scripting.xmltags.ForEachSqlNode.apply(ForEachSqlNode.java:71)
	at org.apache.ibatis.scripting.xmltags.MixedSqlNode.lambda$apply$0(MixedSqlNode.java:32)
	at java.base/java.util.ArrayList.forEach(ArrayList.java:1511)
	at org.apache.ibatis.scripting.xmltags.MixedSqlNode.apply(MixedSqlNode.java:32)
	at org.apache.ibatis.scripting.xmltags.DynamicSqlSource.getBoundSql(DynamicSqlSource.java:39)
	at org.apache.ibatis.mapping.MappedStatement.getBoundSql(MappedStatement.java:320)
	at org.apache.ibatis.executor.CachingExecutor.query(CachingExecutor.java:88)
	at org.apache.ibatis.session.defaults.DefaultSqlSession.selectList(DefaultSqlSession.java:154)
	at org.apache.ibatis.session.defaults.DefaultSqlSession.selectList(DefaultSqlSession.java:147)
	at org.apache.ibatis.session.defaults.DefaultSqlSession.selectList(DefaultSqlSession.java:142)
	at java.base/jdk.internal.reflect.NativeMethodAccessorImpl.invoke0(Native Method)
	at java.base/jdk.internal.reflect.NativeMethodAccessorImpl.invoke(NativeMethodAccessorImpl.java:77)
	at java.base/jdk.internal.reflect.DelegatingMethodAccessorImpl.invoke(DelegatingMethodAccessorImpl.java:43)
	at java.base/java.lang.reflect.Method.invoke(Method.java:568)
	at org.mybatis.spring.SqlSessionTemplate$SqlSessionInterceptor.invoke(SqlSessionTemplate.java:425)
	... 14 common frames omitted
2025-07-24 15:05:20.916 [SpringApplicationShutdownHook] INFO  com.alibaba.druid.pool.DruidDataSource - {dataSource-1} closing ...
2025-07-24 15:05:20.922 [SpringApplicationShutdownHook] INFO  com.alibaba.druid.pool.DruidDataSource - {dataSource-1} closed
2025-07-24 15:05:23.718 [main] INFO  c.q.xiaohashu.auth.XiaohashuAuthApplication - Starting XiaohashuAuthApplication using Java 17.0.15 with PID 39196 (E:\Downloads\Compressed\xiaohashu-5.3节\xiaohashu2\xiaohashu-auth\target\classes started by 50723 in E:\Downloads\Compressed\xiaohashu-5.3节\xiaohashu2)
2025-07-24 15:05:23.719 [main] INFO  c.q.xiaohashu.auth.XiaohashuAuthApplication - The following 1 profile is active: "dev"
2025-07-24 15:05:24.300 [main] INFO  o.s.d.r.config.RepositoryConfigurationDelegate - Multiple Spring Data modules found, entering strict repository configuration mode
2025-07-24 15:05:24.303 [main] INFO  o.s.d.r.config.RepositoryConfigurationDelegate - Bootstrapping Spring Data Redis repositories in DEFAULT mode.
2025-07-24 15:05:24.338 [main] INFO  o.s.d.r.config.RepositoryConfigurationDelegate - Finished Spring Data repository scanning in 19 ms. Found 0 Redis repository interfaces.
2025-07-24 15:05:25.022 [main] INFO  o.s.boot.web.embedded.tomcat.TomcatWebServer - Tomcat initialized with port(s): 8080 (http)
2025-07-24 15:05:25.030 [main] INFO  org.apache.catalina.core.StandardService - Starting service [Tomcat]
2025-07-24 15:05:25.030 [main] INFO  org.apache.catalina.core.StandardEngine - Starting Servlet engine: [Apache Tomcat/10.1.5]
2025-07-24 15:05:25.117 [main] INFO  o.a.c.core.ContainerBase.[Tomcat].[localhost].[/] - Initializing Spring embedded WebApplicationContext
2025-07-24 15:05:25.117 [main] INFO  o.s.b.w.s.c.ServletWebServerApplicationContext - Root WebApplicationContext: initialization completed in 1356 ms
2025-07-24 15:05:25.229 [main] INFO  c.a.d.s.b.a.DruidDataSourceAutoConfigure - Init DruidDataSource
2025-07-24 15:05:25.507 [main] INFO  com.alibaba.druid.pool.DruidDataSource - {dataSource-1} inited
2025-07-24 15:05:26.366 [main] INFO  o.s.boot.web.embedded.tomcat.TomcatWebServer - Tomcat started on port(s): 8080 (http) with context path ''
2025-07-24 15:05:26.373 [main] INFO  c.q.xiaohashu.auth.XiaohashuAuthApplication - Started XiaohashuAuthApplication in 3.309 seconds (process running for 4.212)
2025-07-24 15:05:26.374 [main] INFO  c.q.x.auth.runner.PushRolePermissions2RedisRunner - ==> 服务启动，开始同步角色权限数据到 Redis 中...
2025-07-24 15:05:32.031 [main] DEBUG c.q.x.a.d.mapper.RoleDOMapper.selectEnabledList - ==>  Preparing: select id, role_key, role_name from t_role where status=0 and is_deleted = false
2025-07-24 15:05:32.642 [main] DEBUG c.q.x.a.d.mapper.RoleDOMapper.selectEnabledList - ==> Parameters: 
2025-07-24 15:05:32.780 [main] DEBUG c.q.x.a.d.mapper.RoleDOMapper.selectEnabledList - <==      Total: 2
2025-07-24 15:06:11.054 [main] ERROR c.q.x.auth.runner.PushRolePermissions2RedisRunner - ==> 同步角色权限数据到 Redis 中失败: 
org.mybatis.spring.MyBatisSystemException: null
	at org.mybatis.spring.MyBatisExceptionTranslator.translateExceptionIfPossible(MyBatisExceptionTranslator.java:97)
	at org.mybatis.spring.SqlSessionTemplate$SqlSessionInterceptor.invoke(SqlSessionTemplate.java:439)
	at jdk.proxy2/jdk.proxy2.$Proxy74.selectList(Unknown Source)
	at org.mybatis.spring.SqlSessionTemplate.selectList(SqlSessionTemplate.java:224)
	at org.apache.ibatis.binding.MapperMethod.executeForMany(MapperMethod.java:147)
	at org.apache.ibatis.binding.MapperMethod.execute(MapperMethod.java:80)
	at org.apache.ibatis.binding.MapperProxy$PlainMethodInvoker.invoke(MapperProxy.java:142)
	at org.apache.ibatis.binding.MapperProxy.invoke(MapperProxy.java:86)
	at jdk.proxy2/jdk.proxy2.$Proxy82.selectByRoleIds(Unknown Source)
	at com.quanxiaoha.xiaohashu.auth.runner.PushRolePermissions2RedisRunner.run(PushRolePermissions2RedisRunner.java:67)
	at org.springframework.boot.SpringApplication.callRunner(SpringApplication.java:758)
	at org.springframework.boot.SpringApplication.callRunners(SpringApplication.java:748)
	at org.springframework.boot.SpringApplication.run(SpringApplication.java:315)
	at org.springframework.boot.SpringApplication.run(SpringApplication.java:1302)
	at org.springframework.boot.SpringApplication.run(SpringApplication.java:1291)
	at com.quanxiaoha.xiaohashu.auth.XiaohashuAuthApplication.main(XiaohashuAuthApplication.java:12)
Caused by: org.apache.ibatis.binding.BindingException: Parameter 'roleIds' not found. Available parameters are [arg0, collection, list]
	at org.apache.ibatis.binding.MapperMethod$ParamMap.get(MapperMethod.java:210)
	at org.apache.ibatis.scripting.xmltags.DynamicContext$ContextAccessor.getProperty(DynamicContext.java:119)
	at org.apache.ibatis.ognl.OgnlRuntime.getProperty(OgnlRuntime.java:3344)
	at org.apache.ibatis.ognl.ASTProperty.getValueBody(ASTProperty.java:121)
	at org.apache.ibatis.ognl.SimpleNode.evaluateGetValueBody(SimpleNode.java:212)
	at org.apache.ibatis.ognl.SimpleNode.getValue(SimpleNode.java:258)
	at org.apache.ibatis.ognl.Ognl.getValue(Ognl.java:586)
	at org.apache.ibatis.ognl.Ognl.getValue(Ognl.java:550)
	at org.apache.ibatis.scripting.xmltags.OgnlCache.getValue(OgnlCache.java:46)
	at org.apache.ibatis.scripting.xmltags.ExpressionEvaluator.evaluateIterable(ExpressionEvaluator.java:54)
	at org.apache.ibatis.scripting.xmltags.ForEachSqlNode.apply(ForEachSqlNode.java:71)
	at org.apache.ibatis.scripting.xmltags.MixedSqlNode.lambda$apply$0(MixedSqlNode.java:32)
	at java.base/java.util.ArrayList.forEach(ArrayList.java:1511)
	at org.apache.ibatis.scripting.xmltags.MixedSqlNode.apply(MixedSqlNode.java:32)
	at org.apache.ibatis.scripting.xmltags.DynamicSqlSource.getBoundSql(DynamicSqlSource.java:39)
	at org.apache.ibatis.mapping.MappedStatement.getBoundSql(MappedStatement.java:320)
	at org.apache.ibatis.executor.CachingExecutor.query(CachingExecutor.java:88)
	at org.apache.ibatis.session.defaults.DefaultSqlSession.selectList(DefaultSqlSession.java:154)
	at org.apache.ibatis.session.defaults.DefaultSqlSession.selectList(DefaultSqlSession.java:147)
	at org.apache.ibatis.session.defaults.DefaultSqlSession.selectList(DefaultSqlSession.java:142)
	at java.base/jdk.internal.reflect.NativeMethodAccessorImpl.invoke0(Native Method)
	at java.base/jdk.internal.reflect.NativeMethodAccessorImpl.invoke(NativeMethodAccessorImpl.java:77)
	at java.base/jdk.internal.reflect.DelegatingMethodAccessorImpl.invoke(DelegatingMethodAccessorImpl.java:43)
	at java.base/java.lang.reflect.Method.invoke(Method.java:568)
	at org.mybatis.spring.SqlSessionTemplate$SqlSessionInterceptor.invoke(SqlSessionTemplate.java:425)
	... 14 common frames omitted
2025-07-24 15:06:21.826 [SpringApplicationShutdownHook] INFO  com.alibaba.druid.pool.DruidDataSource - {dataSource-1} closing ...
2025-07-24 15:06:21.833 [SpringApplicationShutdownHook] INFO  com.alibaba.druid.pool.DruidDataSource - {dataSource-1} closed
2025-07-24 15:06:24.511 [main] INFO  c.q.xiaohashu.auth.XiaohashuAuthApplication - Starting XiaohashuAuthApplication using Java 17.0.15 with PID 39660 (E:\Downloads\Compressed\xiaohashu-5.3节\xiaohashu2\xiaohashu-auth\target\classes started by 50723 in E:\Downloads\Compressed\xiaohashu-5.3节\xiaohashu2)
2025-07-24 15:06:24.512 [main] INFO  c.q.xiaohashu.auth.XiaohashuAuthApplication - The following 1 profile is active: "dev"
2025-07-24 15:06:25.093 [main] INFO  o.s.d.r.config.RepositoryConfigurationDelegate - Multiple Spring Data modules found, entering strict repository configuration mode
2025-07-24 15:06:25.095 [main] INFO  o.s.d.r.config.RepositoryConfigurationDelegate - Bootstrapping Spring Data Redis repositories in DEFAULT mode.
2025-07-24 15:06:25.120 [main] INFO  o.s.d.r.config.RepositoryConfigurationDelegate - Finished Spring Data repository scanning in 12 ms. Found 0 Redis repository interfaces.
2025-07-24 15:06:25.747 [main] INFO  o.s.boot.web.embedded.tomcat.TomcatWebServer - Tomcat initialized with port(s): 8080 (http)
2025-07-24 15:06:25.757 [main] INFO  org.apache.catalina.core.StandardService - Starting service [Tomcat]
2025-07-24 15:06:25.757 [main] INFO  org.apache.catalina.core.StandardEngine - Starting Servlet engine: [Apache Tomcat/10.1.5]
2025-07-24 15:06:25.842 [main] INFO  o.a.c.core.ContainerBase.[Tomcat].[localhost].[/] - Initializing Spring embedded WebApplicationContext
2025-07-24 15:06:25.842 [main] INFO  o.s.b.w.s.c.ServletWebServerApplicationContext - Root WebApplicationContext: initialization completed in 1288 ms
2025-07-24 15:06:25.986 [main] INFO  c.a.d.s.b.a.DruidDataSourceAutoConfigure - Init DruidDataSource
2025-07-24 15:06:26.277 [main] INFO  com.alibaba.druid.pool.DruidDataSource - {dataSource-1} inited
2025-07-24 15:06:27.115 [main] INFO  o.s.boot.web.embedded.tomcat.TomcatWebServer - Tomcat started on port(s): 8080 (http) with context path ''
2025-07-24 15:06:27.122 [main] INFO  c.q.xiaohashu.auth.XiaohashuAuthApplication - Started XiaohashuAuthApplication in 3.282 seconds (process running for 4.129)
2025-07-24 15:06:27.124 [main] INFO  c.q.x.auth.runner.PushRolePermissions2RedisRunner - ==> 服务启动，开始同步角色权限数据到 Redis 中...
2025-07-24 15:06:28.458 [main] DEBUG c.q.x.a.d.mapper.RoleDOMapper.selectEnabledList - ==>  Preparing: select id, role_key, role_name from t_role where status=0 and is_deleted = false
2025-07-24 15:06:29.074 [main] DEBUG c.q.x.a.d.mapper.RoleDOMapper.selectEnabledList - ==> Parameters: 
2025-07-24 15:06:29.214 [main] DEBUG c.q.x.a.d.mapper.RoleDOMapper.selectEnabledList - <==      Total: 2
2025-07-24 15:06:54.172 [main] ERROR c.q.x.auth.runner.PushRolePermissions2RedisRunner - ==> 同步角色权限数据到 Redis 中失败: 
org.mybatis.spring.MyBatisSystemException: null
	at org.mybatis.spring.MyBatisExceptionTranslator.translateExceptionIfPossible(MyBatisExceptionTranslator.java:97)
	at org.mybatis.spring.SqlSessionTemplate$SqlSessionInterceptor.invoke(SqlSessionTemplate.java:439)
	at jdk.proxy2/jdk.proxy2.$Proxy74.selectList(Unknown Source)
	at org.mybatis.spring.SqlSessionTemplate.selectList(SqlSessionTemplate.java:224)
	at org.apache.ibatis.binding.MapperMethod.executeForMany(MapperMethod.java:147)
	at org.apache.ibatis.binding.MapperMethod.execute(MapperMethod.java:80)
	at org.apache.ibatis.binding.MapperProxy$PlainMethodInvoker.invoke(MapperProxy.java:142)
	at org.apache.ibatis.binding.MapperProxy.invoke(MapperProxy.java:86)
	at jdk.proxy2/jdk.proxy2.$Proxy82.selectByRoleIds(Unknown Source)
	at com.quanxiaoha.xiaohashu.auth.runner.PushRolePermissions2RedisRunner.run(PushRolePermissions2RedisRunner.java:67)
	at org.springframework.boot.SpringApplication.callRunner(SpringApplication.java:758)
	at org.springframework.boot.SpringApplication.callRunners(SpringApplication.java:748)
	at org.springframework.boot.SpringApplication.run(SpringApplication.java:315)
	at org.springframework.boot.SpringApplication.run(SpringApplication.java:1302)
	at org.springframework.boot.SpringApplication.run(SpringApplication.java:1291)
	at com.quanxiaoha.xiaohashu.auth.XiaohashuAuthApplication.main(XiaohashuAuthApplication.java:12)
Caused by: org.apache.ibatis.binding.BindingException: Parameter 'roleIds' not found. Available parameters are [arg0, collection, list]
	at org.apache.ibatis.binding.MapperMethod$ParamMap.get(MapperMethod.java:210)
	at org.apache.ibatis.scripting.xmltags.DynamicContext$ContextAccessor.getProperty(DynamicContext.java:119)
	at org.apache.ibatis.ognl.OgnlRuntime.getProperty(OgnlRuntime.java:3344)
	at org.apache.ibatis.ognl.ASTProperty.getValueBody(ASTProperty.java:121)
	at org.apache.ibatis.ognl.SimpleNode.evaluateGetValueBody(SimpleNode.java:212)
	at org.apache.ibatis.ognl.SimpleNode.getValue(SimpleNode.java:258)
	at org.apache.ibatis.ognl.Ognl.getValue(Ognl.java:586)
	at org.apache.ibatis.ognl.Ognl.getValue(Ognl.java:550)
	at org.apache.ibatis.scripting.xmltags.OgnlCache.getValue(OgnlCache.java:46)
	at org.apache.ibatis.scripting.xmltags.ExpressionEvaluator.evaluateIterable(ExpressionEvaluator.java:54)
	at org.apache.ibatis.scripting.xmltags.ForEachSqlNode.apply(ForEachSqlNode.java:71)
	at org.apache.ibatis.scripting.xmltags.MixedSqlNode.lambda$apply$0(MixedSqlNode.java:32)
	at java.base/java.util.ArrayList.forEach(ArrayList.java:1511)
	at org.apache.ibatis.scripting.xmltags.MixedSqlNode.apply(MixedSqlNode.java:32)
	at org.apache.ibatis.scripting.xmltags.DynamicSqlSource.getBoundSql(DynamicSqlSource.java:39)
	at org.apache.ibatis.mapping.MappedStatement.getBoundSql(MappedStatement.java:320)
	at org.apache.ibatis.executor.CachingExecutor.query(CachingExecutor.java:88)
	at org.apache.ibatis.session.defaults.DefaultSqlSession.selectList(DefaultSqlSession.java:154)
	at org.apache.ibatis.session.defaults.DefaultSqlSession.selectList(DefaultSqlSession.java:147)
	at org.apache.ibatis.session.defaults.DefaultSqlSession.selectList(DefaultSqlSession.java:142)
	at java.base/jdk.internal.reflect.NativeMethodAccessorImpl.invoke0(Native Method)
	at java.base/jdk.internal.reflect.NativeMethodAccessorImpl.invoke(NativeMethodAccessorImpl.java:77)
	at java.base/jdk.internal.reflect.DelegatingMethodAccessorImpl.invoke(DelegatingMethodAccessorImpl.java:43)
	at java.base/java.lang.reflect.Method.invoke(Method.java:568)
	at org.mybatis.spring.SqlSessionTemplate$SqlSessionInterceptor.invoke(SqlSessionTemplate.java:425)
	... 14 common frames omitted
2025-07-24 15:12:04.396 [SpringApplicationShutdownHook] INFO  com.alibaba.druid.pool.DruidDataSource - {dataSource-1} closing ...
2025-07-24 15:12:04.402 [SpringApplicationShutdownHook] INFO  com.alibaba.druid.pool.DruidDataSource - {dataSource-1} closed
2025-07-24 15:12:06.868 [main] INFO  c.q.xiaohashu.auth.XiaohashuAuthApplication - Starting XiaohashuAuthApplication using Java 17.0.15 with PID 59072 (E:\Downloads\Compressed\xiaohashu-5.3节\xiaohashu2\xiaohashu-auth\target\classes started by 50723 in E:\Downloads\Compressed\xiaohashu-5.3节\xiaohashu2)
2025-07-24 15:12:06.869 [main] INFO  c.q.xiaohashu.auth.XiaohashuAuthApplication - The following 1 profile is active: "dev"
2025-07-24 15:12:07.472 [main] INFO  o.s.d.r.config.RepositoryConfigurationDelegate - Multiple Spring Data modules found, entering strict repository configuration mode
2025-07-24 15:12:07.475 [main] INFO  o.s.d.r.config.RepositoryConfigurationDelegate - Bootstrapping Spring Data Redis repositories in DEFAULT mode.
2025-07-24 15:12:07.503 [main] INFO  o.s.d.r.config.RepositoryConfigurationDelegate - Finished Spring Data repository scanning in 12 ms. Found 0 Redis repository interfaces.
2025-07-24 15:12:08.143 [main] INFO  o.s.boot.web.embedded.tomcat.TomcatWebServer - Tomcat initialized with port(s): 8080 (http)
2025-07-24 15:12:08.152 [main] INFO  org.apache.catalina.core.StandardService - Starting service [Tomcat]
2025-07-24 15:12:08.152 [main] INFO  org.apache.catalina.core.StandardEngine - Starting Servlet engine: [Apache Tomcat/10.1.5]
2025-07-24 15:12:08.235 [main] INFO  o.a.c.core.ContainerBase.[Tomcat].[localhost].[/] - Initializing Spring embedded WebApplicationContext
2025-07-24 15:12:08.235 [main] INFO  o.s.b.w.s.c.ServletWebServerApplicationContext - Root WebApplicationContext: initialization completed in 1326 ms
2025-07-24 15:12:08.347 [main] INFO  c.a.d.s.b.a.DruidDataSourceAutoConfigure - Init DruidDataSource
2025-07-24 15:12:08.629 [main] INFO  com.alibaba.druid.pool.DruidDataSource - {dataSource-1} inited
2025-07-24 15:12:09.480 [main] INFO  o.s.boot.web.embedded.tomcat.TomcatWebServer - Tomcat started on port(s): 8080 (http) with context path ''
2025-07-24 15:12:09.487 [main] INFO  c.q.xiaohashu.auth.XiaohashuAuthApplication - Started XiaohashuAuthApplication in 3.189 seconds (process running for 3.995)
2025-07-24 15:12:09.489 [main] INFO  c.q.x.auth.runner.PushRolePermissions2RedisRunner - ==> 服务启动，开始同步角色权限数据到 Redis 中...
2025-07-24 15:12:12.103 [main] DEBUG c.q.x.a.d.mapper.RoleDOMapper.selectEnabledList - ==>  Preparing: select id, role_key, role_name from t_role where status=0 and is_deleted = false
2025-07-24 15:12:12.224 [main] DEBUG c.q.x.a.d.mapper.RoleDOMapper.selectEnabledList - ==> Parameters: 
2025-07-24 15:12:12.251 [main] DEBUG c.q.x.a.d.mapper.RoleDOMapper.selectEnabledList - <==      Total: 2
2025-07-24 15:12:12.268 [main] ERROR c.q.x.auth.runner.PushRolePermissions2RedisRunner - ==> 同步角色权限数据到 Redis 中失败: 
org.mybatis.spring.MyBatisSystemException: null
	at org.mybatis.spring.MyBatisExceptionTranslator.translateExceptionIfPossible(MyBatisExceptionTranslator.java:97)
	at org.mybatis.spring.SqlSessionTemplate$SqlSessionInterceptor.invoke(SqlSessionTemplate.java:439)
	at jdk.proxy2/jdk.proxy2.$Proxy74.selectList(Unknown Source)
	at org.mybatis.spring.SqlSessionTemplate.selectList(SqlSessionTemplate.java:224)
	at org.apache.ibatis.binding.MapperMethod.executeForMany(MapperMethod.java:147)
	at org.apache.ibatis.binding.MapperMethod.execute(MapperMethod.java:80)
	at org.apache.ibatis.binding.MapperProxy$PlainMethodInvoker.invoke(MapperProxy.java:142)
	at org.apache.ibatis.binding.MapperProxy.invoke(MapperProxy.java:86)
	at jdk.proxy2/jdk.proxy2.$Proxy82.selectByRoleIds(Unknown Source)
	at com.quanxiaoha.xiaohashu.auth.runner.PushRolePermissions2RedisRunner.run(PushRolePermissions2RedisRunner.java:67)
	at org.springframework.boot.SpringApplication.callRunner(SpringApplication.java:758)
	at org.springframework.boot.SpringApplication.callRunners(SpringApplication.java:748)
	at org.springframework.boot.SpringApplication.run(SpringApplication.java:315)
	at org.springframework.boot.SpringApplication.run(SpringApplication.java:1302)
	at org.springframework.boot.SpringApplication.run(SpringApplication.java:1291)
	at com.quanxiaoha.xiaohashu.auth.XiaohashuAuthApplication.main(XiaohashuAuthApplication.java:12)
Caused by: org.apache.ibatis.binding.BindingException: Parameter 'roleIds' not found. Available parameters are [arg0, collection, list]
	at org.apache.ibatis.binding.MapperMethod$ParamMap.get(MapperMethod.java:210)
	at org.apache.ibatis.scripting.xmltags.DynamicContext$ContextAccessor.getProperty(DynamicContext.java:119)
	at org.apache.ibatis.ognl.OgnlRuntime.getProperty(OgnlRuntime.java:3344)
	at org.apache.ibatis.ognl.ASTProperty.getValueBody(ASTProperty.java:121)
	at org.apache.ibatis.ognl.SimpleNode.evaluateGetValueBody(SimpleNode.java:212)
	at org.apache.ibatis.ognl.SimpleNode.getValue(SimpleNode.java:258)
	at org.apache.ibatis.ognl.Ognl.getValue(Ognl.java:586)
	at org.apache.ibatis.ognl.Ognl.getValue(Ognl.java:550)
	at org.apache.ibatis.scripting.xmltags.OgnlCache.getValue(OgnlCache.java:46)
	at org.apache.ibatis.scripting.xmltags.ExpressionEvaluator.evaluateIterable(ExpressionEvaluator.java:54)
	at org.apache.ibatis.scripting.xmltags.ForEachSqlNode.apply(ForEachSqlNode.java:71)
	at org.apache.ibatis.scripting.xmltags.MixedSqlNode.lambda$apply$0(MixedSqlNode.java:32)
	at java.base/java.util.ArrayList.forEach(ArrayList.java:1511)
	at org.apache.ibatis.scripting.xmltags.MixedSqlNode.apply(MixedSqlNode.java:32)
	at org.apache.ibatis.scripting.xmltags.DynamicSqlSource.getBoundSql(DynamicSqlSource.java:39)
	at org.apache.ibatis.mapping.MappedStatement.getBoundSql(MappedStatement.java:320)
	at org.apache.ibatis.executor.CachingExecutor.query(CachingExecutor.java:88)
	at org.apache.ibatis.session.defaults.DefaultSqlSession.selectList(DefaultSqlSession.java:154)
	at org.apache.ibatis.session.defaults.DefaultSqlSession.selectList(DefaultSqlSession.java:147)
	at org.apache.ibatis.session.defaults.DefaultSqlSession.selectList(DefaultSqlSession.java:142)
	at java.base/jdk.internal.reflect.NativeMethodAccessorImpl.invoke0(Native Method)
	at java.base/jdk.internal.reflect.NativeMethodAccessorImpl.invoke(NativeMethodAccessorImpl.java:77)
	at java.base/jdk.internal.reflect.DelegatingMethodAccessorImpl.invoke(DelegatingMethodAccessorImpl.java:43)
	at java.base/java.lang.reflect.Method.invoke(Method.java:568)
	at org.mybatis.spring.SqlSessionTemplate$SqlSessionInterceptor.invoke(SqlSessionTemplate.java:425)
	... 14 common frames omitted
2025-07-24 15:27:38.882 [main] INFO  c.q.xiaohashu.auth.XiaohashuAuthApplication - Starting XiaohashuAuthApplication using Java 17.0.15 with PID 58840 (E:\Downloads\Compressed\xiaohashu-5.3节\xiaohashu2\xiaohashu-auth\target\classes started by 50723 in E:\Downloads\Compressed\xiaohashu-5.3节\xiaohashu2)
2025-07-24 15:27:38.884 [main] INFO  c.q.xiaohashu.auth.XiaohashuAuthApplication - The following 1 profile is active: "dev"
2025-07-24 15:27:39.397 [main] INFO  o.s.d.r.config.RepositoryConfigurationDelegate - Multiple Spring Data modules found, entering strict repository configuration mode
2025-07-24 15:27:39.399 [main] INFO  o.s.d.r.config.RepositoryConfigurationDelegate - Bootstrapping Spring Data Redis repositories in DEFAULT mode.
2025-07-24 15:27:39.424 [main] INFO  o.s.d.r.config.RepositoryConfigurationDelegate - Finished Spring Data repository scanning in 13 ms. Found 0 Redis repository interfaces.
2025-07-24 15:27:39.970 [main] INFO  o.s.boot.web.embedded.tomcat.TomcatWebServer - Tomcat initialized with port(s): 8080 (http)
2025-07-24 15:27:39.978 [main] INFO  org.apache.catalina.core.StandardService - Starting service [Tomcat]
2025-07-24 15:27:39.978 [main] INFO  org.apache.catalina.core.StandardEngine - Starting Servlet engine: [Apache Tomcat/10.1.5]
2025-07-24 15:27:40.050 [main] INFO  o.a.c.core.ContainerBase.[Tomcat].[localhost].[/] - Initializing Spring embedded WebApplicationContext
2025-07-24 15:27:40.050 [main] INFO  o.s.b.w.s.c.ServletWebServerApplicationContext - Root WebApplicationContext: initialization completed in 1126 ms
2025-07-24 15:27:40.146 [main] INFO  c.a.d.s.b.a.DruidDataSourceAutoConfigure - Init DruidDataSource
2025-07-24 15:27:40.412 [main] INFO  com.alibaba.druid.pool.DruidDataSource - {dataSource-1} inited
2025-07-24 15:27:41.152 [main] INFO  o.s.boot.web.embedded.tomcat.TomcatWebServer - Tomcat started on port(s): 8080 (http) with context path ''
2025-07-24 15:27:41.158 [main] INFO  c.q.xiaohashu.auth.XiaohashuAuthApplication - Started XiaohashuAuthApplication in 2.779 seconds (process running for 3.221)
2025-07-24 15:27:41.159 [main] INFO  c.q.x.auth.runner.PushRolePermissions2RedisRunner - ==> 服务启动，开始同步角色权限数据到 Redis 中...
2025-07-24 15:27:41.480 [main] WARN  c.q.x.auth.runner.PushRolePermissions2RedisRunner - ==> 角色权限数据已经同步至 Redis 中，不再同步...
2025-07-24 15:27:55.034 [SpringApplicationShutdownHook] INFO  com.alibaba.druid.pool.DruidDataSource - {dataSource-1} closing ...
2025-07-24 15:27:55.040 [SpringApplicationShutdownHook] INFO  com.alibaba.druid.pool.DruidDataSource - {dataSource-1} closed
2025-07-24 15:27:57.288 [main] INFO  c.q.xiaohashu.auth.XiaohashuAuthApplication - Starting XiaohashuAuthApplication using Java 17.0.15 with PID 53132 (E:\Downloads\Compressed\xiaohashu-5.3节\xiaohashu2\xiaohashu-auth\target\classes started by 50723 in E:\Downloads\Compressed\xiaohashu-5.3节\xiaohashu2)
2025-07-24 15:27:57.291 [main] INFO  c.q.xiaohashu.auth.XiaohashuAuthApplication - The following 1 profile is active: "dev"
2025-07-24 15:27:57.821 [main] INFO  o.s.d.r.config.RepositoryConfigurationDelegate - Multiple Spring Data modules found, entering strict repository configuration mode
2025-07-24 15:27:57.823 [main] INFO  o.s.d.r.config.RepositoryConfigurationDelegate - Bootstrapping Spring Data Redis repositories in DEFAULT mode.
2025-07-24 15:27:57.847 [main] INFO  o.s.d.r.config.RepositoryConfigurationDelegate - Finished Spring Data repository scanning in 12 ms. Found 0 Redis repository interfaces.
2025-07-24 15:27:58.390 [main] INFO  o.s.boot.web.embedded.tomcat.TomcatWebServer - Tomcat initialized with port(s): 8080 (http)
2025-07-24 15:27:58.398 [main] INFO  org.apache.catalina.core.StandardService - Starting service [Tomcat]
2025-07-24 15:27:58.398 [main] INFO  org.apache.catalina.core.StandardEngine - Starting Servlet engine: [Apache Tomcat/10.1.5]
2025-07-24 15:27:58.472 [main] INFO  o.a.c.core.ContainerBase.[Tomcat].[localhost].[/] - Initializing Spring embedded WebApplicationContext
2025-07-24 15:27:58.473 [main] INFO  o.s.b.w.s.c.ServletWebServerApplicationContext - Root WebApplicationContext: initialization completed in 1141 ms
2025-07-24 15:27:58.565 [main] INFO  c.a.d.s.b.a.DruidDataSourceAutoConfigure - Init DruidDataSource
2025-07-24 15:27:58.837 [main] INFO  com.alibaba.druid.pool.DruidDataSource - {dataSource-1} inited
2025-07-24 15:27:59.576 [main] INFO  o.s.boot.web.embedded.tomcat.TomcatWebServer - Tomcat started on port(s): 8080 (http) with context path ''
2025-07-24 15:27:59.582 [main] INFO  c.q.xiaohashu.auth.XiaohashuAuthApplication - Started XiaohashuAuthApplication in 2.881 seconds (process running for 3.426)
2025-07-24 15:27:59.583 [main] INFO  c.q.x.auth.runner.PushRolePermissions2RedisRunner - ==> 服务启动，开始同步角色权限数据到 Redis 中...
2025-07-24 15:27:59.923 [main] DEBUG c.q.x.a.d.mapper.RoleDOMapper.selectEnabledList - ==>  Preparing: select id, role_key, role_name from t_role where status=0 and is_deleted = false
2025-07-24 15:28:00.047 [main] DEBUG c.q.x.a.d.mapper.RoleDOMapper.selectEnabledList - ==> Parameters: 
2025-07-24 15:28:00.062 [main] DEBUG c.q.x.a.d.mapper.RoleDOMapper.selectEnabledList - <==      Total: 2
2025-07-24 15:28:00.078 [main] DEBUG c.q.x.a.d.m.RolePermissionDOMapper.selectByRoleIds - ==>  Preparing: select role_id, permission_id from t_role_permission_rel where role_id in ( ? , ? )
2025-07-24 15:28:00.080 [main] DEBUG c.q.x.a.d.m.RolePermissionDOMapper.selectByRoleIds - ==> Parameters: 1(Long), 2(Long)
2025-07-24 15:28:00.082 [main] DEBUG c.q.x.a.d.m.RolePermissionDOMapper.selectByRoleIds - <==      Total: 2
2025-07-24 15:28:00.083 [main] DEBUG c.q.x.a.d.m.P.selectAppEnabledList - ==>  Preparing: select id,name,permission_key from t_permission where status = 0 and type = 3 and is_deleted = 0
2025-07-24 15:28:00.085 [main] DEBUG c.q.x.a.d.m.P.selectAppEnabledList - ==> Parameters: 
2025-07-24 15:28:00.087 [main] DEBUG c.q.x.a.d.m.P.selectAppEnabledList - <==      Total: 2
2025-07-24 15:28:00.121 [main] INFO  c.q.x.auth.runner.PushRolePermissions2RedisRunner - ==> 服务启动，成功同步角色权限数据到 Redis 中...
2025-07-24 15:45:26.825 [SpringApplicationShutdownHook] INFO  com.alibaba.druid.pool.DruidDataSource - {dataSource-1} closing ...
2025-07-24 15:45:26.826 [SpringApplicationShutdownHook] INFO  com.alibaba.druid.pool.DruidDataSource - {dataSource-1} closed
2025-07-24 15:46:24.589 [main] WARN  com.alibaba.nacos.client.logging.NacosLogging - Load Logback Configuration of Nacos fail, message: Could not initialize Logback Nacos logging from classpath:nacos-logback.xml
2025-07-24 15:46:24.603 [main] INFO  c.a.n.client.config.impl.LocalConfigInfoProcessor - LOCAL_SNAPSHOT_PATH:C:\Users\50723\nacos\config
2025-07-24 15:46:24.606 [main] INFO  com.alibaba.nacos.common.remote.client - [RpcClientFactory] create a new rpc client of b8ae2a4f-a3b7-49a3-b3d0-2a28f9a2bb06_config-0
2025-07-24 15:46:24.626 [main] INFO  com.alibaba.nacos.common.remote.client - [b8ae2a4f-a3b7-49a3-b3d0-2a28f9a2bb06_config-0] Register server push request handler:com.alibaba.nacos.client.config.impl.ClientWorker$ConfigRpcTransportClient$$Lambda$590/0x000001f645391060
2025-07-24 15:46:24.626 [main] INFO  com.alibaba.nacos.common.remote.client - [b8ae2a4f-a3b7-49a3-b3d0-2a28f9a2bb06_config-0] Register server push request handler:com.alibaba.nacos.client.config.impl.ClientWorker$ConfigRpcTransportClient$$Lambda$591/0x000001f645391480
2025-07-24 15:46:24.626 [main] INFO  com.alibaba.nacos.common.remote.client - [b8ae2a4f-a3b7-49a3-b3d0-2a28f9a2bb06_config-0] Registry connection listener to current client:com.alibaba.nacos.client.config.impl.ClientWorker$ConfigRpcTransportClient$1
2025-07-24 15:46:24.627 [main] INFO  com.alibaba.nacos.common.remote.client - [b8ae2a4f-a3b7-49a3-b3d0-2a28f9a2bb06_config-0] RpcClient init, ServerListFactory = com.alibaba.nacos.client.config.impl.ClientWorker$ConfigRpcTransportClient$2
2025-07-24 15:46:24.633 [main] INFO  com.alibaba.nacos.common.remote.client - [b8ae2a4f-a3b7-49a3-b3d0-2a28f9a2bb06_config-0] Try to connect to server on start up, server: {serverIp = '127.0.0.1', server main port = 8848}
2025-07-24 15:46:24.660 [main] INFO  c.a.nacos.common.remote.client.grpc.GrpcClient - grpc client connection server:127.0.0.1 ip,serverPort:9848,grpcTslConfig:{"sslProvider":"OPENSSL","enableTls":false,"mutualAuthEnable":false,"trustAll":false}
2025-07-24 15:46:25.408 [main] INFO  com.alibaba.nacos.common.remote.client - [b8ae2a4f-a3b7-49a3-b3d0-2a28f9a2bb06_config-0] Success to connect to server [127.0.0.1:8848] on start up, connectionId = 1753343185195_127.0.0.1_60641
2025-07-24 15:46:25.409 [com.alibaba.nacos.client.remote.worker] INFO  com.alibaba.nacos.common.remote.client - [b8ae2a4f-a3b7-49a3-b3d0-2a28f9a2bb06_config-0] Notify connected event to listeners.
2025-07-24 15:46:25.409 [com.alibaba.nacos.client.remote.worker] INFO  com.alibaba.nacos.client.config.impl.ClientWorker - [b8ae2a4f-a3b7-49a3-b3d0-2a28f9a2bb06_config-0] Connected,notify listen context...
2025-07-24 15:46:25.409 [main] INFO  com.alibaba.nacos.common.remote.client - [b8ae2a4f-a3b7-49a3-b3d0-2a28f9a2bb06_config-0] Register server push request handler:com.alibaba.nacos.common.remote.client.RpcClient$ConnectResetRequestHandler
2025-07-24 15:46:25.410 [main] INFO  com.alibaba.nacos.common.remote.client - [b8ae2a4f-a3b7-49a3-b3d0-2a28f9a2bb06_config-0] Register server push request handler:com.alibaba.nacos.common.remote.client.RpcClient$$Lambda$611/0x000001f6454daee0
2025-07-24 15:46:25.450 [main] INFO  com.alibaba.nacos.client.config.impl.Limiter - limitTime:5.0
2025-07-24 15:46:25.483 [main] INFO  com.alibaba.nacos.client.config.utils.JvmUtil - isMultiInstance:false
2025-07-24 15:46:25.497 [main] WARN  c.a.cloud.nacos.client.NacosPropertySourceBuilder - Ignore the empty nacos configuration and get it based on dataId[xiaohashu-auth.properties] & group[DEFAULT_GROUP]
2025-07-24 15:46:25.503 [main] WARN  c.a.cloud.nacos.client.NacosPropertySourceBuilder - Ignore the empty nacos configuration and get it based on dataId[xiaohashu-auth-dev.properties] & group[DEFAULT_GROUP]
2025-07-24 15:46:25.504 [main] INFO  o.s.c.b.c.PropertySourceBootstrapConfiguration - Located property source: [BootstrapPropertySource {name='bootstrapProperties-xiaohashu-auth-dev.properties,DEFAULT_GROUP'}, BootstrapPropertySource {name='bootstrapProperties-xiaohashu-auth.properties,DEFAULT_GROUP'}, BootstrapPropertySource {name='bootstrapProperties-xiaohashu-auth,DEFAULT_GROUP'}]
2025-07-24 15:46:25.522 [main] WARN  com.alibaba.nacos.client.logging.NacosLogging - Load Logback Configuration of Nacos fail, message: Could not initialize Logback Nacos logging from classpath:nacos-logback.xml
2025-07-24 15:46:25.522 [main] INFO  c.q.xiaohashu.auth.XiaohashuAuthApplication - The following 1 profile is active: "dev"
2025-07-24 15:46:25.953 [main] INFO  o.s.d.r.config.RepositoryConfigurationDelegate - Multiple Spring Data modules found, entering strict repository configuration mode
2025-07-24 15:46:25.955 [main] INFO  o.s.d.r.config.RepositoryConfigurationDelegate - Bootstrapping Spring Data Redis repositories in DEFAULT mode.
2025-07-24 15:46:25.974 [main] INFO  o.s.d.r.config.RepositoryConfigurationDelegate - Finished Spring Data repository scanning in 7 ms. Found 0 Redis repository interfaces.
2025-07-24 15:46:26.113 [main] INFO  o.springframework.cloud.context.scope.GenericScope - BeanFactory id=fb44659f-8c4f-38dc-9729-24ffe7821001
2025-07-24 15:46:26.533 [main] INFO  o.s.boot.web.embedded.tomcat.TomcatWebServer - Tomcat initialized with port(s): 8080 (http)
2025-07-24 15:46:26.549 [main] INFO  org.apache.catalina.core.StandardService - Starting service [Tomcat]
2025-07-24 15:46:26.550 [main] INFO  org.apache.catalina.core.StandardEngine - Starting Servlet engine: [Apache Tomcat/10.1.5]
2025-07-24 15:46:26.607 [main] INFO  o.a.c.core.ContainerBase.[Tomcat].[localhost].[/] - Initializing Spring embedded WebApplicationContext
2025-07-24 15:46:26.607 [main] INFO  o.s.b.w.s.c.ServletWebServerApplicationContext - Root WebApplicationContext: initialization completed in 1068 ms
2025-07-24 15:46:26.701 [main] INFO  c.a.d.s.b.a.DruidDataSourceAutoConfigure - Init DruidDataSource
2025-07-24 15:46:26.993 [main] INFO  com.alibaba.druid.pool.DruidDataSource - {dataSource-1} inited
2025-07-24 15:46:28.881 [main] INFO  org.springframework.cloud.commons.util.InetUtils - Cannot determine local hostname
2025-07-24 15:46:28.950 [main] INFO  o.s.boot.web.embedded.tomcat.TomcatWebServer - Tomcat started on port(s): 8080 (http) with context path ''
2025-07-24 15:46:30.051 [main] INFO  org.springframework.cloud.commons.util.InetUtils - Cannot determine local hostname
2025-07-24 15:46:30.058 [main] INFO  c.q.xiaohashu.auth.XiaohashuAuthApplication - Started XiaohashuAuthApplication in 8.491 seconds (process running for 8.946)
2025-07-24 15:46:30.059 [main] INFO  c.q.x.auth.runner.PushRolePermissions2RedisRunner - ==> 服务启动，开始同步角色权限数据到 Redis 中...
2025-07-24 15:46:30.386 [main] WARN  c.q.x.auth.runner.PushRolePermissions2RedisRunner - ==> 角色权限数据已经同步至 Redis 中，不再同步...
2025-07-24 15:46:30.388 [main] INFO  com.alibaba.nacos.client.config.impl.CacheData - nacos.cache.data.init.snapshot = true 
2025-07-24 15:46:30.389 [main] INFO  com.alibaba.nacos.client.config.impl.ClientWorker - [fixed-127.0.0.1_8848] [subscribe] xiaohashu-auth.properties+DEFAULT_GROUP
2025-07-24 15:46:30.397 [main] INFO  com.alibaba.nacos.client.config.impl.CacheData - [fixed-127.0.0.1_8848] [add-listener] ok, tenant=, dataId=xiaohashu-auth.properties, group=DEFAULT_GROUP, cnt=1
2025-07-24 15:46:30.397 [main] INFO  c.a.cloud.nacos.refresh.NacosContextRefresher - [Nacos Config] Listening config: dataId=xiaohashu-auth.properties, group=DEFAULT_GROUP
2025-07-24 15:46:30.398 [main] INFO  com.alibaba.nacos.client.config.impl.ClientWorker - [fixed-127.0.0.1_8848] [subscribe] xiaohashu-auth-dev.properties+DEFAULT_GROUP
2025-07-24 15:46:30.398 [main] INFO  com.alibaba.nacos.client.config.impl.CacheData - [fixed-127.0.0.1_8848] [add-listener] ok, tenant=, dataId=xiaohashu-auth-dev.properties, group=DEFAULT_GROUP, cnt=1
2025-07-24 15:46:30.398 [main] INFO  c.a.cloud.nacos.refresh.NacosContextRefresher - [Nacos Config] Listening config: dataId=xiaohashu-auth-dev.properties, group=DEFAULT_GROUP
2025-07-24 15:46:30.400 [main] INFO  com.alibaba.nacos.client.config.impl.ClientWorker - [fixed-127.0.0.1_8848] [subscribe] xiaohashu-auth+DEFAULT_GROUP
2025-07-24 15:46:30.400 [main] INFO  com.alibaba.nacos.client.config.impl.CacheData - [fixed-127.0.0.1_8848] [add-listener] ok, tenant=, dataId=xiaohashu-auth, group=DEFAULT_GROUP, cnt=1
2025-07-24 15:46:30.400 [main] INFO  c.a.cloud.nacos.refresh.NacosContextRefresher - [Nacos Config] Listening config: dataId=xiaohashu-auth, group=DEFAULT_GROUP
2025-07-24 15:46:36.351 [http-nio-8080-exec-1] INFO  o.a.c.core.ContainerBase.[Tomcat].[localhost].[/] - Initializing Spring DispatcherServlet 'dispatcherServlet'
2025-07-24 15:46:36.351 [http-nio-8080-exec-1] INFO  org.springframework.web.servlet.DispatcherServlet - Initializing Servlet 'dispatcherServlet'
2025-07-24 15:46:36.352 [http-nio-8080-exec-1] INFO  org.springframework.web.servlet.DispatcherServlet - Completed initialization in 1 ms
2025-07-24 15:46:36.379 [http-nio-8080-exec-1] INFO  c.q.xiaohashu.auth.alarm.impl.SmsAlarmHelper - ==> 【短信告警】：系统出错啦，犬小哈这个月绩效没了，速度上线解决问题！
2025-07-24 15:47:48.430 [http-nio-8080-exec-6] INFO  c.q.xiaohashu.auth.alarm.impl.SmsAlarmHelper - ==> 【短信告警】：系统出错啦，犬小哈这个月绩效没了，速度上线解决问题！
2025-07-24 15:48:46.984 [nacos-grpc-client-executor-127.0.0.1-55] INFO  com.alibaba.nacos.common.remote.client - [b8ae2a4f-a3b7-49a3-b3d0-2a28f9a2bb06_config-0] Receive server push request, request = ConfigChangeNotifyRequest, requestId = 1
2025-07-24 15:48:46.984 [nacos-grpc-client-executor-127.0.0.1-55] INFO  com.alibaba.nacos.client.config.impl.ClientWorker - [b8ae2a4f-a3b7-49a3-b3d0-2a28f9a2bb06_config-0] [server-push] config changed. dataId=xiaohashu-auth, group=DEFAULT_GROUP,tenant=null
2025-07-24 15:48:46.984 [nacos-grpc-client-executor-127.0.0.1-55] INFO  com.alibaba.nacos.common.remote.client - [b8ae2a4f-a3b7-49a3-b3d0-2a28f9a2bb06_config-0] Ack server push request, request = ConfigChangeNotifyRequest, requestId = 1
2025-07-24 15:48:47.007 [com.alibaba.nacos.client.Worker] INFO  com.alibaba.nacos.client.config.impl.ClientWorker - [fixed-127.0.0.1_8848] [data-received] dataId=xiaohashu-auth, group=DEFAULT_GROUP, tenant=, md5=ba7ed39f96dc159ece379fd487addae7, content=rate-limit:
  api:
    limit: 8888, type=yaml
2025-07-24 15:48:47.009 [com.alibaba.nacos.client.Worker] INFO  com.alibaba.nacos.client.config.impl.CacheData - [fixed-127.0.0.1_8848] [notify-listener] time cost=0ms in ClientWorker, dataId=xiaohashu-auth, group=DEFAULT_GROUP, md5=ba7ed39f96dc159ece379fd487addae7, listener=com.alibaba.cloud.nacos.refresh.NacosContextRefresher$1@441ec9ec 
2025-07-24 15:48:47.009 [nacos.client.cachedata.internal.notifier] INFO  com.alibaba.nacos.client.config.impl.CacheData - [fixed-127.0.0.1_8848] [notify-context] dataId=xiaohashu-auth, group=DEFAULT_GROUP, md5=ba7ed39f96dc159ece379fd487addae7
2025-07-24 15:48:48.127 [nacos.client.cachedata.internal.notifier] INFO  org.springframework.cloud.commons.util.InetUtils - Cannot determine local hostname
2025-07-24 15:48:48.146 [nacos.client.cachedata.internal.notifier] WARN  com.alibaba.nacos.client.logging.NacosLogging - Load Logback Configuration of Nacos fail, message: Could not initialize Logback Nacos logging from classpath:nacos-logback.xml
2025-07-24 15:48:48.150 [nacos.client.cachedata.internal.notifier] WARN  com.alibaba.nacos.client.logging.NacosLogging - Load Logback Configuration of Nacos fail, message: Could not initialize Logback Nacos logging from classpath:nacos-logback.xml
2025-07-24 15:48:48.171 [nacos.client.cachedata.internal.notifier] WARN  com.alibaba.nacos.client.logging.NacosLogging - Load Logback Configuration of Nacos fail, message: Could not initialize Logback Nacos logging from classpath:nacos-logback.xml
2025-07-24 15:48:48.181 [nacos.client.cachedata.internal.notifier] WARN  c.a.cloud.nacos.client.NacosPropertySourceBuilder - Ignore the empty nacos configuration and get it based on dataId[null.properties] & group[DEFAULT_GROUP]
2025-07-24 15:48:48.186 [nacos.client.cachedata.internal.notifier] WARN  c.a.cloud.nacos.client.NacosPropertySourceBuilder - Ignore the empty nacos configuration and get it based on dataId[null-dev.properties] & group[DEFAULT_GROUP]
2025-07-24 15:48:48.186 [nacos.client.cachedata.internal.notifier] INFO  o.s.c.b.c.PropertySourceBootstrapConfiguration - Located property source: [BootstrapPropertySource {name='bootstrapProperties-null-dev.properties,DEFAULT_GROUP'}, BootstrapPropertySource {name='bootstrapProperties-null.properties,DEFAULT_GROUP'}]
2025-07-24 15:48:48.188 [nacos.client.cachedata.internal.notifier] WARN  com.alibaba.nacos.client.logging.NacosLogging - Load Logback Configuration of Nacos fail, message: Could not initialize Logback Nacos logging from classpath:nacos-logback.xml
2025-07-24 15:48:48.188 [nacos.client.cachedata.internal.notifier] INFO  org.springframework.boot.SpringApplication - The following 1 profile is active: "dev"
2025-07-24 15:48:48.193 [nacos.client.cachedata.internal.notifier] INFO  org.springframework.boot.SpringApplication - Started application in 1.18 seconds (process running for 147.08)
2025-07-24 15:48:48.228 [nacos.client.cachedata.internal.notifier] INFO  com.alibaba.druid.pool.DruidDataSource - {dataSource-1} closing ...
2025-07-24 15:48:48.237 [nacos.client.cachedata.internal.notifier] INFO  com.alibaba.druid.pool.DruidDataSource - {dataSource-1} closed
2025-07-24 15:48:48.263 [nacos.client.cachedata.internal.notifier] INFO  o.s.cloud.endpoint.event.RefreshEventListener - Refresh keys changed: []
2025-07-24 15:48:48.263 [nacos.client.cachedata.internal.notifier] INFO  com.alibaba.nacos.client.config.impl.CacheData - [fixed-127.0.0.1_8848] [notify-ok] dataId=xiaohashu-auth, group=DEFAULT_GROUP, md5=ba7ed39f96dc159ece379fd487addae7, listener=com.alibaba.cloud.nacos.refresh.NacosContextRefresher$1@441ec9ec ,cost=1254 millis.
2025-07-24 15:53:45.204 [nacos-grpc-client-executor-127.0.0.1-134] INFO  com.alibaba.nacos.common.remote.client - [b8ae2a4f-a3b7-49a3-b3d0-2a28f9a2bb06_config-0] Receive server push request, request = ConfigChangeNotifyRequest, requestId = 2
2025-07-24 15:53:45.204 [nacos-grpc-client-executor-127.0.0.1-134] INFO  com.alibaba.nacos.client.config.impl.ClientWorker - [b8ae2a4f-a3b7-49a3-b3d0-2a28f9a2bb06_config-0] [server-push] config changed. dataId=xiaohashu-auth.properties, group=DEFAULT_GROUP,tenant=null
2025-07-24 15:53:45.204 [nacos-grpc-client-executor-127.0.0.1-134] INFO  com.alibaba.nacos.common.remote.client - [b8ae2a4f-a3b7-49a3-b3d0-2a28f9a2bb06_config-0] Ack server push request, request = ConfigChangeNotifyRequest, requestId = 2
2025-07-24 15:53:45.222 [com.alibaba.nacos.client.Worker] INFO  com.alibaba.nacos.client.config.impl.ClientWorker - [fixed-127.0.0.1_8848] [data-received] dataId=xiaohashu-auth.properties, group=DEFAULT_GROUP, tenant=, md5=b1776145509ba113dd4f02f358f32cc7, content=alarm:
  type: mail # 告警类型, type=yaml
2025-07-24 15:53:45.223 [com.alibaba.nacos.client.Worker] INFO  com.alibaba.nacos.client.config.impl.CacheData - [fixed-127.0.0.1_8848] [notify-listener] time cost=0ms in ClientWorker, dataId=xiaohashu-auth.properties, group=DEFAULT_GROUP, md5=b1776145509ba113dd4f02f358f32cc7, listener=com.alibaba.cloud.nacos.refresh.NacosContextRefresher$1@774a222b 
2025-07-24 15:53:45.223 [nacos.client.cachedata.internal.notifier] INFO  com.alibaba.nacos.client.config.impl.CacheData - [fixed-127.0.0.1_8848] [notify-context] dataId=xiaohashu-auth.properties, group=DEFAULT_GROUP, md5=b1776145509ba113dd4f02f358f32cc7
2025-07-24 15:53:46.338 [nacos.client.cachedata.internal.notifier] INFO  org.springframework.cloud.commons.util.InetUtils - Cannot determine local hostname
2025-07-24 15:53:46.354 [nacos.client.cachedata.internal.notifier] WARN  com.alibaba.nacos.client.logging.NacosLogging - Load Logback Configuration of Nacos fail, message: Could not initialize Logback Nacos logging from classpath:nacos-logback.xml
2025-07-24 15:53:46.357 [nacos.client.cachedata.internal.notifier] WARN  com.alibaba.nacos.client.logging.NacosLogging - Load Logback Configuration of Nacos fail, message: Could not initialize Logback Nacos logging from classpath:nacos-logback.xml
2025-07-24 15:53:46.373 [nacos.client.cachedata.internal.notifier] WARN  com.alibaba.nacos.client.logging.NacosLogging - Load Logback Configuration of Nacos fail, message: Could not initialize Logback Nacos logging from classpath:nacos-logback.xml
2025-07-24 15:53:46.380 [nacos.client.cachedata.internal.notifier] WARN  c.a.cloud.nacos.client.NacosPropertySourceBuilder - Ignore the empty nacos configuration and get it based on dataId[null.properties] & group[DEFAULT_GROUP]
2025-07-24 15:53:46.383 [nacos.client.cachedata.internal.notifier] WARN  c.a.cloud.nacos.client.NacosPropertySourceBuilder - Ignore the empty nacos configuration and get it based on dataId[null-dev.properties] & group[DEFAULT_GROUP]
2025-07-24 15:53:46.383 [nacos.client.cachedata.internal.notifier] INFO  o.s.c.b.c.PropertySourceBootstrapConfiguration - Located property source: [BootstrapPropertySource {name='bootstrapProperties-null-dev.properties,DEFAULT_GROUP'}, BootstrapPropertySource {name='bootstrapProperties-null.properties,DEFAULT_GROUP'}]
2025-07-24 15:53:46.385 [nacos.client.cachedata.internal.notifier] WARN  com.alibaba.nacos.client.logging.NacosLogging - Load Logback Configuration of Nacos fail, message: Could not initialize Logback Nacos logging from classpath:nacos-logback.xml
2025-07-24 15:53:46.385 [nacos.client.cachedata.internal.notifier] INFO  org.springframework.boot.SpringApplication - The following 1 profile is active: "dev"
2025-07-24 15:53:46.388 [nacos.client.cachedata.internal.notifier] INFO  org.springframework.boot.SpringApplication - Started application in 1.163 seconds (process running for 445.276)
2025-07-24 15:53:46.418 [nacos.client.cachedata.internal.notifier] INFO  com.alibaba.druid.pool.DruidDataSource - {dataSource-1} closing ...
2025-07-24 15:53:46.437 [nacos.client.cachedata.internal.notifier] INFO  o.s.cloud.endpoint.event.RefreshEventListener - Refresh keys changed: []
2025-07-24 15:53:46.437 [nacos.client.cachedata.internal.notifier] INFO  com.alibaba.nacos.client.config.impl.CacheData - [fixed-127.0.0.1_8848] [notify-ok] dataId=xiaohashu-auth.properties, group=DEFAULT_GROUP, md5=b1776145509ba113dd4f02f358f32cc7, listener=com.alibaba.cloud.nacos.refresh.NacosContextRefresher$1@774a222b ,cost=1214 millis.
2025-07-24 15:54:07.237 [Thread-1] WARN  c.alibaba.nacos.common.http.HttpClientBeanHolder - [HttpClientBeanHolder] Start destroying common HttpClient
2025-07-24 15:54:07.237 [Thread-8] WARN  com.alibaba.nacos.common.notify.NotifyCenter - [NotifyCenter] Start destroying Publisher
2025-07-24 15:54:07.237 [Thread-8] WARN  com.alibaba.nacos.common.notify.NotifyCenter - [NotifyCenter] Destruction of the end
2025-07-24 15:54:07.238 [Thread-1] WARN  c.alibaba.nacos.common.http.HttpClientBeanHolder - [HttpClientBeanHolder] Destruction of the end
2025-07-24 15:54:07.385 [SpringApplicationShutdownHook] INFO  com.alibaba.druid.pool.DruidDataSource - {dataSource-1} closing ...
2025-07-24 15:54:12.296 [main] WARN  com.alibaba.nacos.client.logging.NacosLogging - Load Logback Configuration of Nacos fail, message: Could not initialize Logback Nacos logging from classpath:nacos-logback.xml
2025-07-24 15:54:12.309 [main] INFO  c.a.n.client.config.impl.LocalConfigInfoProcessor - LOCAL_SNAPSHOT_PATH:C:\Users\50723\nacos\config
2025-07-24 15:54:12.312 [main] INFO  com.alibaba.nacos.common.remote.client - [RpcClientFactory] create a new rpc client of 412101e5-e99e-42a7-a26d-e3285f60e197_config-0
2025-07-24 15:54:12.330 [main] INFO  com.alibaba.nacos.common.remote.client - [412101e5-e99e-42a7-a26d-e3285f60e197_config-0] Register server push request handler:com.alibaba.nacos.client.config.impl.ClientWorker$ConfigRpcTransportClient$$Lambda$590/0x0000027181391830
2025-07-24 15:54:12.330 [main] INFO  com.alibaba.nacos.common.remote.client - [412101e5-e99e-42a7-a26d-e3285f60e197_config-0] Register server push request handler:com.alibaba.nacos.client.config.impl.ClientWorker$ConfigRpcTransportClient$$Lambda$591/0x0000027181391c50
2025-07-24 15:54:12.330 [main] INFO  com.alibaba.nacos.common.remote.client - [412101e5-e99e-42a7-a26d-e3285f60e197_config-0] Registry connection listener to current client:com.alibaba.nacos.client.config.impl.ClientWorker$ConfigRpcTransportClient$1
2025-07-24 15:54:12.331 [main] INFO  com.alibaba.nacos.common.remote.client - [412101e5-e99e-42a7-a26d-e3285f60e197_config-0] RpcClient init, ServerListFactory = com.alibaba.nacos.client.config.impl.ClientWorker$ConfigRpcTransportClient$2
2025-07-24 15:54:12.337 [main] INFO  com.alibaba.nacos.common.remote.client - [412101e5-e99e-42a7-a26d-e3285f60e197_config-0] Try to connect to server on start up, server: {serverIp = '127.0.0.1', server main port = 8848}
2025-07-24 15:54:12.363 [main] INFO  c.a.nacos.common.remote.client.grpc.GrpcClient - grpc client connection server:127.0.0.1 ip,serverPort:9848,grpcTslConfig:{"sslProvider":"OPENSSL","enableTls":false,"mutualAuthEnable":false,"trustAll":false}
2025-07-24 15:54:13.104 [main] INFO  com.alibaba.nacos.common.remote.client - [412101e5-e99e-42a7-a26d-e3285f60e197_config-0] Success to connect to server [127.0.0.1:8848] on start up, connectionId = 1753343652927_127.0.0.1_61036
2025-07-24 15:54:13.105 [com.alibaba.nacos.client.remote.worker] INFO  com.alibaba.nacos.common.remote.client - [412101e5-e99e-42a7-a26d-e3285f60e197_config-0] Notify connected event to listeners.
2025-07-24 15:54:13.105 [com.alibaba.nacos.client.remote.worker] INFO  com.alibaba.nacos.client.config.impl.ClientWorker - [412101e5-e99e-42a7-a26d-e3285f60e197_config-0] Connected,notify listen context...
2025-07-24 15:54:13.105 [main] INFO  com.alibaba.nacos.common.remote.client - [412101e5-e99e-42a7-a26d-e3285f60e197_config-0] Register server push request handler:com.alibaba.nacos.common.remote.client.RpcClient$ConnectResetRequestHandler
2025-07-24 15:54:13.106 [main] INFO  com.alibaba.nacos.common.remote.client - [412101e5-e99e-42a7-a26d-e3285f60e197_config-0] Register server push request handler:com.alibaba.nacos.common.remote.client.RpcClient$$Lambda$611/0x00000271814dbc60
2025-07-24 15:54:13.146 [main] INFO  com.alibaba.nacos.client.config.impl.Limiter - limitTime:5.0
2025-07-24 15:54:13.157 [main] INFO  com.alibaba.nacos.client.config.utils.JvmUtil - isMultiInstance:false
2025-07-24 15:54:13.174 [main] WARN  c.a.cloud.nacos.client.NacosPropertySourceBuilder - Ignore the empty nacos configuration and get it based on dataId[xiaohashu-auth-dev.properties] & group[DEFAULT_GROUP]
2025-07-24 15:54:13.175 [main] INFO  o.s.c.b.c.PropertySourceBootstrapConfiguration - Located property source: [BootstrapPropertySource {name='bootstrapProperties-xiaohashu-auth-dev.properties,DEFAULT_GROUP'}, BootstrapPropertySource {name='bootstrapProperties-xiaohashu-auth.properties,DEFAULT_GROUP'}, BootstrapPropertySource {name='bootstrapProperties-xiaohashu-auth,DEFAULT_GROUP'}]
2025-07-24 15:54:13.193 [main] WARN  com.alibaba.nacos.client.logging.NacosLogging - Load Logback Configuration of Nacos fail, message: Could not initialize Logback Nacos logging from classpath:nacos-logback.xml
2025-07-24 15:54:13.193 [main] INFO  c.q.xiaohashu.auth.XiaohashuAuthApplication - The following 1 profile is active: "dev"
2025-07-24 15:54:13.618 [main] INFO  o.s.d.r.config.RepositoryConfigurationDelegate - Multiple Spring Data modules found, entering strict repository configuration mode
2025-07-24 15:54:13.621 [main] INFO  o.s.d.r.config.RepositoryConfigurationDelegate - Bootstrapping Spring Data Redis repositories in DEFAULT mode.
2025-07-24 15:54:13.638 [main] INFO  o.s.d.r.config.RepositoryConfigurationDelegate - Finished Spring Data repository scanning in 7 ms. Found 0 Redis repository interfaces.
2025-07-24 15:54:13.778 [main] INFO  o.springframework.cloud.context.scope.GenericScope - BeanFactory id=fb44659f-8c4f-38dc-9729-24ffe7821001
2025-07-24 15:54:14.184 [main] INFO  o.s.boot.web.embedded.tomcat.TomcatWebServer - Tomcat initialized with port(s): 8080 (http)
2025-07-24 15:54:14.193 [main] INFO  org.apache.catalina.core.StandardService - Starting service [Tomcat]
2025-07-24 15:54:14.193 [main] INFO  org.apache.catalina.core.StandardEngine - Starting Servlet engine: [Apache Tomcat/10.1.5]
2025-07-24 15:54:14.248 [main] INFO  o.a.c.core.ContainerBase.[Tomcat].[localhost].[/] - Initializing Spring embedded WebApplicationContext
2025-07-24 15:54:14.248 [main] INFO  o.s.b.w.s.c.ServletWebServerApplicationContext - Root WebApplicationContext: initialization completed in 1042 ms
2025-07-24 15:54:14.335 [main] INFO  c.a.d.s.b.a.DruidDataSourceAutoConfigure - Init DruidDataSource
2025-07-24 15:54:14.613 [main] INFO  com.alibaba.druid.pool.DruidDataSource - {dataSource-1} inited
2025-07-24 15:54:16.414 [main] INFO  org.springframework.cloud.commons.util.InetUtils - Cannot determine local hostname
2025-07-24 15:54:16.478 [main] INFO  o.s.boot.web.embedded.tomcat.TomcatWebServer - Tomcat started on port(s): 8080 (http) with context path ''
2025-07-24 15:54:17.566 [main] INFO  org.springframework.cloud.commons.util.InetUtils - Cannot determine local hostname
2025-07-24 15:54:17.574 [main] INFO  c.q.xiaohashu.auth.XiaohashuAuthApplication - Started XiaohashuAuthApplication in 8.357 seconds (process running for 8.871)
2025-07-24 15:54:17.575 [main] INFO  c.q.x.auth.runner.PushRolePermissions2RedisRunner - ==> 服务启动，开始同步角色权限数据到 Redis 中...
2025-07-24 15:54:17.875 [main] WARN  c.q.x.auth.runner.PushRolePermissions2RedisRunner - ==> 角色权限数据已经同步至 Redis 中，不再同步...
2025-07-24 15:54:17.877 [main] INFO  com.alibaba.nacos.client.config.impl.CacheData - nacos.cache.data.init.snapshot = true 
2025-07-24 15:54:17.879 [main] INFO  com.alibaba.nacos.client.config.impl.ClientWorker - [fixed-127.0.0.1_8848] [subscribe] xiaohashu-auth.properties+DEFAULT_GROUP
2025-07-24 15:54:17.885 [main] INFO  com.alibaba.nacos.client.config.impl.CacheData - [fixed-127.0.0.1_8848] [add-listener] ok, tenant=, dataId=xiaohashu-auth.properties, group=DEFAULT_GROUP, cnt=1
2025-07-24 15:54:17.885 [main] INFO  c.a.cloud.nacos.refresh.NacosContextRefresher - [Nacos Config] Listening config: dataId=xiaohashu-auth.properties, group=DEFAULT_GROUP
2025-07-24 15:54:17.886 [main] INFO  com.alibaba.nacos.client.config.impl.ClientWorker - [fixed-127.0.0.1_8848] [subscribe] xiaohashu-auth-dev.properties+DEFAULT_GROUP
2025-07-24 15:54:17.886 [main] INFO  com.alibaba.nacos.client.config.impl.CacheData - [fixed-127.0.0.1_8848] [add-listener] ok, tenant=, dataId=xiaohashu-auth-dev.properties, group=DEFAULT_GROUP, cnt=1
2025-07-24 15:54:17.886 [main] INFO  c.a.cloud.nacos.refresh.NacosContextRefresher - [Nacos Config] Listening config: dataId=xiaohashu-auth-dev.properties, group=DEFAULT_GROUP
2025-07-24 15:54:17.887 [main] INFO  com.alibaba.nacos.client.config.impl.ClientWorker - [fixed-127.0.0.1_8848] [subscribe] xiaohashu-auth+DEFAULT_GROUP
2025-07-24 15:54:17.887 [main] INFO  com.alibaba.nacos.client.config.impl.CacheData - [fixed-127.0.0.1_8848] [add-listener] ok, tenant=, dataId=xiaohashu-auth, group=DEFAULT_GROUP, cnt=1
2025-07-24 15:54:17.887 [main] INFO  c.a.cloud.nacos.refresh.NacosContextRefresher - [Nacos Config] Listening config: dataId=xiaohashu-auth, group=DEFAULT_GROUP
2025-07-24 15:54:28.363 [http-nio-8080-exec-1] INFO  o.a.c.core.ContainerBase.[Tomcat].[localhost].[/] - Initializing Spring DispatcherServlet 'dispatcherServlet'
2025-07-24 15:54:28.363 [http-nio-8080-exec-1] INFO  org.springframework.web.servlet.DispatcherServlet - Initializing Servlet 'dispatcherServlet'
2025-07-24 15:54:28.364 [http-nio-8080-exec-1] INFO  org.springframework.web.servlet.DispatcherServlet - Completed initialization in 1 ms
2025-07-24 15:54:28.386 [http-nio-8080-exec-1] INFO  c.q.xiaohashu.auth.alarm.impl.SmsAlarmHelper - ==> 【短信告警】：系统出错啦，犬小哈这个月绩效没了，速度上线解决问题！
2025-07-24 15:56:47.407 [Thread-1] WARN  c.alibaba.nacos.common.http.HttpClientBeanHolder - [HttpClientBeanHolder] Start destroying common HttpClient
2025-07-24 15:56:47.407 [Thread-8] WARN  com.alibaba.nacos.common.notify.NotifyCenter - [NotifyCenter] Start destroying Publisher
2025-07-24 15:56:47.407 [Thread-8] WARN  com.alibaba.nacos.common.notify.NotifyCenter - [NotifyCenter] Destruction of the end
2025-07-24 15:56:47.408 [Thread-1] WARN  c.alibaba.nacos.common.http.HttpClientBeanHolder - [HttpClientBeanHolder] Destruction of the end
2025-07-24 15:56:47.550 [SpringApplicationShutdownHook] INFO  com.alibaba.druid.pool.DruidDataSource - {dataSource-1} closing ...
2025-07-24 15:56:47.556 [SpringApplicationShutdownHook] INFO  com.alibaba.druid.pool.DruidDataSource - {dataSource-1} closed
2025-07-24 16:06:04.113 [main] WARN  com.alibaba.nacos.client.logging.NacosLogging - Load Logback Configuration of Nacos fail, message: Could not initialize Logback Nacos logging from classpath:nacos-logback.xml
2025-07-24 16:06:04.126 [main] INFO  c.a.n.client.config.impl.LocalConfigInfoProcessor - LOCAL_SNAPSHOT_PATH:C:\Users\50723\nacos\config
2025-07-24 16:06:04.129 [main] INFO  com.alibaba.nacos.common.remote.client - [RpcClientFactory] create a new rpc client of 6cf57d2b-87b4-4c3f-a2c0-602ab5fabb35_config-0
2025-07-24 16:06:04.147 [main] INFO  com.alibaba.nacos.common.remote.client - [6cf57d2b-87b4-4c3f-a2c0-602ab5fabb35_config-0] Register server push request handler:com.alibaba.nacos.client.config.impl.ClientWorker$ConfigRpcTransportClient$$Lambda$590/0x0000010f08391c90
2025-07-24 16:06:04.147 [main] INFO  com.alibaba.nacos.common.remote.client - [6cf57d2b-87b4-4c3f-a2c0-602ab5fabb35_config-0] Register server push request handler:com.alibaba.nacos.client.config.impl.ClientWorker$ConfigRpcTransportClient$$Lambda$591/0x0000010f083920b0
2025-07-24 16:06:04.147 [main] INFO  com.alibaba.nacos.common.remote.client - [6cf57d2b-87b4-4c3f-a2c0-602ab5fabb35_config-0] Registry connection listener to current client:com.alibaba.nacos.client.config.impl.ClientWorker$ConfigRpcTransportClient$1
2025-07-24 16:06:04.148 [main] INFO  com.alibaba.nacos.common.remote.client - [6cf57d2b-87b4-4c3f-a2c0-602ab5fabb35_config-0] RpcClient init, ServerListFactory = com.alibaba.nacos.client.config.impl.ClientWorker$ConfigRpcTransportClient$2
2025-07-24 16:06:04.153 [main] INFO  com.alibaba.nacos.common.remote.client - [6cf57d2b-87b4-4c3f-a2c0-602ab5fabb35_config-0] Try to connect to server on start up, server: {serverIp = '127.0.0.1', server main port = 8848}
2025-07-24 16:06:04.179 [main] INFO  c.a.nacos.common.remote.client.grpc.GrpcClient - grpc client connection server:127.0.0.1 ip,serverPort:9848,grpcTslConfig:{"sslProvider":"OPENSSL","enableTls":false,"mutualAuthEnable":false,"trustAll":false}
2025-07-24 16:06:04.896 [main] INFO  com.alibaba.nacos.common.remote.client - [6cf57d2b-87b4-4c3f-a2c0-602ab5fabb35_config-0] Success to connect to server [127.0.0.1:8848] on start up, connectionId = 1753344364717_127.0.0.1_61583
2025-07-24 16:06:04.897 [com.alibaba.nacos.client.remote.worker] INFO  com.alibaba.nacos.common.remote.client - [6cf57d2b-87b4-4c3f-a2c0-602ab5fabb35_config-0] Notify connected event to listeners.
2025-07-24 16:06:04.897 [com.alibaba.nacos.client.remote.worker] INFO  com.alibaba.nacos.client.config.impl.ClientWorker - [6cf57d2b-87b4-4c3f-a2c0-602ab5fabb35_config-0] Connected,notify listen context...
2025-07-24 16:06:04.897 [main] INFO  com.alibaba.nacos.common.remote.client - [6cf57d2b-87b4-4c3f-a2c0-602ab5fabb35_config-0] Register server push request handler:com.alibaba.nacos.common.remote.client.RpcClient$ConnectResetRequestHandler
2025-07-24 16:06:04.898 [main] INFO  com.alibaba.nacos.common.remote.client - [6cf57d2b-87b4-4c3f-a2c0-602ab5fabb35_config-0] Register server push request handler:com.alibaba.nacos.common.remote.client.RpcClient$$Lambda$611/0x0000010f084db7a0
2025-07-24 16:06:04.938 [main] INFO  com.alibaba.nacos.client.config.impl.Limiter - limitTime:5.0
2025-07-24 16:06:04.949 [main] INFO  com.alibaba.nacos.client.config.utils.JvmUtil - isMultiInstance:false
2025-07-24 16:06:04.966 [main] WARN  c.a.cloud.nacos.client.NacosPropertySourceBuilder - Ignore the empty nacos configuration and get it based on dataId[xiaohashu-auth-dev.properties] & group[DEFAULT_GROUP]
2025-07-24 16:06:04.967 [main] INFO  o.s.c.b.c.PropertySourceBootstrapConfiguration - Located property source: [BootstrapPropertySource {name='bootstrapProperties-xiaohashu-auth-dev.properties,DEFAULT_GROUP'}, BootstrapPropertySource {name='bootstrapProperties-xiaohashu-auth.properties,DEFAULT_GROUP'}, BootstrapPropertySource {name='bootstrapProperties-xiaohashu-auth,DEFAULT_GROUP'}]
2025-07-24 16:06:04.985 [main] WARN  com.alibaba.nacos.client.logging.NacosLogging - Load Logback Configuration of Nacos fail, message: Could not initialize Logback Nacos logging from classpath:nacos-logback.xml
2025-07-24 16:06:04.985 [main] INFO  c.q.xiaohashu.auth.XiaohashuAuthApplication - The following 1 profile is active: "dev"
2025-07-24 16:06:05.412 [main] INFO  o.s.d.r.config.RepositoryConfigurationDelegate - Multiple Spring Data modules found, entering strict repository configuration mode
2025-07-24 16:06:05.414 [main] INFO  o.s.d.r.config.RepositoryConfigurationDelegate - Bootstrapping Spring Data Redis repositories in DEFAULT mode.
2025-07-24 16:06:05.432 [main] INFO  o.s.d.r.config.RepositoryConfigurationDelegate - Finished Spring Data repository scanning in 7 ms. Found 0 Redis repository interfaces.
2025-07-24 16:06:05.571 [main] INFO  o.springframework.cloud.context.scope.GenericScope - BeanFactory id=fb44659f-8c4f-38dc-9729-24ffe7821001
2025-07-24 16:06:05.968 [main] INFO  o.s.boot.web.embedded.tomcat.TomcatWebServer - Tomcat initialized with port(s): 8080 (http)
2025-07-24 16:06:05.977 [main] INFO  org.apache.catalina.core.StandardService - Starting service [Tomcat]
2025-07-24 16:06:05.977 [main] INFO  org.apache.catalina.core.StandardEngine - Starting Servlet engine: [Apache Tomcat/10.1.5]
2025-07-24 16:06:06.031 [main] INFO  o.a.c.core.ContainerBase.[Tomcat].[localhost].[/] - Initializing Spring embedded WebApplicationContext
2025-07-24 16:06:06.032 [main] INFO  o.s.b.w.s.c.ServletWebServerApplicationContext - Root WebApplicationContext: initialization completed in 1033 ms
2025-07-24 16:06:06.119 [main] INFO  c.a.d.s.b.a.DruidDataSourceAutoConfigure - Init DruidDataSource
2025-07-24 16:06:06.378 [main] INFO  com.alibaba.druid.pool.DruidDataSource - {dataSource-1} inited
2025-07-24 16:06:08.178 [main] INFO  org.springframework.cloud.commons.util.InetUtils - Cannot determine local hostname
2025-07-24 16:06:08.239 [main] INFO  o.s.boot.web.embedded.tomcat.TomcatWebServer - Tomcat started on port(s): 8080 (http) with context path ''
2025-07-24 16:06:09.337 [main] INFO  org.springframework.cloud.commons.util.InetUtils - Cannot determine local hostname
2025-07-24 16:06:09.344 [main] INFO  c.q.xiaohashu.auth.XiaohashuAuthApplication - Started XiaohashuAuthApplication in 8.255 seconds (process running for 8.746)
2025-07-24 16:06:09.345 [main] INFO  c.q.x.auth.runner.PushRolePermissions2RedisRunner - ==> 服务启动，开始同步角色权限数据到 Redis 中...
2025-07-24 16:06:09.644 [main] WARN  c.q.x.auth.runner.PushRolePermissions2RedisRunner - ==> 角色权限数据已经同步至 Redis 中，不再同步...
2025-07-24 16:06:09.647 [main] INFO  com.alibaba.nacos.client.config.impl.CacheData - nacos.cache.data.init.snapshot = true 
2025-07-24 16:06:09.649 [main] INFO  com.alibaba.nacos.client.config.impl.ClientWorker - [fixed-127.0.0.1_8848] [subscribe] xiaohashu-auth.properties+DEFAULT_GROUP
2025-07-24 16:06:09.655 [main] INFO  com.alibaba.nacos.client.config.impl.CacheData - [fixed-127.0.0.1_8848] [add-listener] ok, tenant=, dataId=xiaohashu-auth.properties, group=DEFAULT_GROUP, cnt=1
2025-07-24 16:06:09.656 [main] INFO  c.a.cloud.nacos.refresh.NacosContextRefresher - [Nacos Config] Listening config: dataId=xiaohashu-auth.properties, group=DEFAULT_GROUP
2025-07-24 16:06:09.656 [main] INFO  com.alibaba.nacos.client.config.impl.ClientWorker - [fixed-127.0.0.1_8848] [subscribe] xiaohashu-auth-dev.properties+DEFAULT_GROUP
2025-07-24 16:06:09.656 [main] INFO  com.alibaba.nacos.client.config.impl.CacheData - [fixed-127.0.0.1_8848] [add-listener] ok, tenant=, dataId=xiaohashu-auth-dev.properties, group=DEFAULT_GROUP, cnt=1
2025-07-24 16:06:09.656 [main] INFO  c.a.cloud.nacos.refresh.NacosContextRefresher - [Nacos Config] Listening config: dataId=xiaohashu-auth-dev.properties, group=DEFAULT_GROUP
2025-07-24 16:06:09.657 [main] INFO  com.alibaba.nacos.client.config.impl.ClientWorker - [fixed-127.0.0.1_8848] [subscribe] xiaohashu-auth+DEFAULT_GROUP
2025-07-24 16:06:09.658 [main] INFO  com.alibaba.nacos.client.config.impl.CacheData - [fixed-127.0.0.1_8848] [add-listener] ok, tenant=, dataId=xiaohashu-auth, group=DEFAULT_GROUP, cnt=1
2025-07-24 16:06:09.658 [main] INFO  c.a.cloud.nacos.refresh.NacosContextRefresher - [Nacos Config] Listening config: dataId=xiaohashu-auth, group=DEFAULT_GROUP
2025-07-24 16:06:23.068 [http-nio-8080-exec-1] INFO  o.a.c.core.ContainerBase.[Tomcat].[localhost].[/] - Initializing Spring DispatcherServlet 'dispatcherServlet'
2025-07-24 16:06:23.068 [http-nio-8080-exec-1] INFO  org.springframework.web.servlet.DispatcherServlet - Initializing Servlet 'dispatcherServlet'
2025-07-24 16:06:23.069 [http-nio-8080-exec-1] INFO  org.springframework.web.servlet.DispatcherServlet - Completed initialization in 1 ms
2025-07-24 16:06:23.093 [http-nio-8080-exec-1] INFO  c.q.xiaohashu.auth.alarm.impl.SmsAlarmHelper - ==> 【短信告警】：系统出错啦，犬小哈这个月绩效没了，速度上线解决问题！
2025-07-24 16:07:43.924 [Thread-1] WARN  c.alibaba.nacos.common.http.HttpClientBeanHolder - [HttpClientBeanHolder] Start destroying common HttpClient
2025-07-24 16:07:43.924 [Thread-8] WARN  com.alibaba.nacos.common.notify.NotifyCenter - [NotifyCenter] Start destroying Publisher
2025-07-24 16:07:43.924 [Thread-8] WARN  com.alibaba.nacos.common.notify.NotifyCenter - [NotifyCenter] Destruction of the end
2025-07-24 16:07:43.925 [Thread-1] WARN  c.alibaba.nacos.common.http.HttpClientBeanHolder - [HttpClientBeanHolder] Destruction of the end
2025-07-24 16:07:44.073 [SpringApplicationShutdownHook] INFO  com.alibaba.druid.pool.DruidDataSource - {dataSource-1} closing ...
2025-07-24 16:07:44.078 [SpringApplicationShutdownHook] INFO  com.alibaba.druid.pool.DruidDataSource - {dataSource-1} closed
2025-07-24 16:07:50.365 [main] WARN  com.alibaba.nacos.client.logging.NacosLogging - Load Logback Configuration of Nacos fail, message: Could not initialize Logback Nacos logging from classpath:nacos-logback.xml
2025-07-24 16:07:50.378 [main] INFO  c.a.n.client.config.impl.LocalConfigInfoProcessor - LOCAL_SNAPSHOT_PATH:C:\Users\50723\nacos\config
2025-07-24 16:07:50.381 [main] INFO  com.alibaba.nacos.common.remote.client - [RpcClientFactory] create a new rpc client of ec4cf717-699f-4cda-8f0d-1598a2b5f38a_config-0
2025-07-24 16:07:50.401 [main] INFO  com.alibaba.nacos.common.remote.client - [ec4cf717-699f-4cda-8f0d-1598a2b5f38a_config-0] Register server push request handler:com.alibaba.nacos.client.config.impl.ClientWorker$ConfigRpcTransportClient$$Lambda$590/0x000001e181391060
2025-07-24 16:07:50.401 [main] INFO  com.alibaba.nacos.common.remote.client - [ec4cf717-699f-4cda-8f0d-1598a2b5f38a_config-0] Register server push request handler:com.alibaba.nacos.client.config.impl.ClientWorker$ConfigRpcTransportClient$$Lambda$591/0x000001e181391480
2025-07-24 16:07:50.401 [main] INFO  com.alibaba.nacos.common.remote.client - [ec4cf717-699f-4cda-8f0d-1598a2b5f38a_config-0] Registry connection listener to current client:com.alibaba.nacos.client.config.impl.ClientWorker$ConfigRpcTransportClient$1
2025-07-24 16:07:50.401 [main] INFO  com.alibaba.nacos.common.remote.client - [ec4cf717-699f-4cda-8f0d-1598a2b5f38a_config-0] RpcClient init, ServerListFactory = com.alibaba.nacos.client.config.impl.ClientWorker$ConfigRpcTransportClient$2
2025-07-24 16:07:50.407 [main] INFO  com.alibaba.nacos.common.remote.client - [ec4cf717-699f-4cda-8f0d-1598a2b5f38a_config-0] Try to connect to server on start up, server: {serverIp = '127.0.0.1', server main port = 8848}
2025-07-24 16:07:50.433 [main] INFO  c.a.nacos.common.remote.client.grpc.GrpcClient - grpc client connection server:127.0.0.1 ip,serverPort:9848,grpcTslConfig:{"sslProvider":"OPENSSL","enableTls":false,"mutualAuthEnable":false,"trustAll":false}
2025-07-24 16:07:51.162 [main] INFO  com.alibaba.nacos.common.remote.client - [ec4cf717-699f-4cda-8f0d-1598a2b5f38a_config-0] Success to connect to server [127.0.0.1:8848] on start up, connectionId = 1753344470977_127.0.0.1_61654
2025-07-24 16:07:51.163 [com.alibaba.nacos.client.remote.worker] INFO  com.alibaba.nacos.common.remote.client - [ec4cf717-699f-4cda-8f0d-1598a2b5f38a_config-0] Notify connected event to listeners.
2025-07-24 16:07:51.163 [com.alibaba.nacos.client.remote.worker] INFO  com.alibaba.nacos.client.config.impl.ClientWorker - [ec4cf717-699f-4cda-8f0d-1598a2b5f38a_config-0] Connected,notify listen context...
2025-07-24 16:07:51.163 [main] INFO  com.alibaba.nacos.common.remote.client - [ec4cf717-699f-4cda-8f0d-1598a2b5f38a_config-0] Register server push request handler:com.alibaba.nacos.common.remote.client.RpcClient$ConnectResetRequestHandler
2025-07-24 16:07:51.163 [main] INFO  com.alibaba.nacos.common.remote.client - [ec4cf717-699f-4cda-8f0d-1598a2b5f38a_config-0] Register server push request handler:com.alibaba.nacos.common.remote.client.RpcClient$$Lambda$611/0x000001e1814db598
2025-07-24 16:07:51.203 [main] INFO  com.alibaba.nacos.client.config.impl.Limiter - limitTime:5.0
2025-07-24 16:07:51.214 [main] INFO  com.alibaba.nacos.client.config.utils.JvmUtil - isMultiInstance:false
2025-07-24 16:07:51.232 [main] WARN  c.a.cloud.nacos.client.NacosPropertySourceBuilder - Ignore the empty nacos configuration and get it based on dataId[xiaohashu-auth-dev.properties] & group[DEFAULT_GROUP]
2025-07-24 16:07:51.233 [main] INFO  o.s.c.b.c.PropertySourceBootstrapConfiguration - Located property source: [BootstrapPropertySource {name='bootstrapProperties-xiaohashu-auth-dev.properties,DEFAULT_GROUP'}, BootstrapPropertySource {name='bootstrapProperties-xiaohashu-auth.properties,DEFAULT_GROUP'}, BootstrapPropertySource {name='bootstrapProperties-xiaohashu-auth,DEFAULT_GROUP'}]
2025-07-24 16:07:51.250 [main] WARN  com.alibaba.nacos.client.logging.NacosLogging - Load Logback Configuration of Nacos fail, message: Could not initialize Logback Nacos logging from classpath:nacos-logback.xml
2025-07-24 16:07:51.251 [main] INFO  c.q.xiaohashu.auth.XiaohashuAuthApplication - The following 1 profile is active: "dev"
2025-07-24 16:07:51.673 [main] INFO  o.s.d.r.config.RepositoryConfigurationDelegate - Multiple Spring Data modules found, entering strict repository configuration mode
2025-07-24 16:07:51.675 [main] INFO  o.s.d.r.config.RepositoryConfigurationDelegate - Bootstrapping Spring Data Redis repositories in DEFAULT mode.
2025-07-24 16:07:51.693 [main] INFO  o.s.d.r.config.RepositoryConfigurationDelegate - Finished Spring Data repository scanning in 7 ms. Found 0 Redis repository interfaces.
2025-07-24 16:07:51.828 [main] INFO  o.springframework.cloud.context.scope.GenericScope - BeanFactory id=fb44659f-8c4f-38dc-9729-24ffe7821001
2025-07-24 16:07:52.230 [main] INFO  o.s.boot.web.embedded.tomcat.TomcatWebServer - Tomcat initialized with port(s): 8080 (http)
2025-07-24 16:07:52.245 [main] INFO  org.apache.catalina.core.StandardService - Starting service [Tomcat]
2025-07-24 16:07:52.246 [main] INFO  org.apache.catalina.core.StandardEngine - Starting Servlet engine: [Apache Tomcat/10.1.5]
2025-07-24 16:07:52.299 [main] INFO  o.a.c.core.ContainerBase.[Tomcat].[localhost].[/] - Initializing Spring embedded WebApplicationContext
2025-07-24 16:07:52.300 [main] INFO  o.s.b.w.s.c.ServletWebServerApplicationContext - Root WebApplicationContext: initialization completed in 1036 ms
2025-07-24 16:07:52.391 [main] INFO  c.a.d.s.b.a.DruidDataSourceAutoConfigure - Init DruidDataSource
2025-07-24 16:07:52.643 [main] INFO  com.alibaba.druid.pool.DruidDataSource - {dataSource-1} inited
2025-07-24 16:07:54.446 [main] INFO  org.springframework.cloud.commons.util.InetUtils - Cannot determine local hostname
2025-07-24 16:07:54.505 [main] INFO  o.s.boot.web.embedded.tomcat.TomcatWebServer - Tomcat started on port(s): 8080 (http) with context path ''
2025-07-24 16:07:55.597 [main] INFO  org.springframework.cloud.commons.util.InetUtils - Cannot determine local hostname
2025-07-24 16:07:55.604 [main] INFO  c.q.xiaohashu.auth.XiaohashuAuthApplication - Started XiaohashuAuthApplication in 8.239 seconds (process running for 8.703)
2025-07-24 16:07:55.605 [main] INFO  c.q.x.auth.runner.PushRolePermissions2RedisRunner - ==> 服务启动，开始同步角色权限数据到 Redis 中...
2025-07-24 16:07:55.905 [main] WARN  c.q.x.auth.runner.PushRolePermissions2RedisRunner - ==> 角色权限数据已经同步至 Redis 中，不再同步...
2025-07-24 16:07:55.907 [main] INFO  com.alibaba.nacos.client.config.impl.CacheData - nacos.cache.data.init.snapshot = true 
2025-07-24 16:07:55.909 [main] INFO  com.alibaba.nacos.client.config.impl.ClientWorker - [fixed-127.0.0.1_8848] [subscribe] xiaohashu-auth.properties+DEFAULT_GROUP
2025-07-24 16:07:55.915 [main] INFO  com.alibaba.nacos.client.config.impl.CacheData - [fixed-127.0.0.1_8848] [add-listener] ok, tenant=, dataId=xiaohashu-auth.properties, group=DEFAULT_GROUP, cnt=1
2025-07-24 16:07:55.915 [main] INFO  c.a.cloud.nacos.refresh.NacosContextRefresher - [Nacos Config] Listening config: dataId=xiaohashu-auth.properties, group=DEFAULT_GROUP
2025-07-24 16:07:55.915 [main] INFO  com.alibaba.nacos.client.config.impl.ClientWorker - [fixed-127.0.0.1_8848] [subscribe] xiaohashu-auth-dev.properties+DEFAULT_GROUP
2025-07-24 16:07:55.915 [main] INFO  com.alibaba.nacos.client.config.impl.CacheData - [fixed-127.0.0.1_8848] [add-listener] ok, tenant=, dataId=xiaohashu-auth-dev.properties, group=DEFAULT_GROUP, cnt=1
2025-07-24 16:07:55.915 [main] INFO  c.a.cloud.nacos.refresh.NacosContextRefresher - [Nacos Config] Listening config: dataId=xiaohashu-auth-dev.properties, group=DEFAULT_GROUP
2025-07-24 16:07:55.917 [main] INFO  com.alibaba.nacos.client.config.impl.ClientWorker - [fixed-127.0.0.1_8848] [subscribe] xiaohashu-auth+DEFAULT_GROUP
2025-07-24 16:07:55.917 [main] INFO  com.alibaba.nacos.client.config.impl.CacheData - [fixed-127.0.0.1_8848] [add-listener] ok, tenant=, dataId=xiaohashu-auth, group=DEFAULT_GROUP, cnt=1
2025-07-24 16:07:55.917 [main] INFO  c.a.cloud.nacos.refresh.NacosContextRefresher - [Nacos Config] Listening config: dataId=xiaohashu-auth, group=DEFAULT_GROUP
2025-07-24 16:08:02.490 [http-nio-8080-exec-1] INFO  o.a.c.core.ContainerBase.[Tomcat].[localhost].[/] - Initializing Spring DispatcherServlet 'dispatcherServlet'
2025-07-24 16:08:02.490 [http-nio-8080-exec-1] INFO  org.springframework.web.servlet.DispatcherServlet - Initializing Servlet 'dispatcherServlet'
2025-07-24 16:08:02.491 [http-nio-8080-exec-1] INFO  org.springframework.web.servlet.DispatcherServlet - Completed initialization in 1 ms
2025-07-24 16:08:02.514 [http-nio-8080-exec-1] INFO  c.q.xiaohashu.auth.alarm.impl.SmsAlarmHelper - ==> 【短信告警】：系统出错啦，犬小哈这个月绩效没了，速度上线解决问题！100
2025-07-24 16:08:35.727 [Thread-8] WARN  com.alibaba.nacos.common.notify.NotifyCenter - [NotifyCenter] Start destroying Publisher
2025-07-24 16:08:35.727 [Thread-1] WARN  c.alibaba.nacos.common.http.HttpClientBeanHolder - [HttpClientBeanHolder] Start destroying common HttpClient
2025-07-24 16:08:35.727 [Thread-8] WARN  com.alibaba.nacos.common.notify.NotifyCenter - [NotifyCenter] Destruction of the end
2025-07-24 16:08:35.728 [Thread-1] WARN  c.alibaba.nacos.common.http.HttpClientBeanHolder - [HttpClientBeanHolder] Destruction of the end
2025-07-24 16:08:35.882 [SpringApplicationShutdownHook] INFO  com.alibaba.druid.pool.DruidDataSource - {dataSource-1} closing ...
2025-07-24 16:08:35.888 [SpringApplicationShutdownHook] INFO  com.alibaba.druid.pool.DruidDataSource - {dataSource-1} closed
2025-07-24 16:08:40.737 [main] WARN  com.alibaba.nacos.client.logging.NacosLogging - Load Logback Configuration of Nacos fail, message: Could not initialize Logback Nacos logging from classpath:nacos-logback.xml
2025-07-24 16:08:40.750 [main] INFO  c.a.n.client.config.impl.LocalConfigInfoProcessor - LOCAL_SNAPSHOT_PATH:C:\Users\50723\nacos\config
2025-07-24 16:08:40.758 [main] INFO  com.alibaba.nacos.common.remote.client - [RpcClientFactory] create a new rpc client of 1a8383e2-e562-4737-99ce-2c1853a4c8b0_config-0
2025-07-24 16:08:40.773 [main] INFO  com.alibaba.nacos.common.remote.client - [1a8383e2-e562-4737-99ce-2c1853a4c8b0_config-0] Register server push request handler:com.alibaba.nacos.client.config.impl.ClientWorker$ConfigRpcTransportClient$$Lambda$590/0x0000013c81391060
2025-07-24 16:08:40.773 [main] INFO  com.alibaba.nacos.common.remote.client - [1a8383e2-e562-4737-99ce-2c1853a4c8b0_config-0] Register server push request handler:com.alibaba.nacos.client.config.impl.ClientWorker$ConfigRpcTransportClient$$Lambda$591/0x0000013c81391480
2025-07-24 16:08:40.773 [main] INFO  com.alibaba.nacos.common.remote.client - [1a8383e2-e562-4737-99ce-2c1853a4c8b0_config-0] Registry connection listener to current client:com.alibaba.nacos.client.config.impl.ClientWorker$ConfigRpcTransportClient$1
2025-07-24 16:08:40.776 [main] INFO  com.alibaba.nacos.common.remote.client - [1a8383e2-e562-4737-99ce-2c1853a4c8b0_config-0] RpcClient init, ServerListFactory = com.alibaba.nacos.client.config.impl.ClientWorker$ConfigRpcTransportClient$2
2025-07-24 16:08:40.783 [main] INFO  com.alibaba.nacos.common.remote.client - [1a8383e2-e562-4737-99ce-2c1853a4c8b0_config-0] Try to connect to server on start up, server: {serverIp = '127.0.0.1', server main port = 8848}
2025-07-24 16:08:40.809 [main] INFO  c.a.nacos.common.remote.client.grpc.GrpcClient - grpc client connection server:127.0.0.1 ip,serverPort:9848,grpcTslConfig:{"sslProvider":"OPENSSL","enableTls":false,"mutualAuthEnable":false,"trustAll":false}
2025-07-24 16:08:41.517 [main] INFO  com.alibaba.nacos.common.remote.client - [1a8383e2-e562-4737-99ce-2c1853a4c8b0_config-0] Success to connect to server [127.0.0.1:8848] on start up, connectionId = 1753344521341_127.0.0.1_61710
2025-07-24 16:08:41.518 [com.alibaba.nacos.client.remote.worker] INFO  com.alibaba.nacos.common.remote.client - [1a8383e2-e562-4737-99ce-2c1853a4c8b0_config-0] Notify connected event to listeners.
2025-07-24 16:08:41.518 [com.alibaba.nacos.client.remote.worker] INFO  com.alibaba.nacos.client.config.impl.ClientWorker - [1a8383e2-e562-4737-99ce-2c1853a4c8b0_config-0] Connected,notify listen context...
2025-07-24 16:08:41.518 [main] INFO  com.alibaba.nacos.common.remote.client - [1a8383e2-e562-4737-99ce-2c1853a4c8b0_config-0] Register server push request handler:com.alibaba.nacos.common.remote.client.RpcClient$ConnectResetRequestHandler
2025-07-24 16:08:41.519 [main] INFO  com.alibaba.nacos.common.remote.client - [1a8383e2-e562-4737-99ce-2c1853a4c8b0_config-0] Register server push request handler:com.alibaba.nacos.common.remote.client.RpcClient$$Lambda$611/0x0000013c814d63d0
2025-07-24 16:08:41.560 [main] INFO  com.alibaba.nacos.client.config.impl.Limiter - limitTime:5.0
2025-07-24 16:08:41.571 [main] INFO  com.alibaba.nacos.client.config.utils.JvmUtil - isMultiInstance:false
2025-07-24 16:08:41.587 [main] WARN  c.a.cloud.nacos.client.NacosPropertySourceBuilder - Ignore the empty nacos configuration and get it based on dataId[xiaohashu-auth-dev.properties] & group[DEFAULT_GROUP]
2025-07-24 16:08:41.588 [main] INFO  o.s.c.b.c.PropertySourceBootstrapConfiguration - Located property source: [BootstrapPropertySource {name='bootstrapProperties-xiaohashu-auth-dev.properties,DEFAULT_GROUP'}, BootstrapPropertySource {name='bootstrapProperties-xiaohashu-auth.properties,DEFAULT_GROUP'}, BootstrapPropertySource {name='bootstrapProperties-xiaohashu-auth,DEFAULT_GROUP'}]
2025-07-24 16:08:41.605 [main] WARN  com.alibaba.nacos.client.logging.NacosLogging - Load Logback Configuration of Nacos fail, message: Could not initialize Logback Nacos logging from classpath:nacos-logback.xml
2025-07-24 16:08:41.606 [main] INFO  c.q.xiaohashu.auth.XiaohashuAuthApplication - The following 1 profile is active: "dev"
2025-07-24 16:08:42.022 [main] INFO  o.s.d.r.config.RepositoryConfigurationDelegate - Multiple Spring Data modules found, entering strict repository configuration mode
2025-07-24 16:08:42.024 [main] INFO  o.s.d.r.config.RepositoryConfigurationDelegate - Bootstrapping Spring Data Redis repositories in DEFAULT mode.
2025-07-24 16:08:42.042 [main] INFO  o.s.d.r.config.RepositoryConfigurationDelegate - Finished Spring Data repository scanning in 7 ms. Found 0 Redis repository interfaces.
2025-07-24 16:08:42.182 [main] INFO  o.springframework.cloud.context.scope.GenericScope - BeanFactory id=fb44659f-8c4f-38dc-9729-24ffe7821001
2025-07-24 16:08:42.586 [main] INFO  o.s.boot.web.embedded.tomcat.TomcatWebServer - Tomcat initialized with port(s): 8080 (http)
2025-07-24 16:08:42.594 [main] INFO  org.apache.catalina.core.StandardService - Starting service [Tomcat]
2025-07-24 16:08:42.594 [main] INFO  org.apache.catalina.core.StandardEngine - Starting Servlet engine: [Apache Tomcat/10.1.5]
2025-07-24 16:08:42.650 [main] INFO  o.a.c.core.ContainerBase.[Tomcat].[localhost].[/] - Initializing Spring embedded WebApplicationContext
2025-07-24 16:08:42.650 [main] INFO  o.s.b.w.s.c.ServletWebServerApplicationContext - Root WebApplicationContext: initialization completed in 1032 ms
2025-07-24 16:08:42.736 [main] INFO  c.a.d.s.b.a.DruidDataSourceAutoConfigure - Init DruidDataSource
2025-07-24 16:08:42.991 [main] INFO  com.alibaba.druid.pool.DruidDataSource - {dataSource-1} inited
2025-07-24 16:08:44.790 [main] INFO  org.springframework.cloud.commons.util.InetUtils - Cannot determine local hostname
2025-07-24 16:08:44.853 [main] INFO  o.s.boot.web.embedded.tomcat.TomcatWebServer - Tomcat started on port(s): 8080 (http) with context path ''
2025-07-24 16:08:45.945 [main] INFO  org.springframework.cloud.commons.util.InetUtils - Cannot determine local hostname
2025-07-24 16:08:45.952 [main] INFO  c.q.xiaohashu.auth.XiaohashuAuthApplication - Started XiaohashuAuthApplication in 8.294 seconds (process running for 8.786)
2025-07-24 16:08:45.953 [main] INFO  c.q.x.auth.runner.PushRolePermissions2RedisRunner - ==> 服务启动，开始同步角色权限数据到 Redis 中...
2025-07-24 16:08:46.251 [main] WARN  c.q.x.auth.runner.PushRolePermissions2RedisRunner - ==> 角色权限数据已经同步至 Redis 中，不再同步...
2025-07-24 16:08:46.254 [main] INFO  com.alibaba.nacos.client.config.impl.CacheData - nacos.cache.data.init.snapshot = true 
2025-07-24 16:08:46.256 [main] INFO  com.alibaba.nacos.client.config.impl.ClientWorker - [fixed-127.0.0.1_8848] [subscribe] xiaohashu-auth.properties+DEFAULT_GROUP
2025-07-24 16:08:46.262 [main] INFO  com.alibaba.nacos.client.config.impl.CacheData - [fixed-127.0.0.1_8848] [add-listener] ok, tenant=, dataId=xiaohashu-auth.properties, group=DEFAULT_GROUP, cnt=1
2025-07-24 16:08:46.263 [main] INFO  c.a.cloud.nacos.refresh.NacosContextRefresher - [Nacos Config] Listening config: dataId=xiaohashu-auth.properties, group=DEFAULT_GROUP
2025-07-24 16:08:46.263 [main] INFO  com.alibaba.nacos.client.config.impl.ClientWorker - [fixed-127.0.0.1_8848] [subscribe] xiaohashu-auth-dev.properties+DEFAULT_GROUP
2025-07-24 16:08:46.263 [main] INFO  com.alibaba.nacos.client.config.impl.CacheData - [fixed-127.0.0.1_8848] [add-listener] ok, tenant=, dataId=xiaohashu-auth-dev.properties, group=DEFAULT_GROUP, cnt=1
2025-07-24 16:08:46.263 [main] INFO  c.a.cloud.nacos.refresh.NacosContextRefresher - [Nacos Config] Listening config: dataId=xiaohashu-auth-dev.properties, group=DEFAULT_GROUP
2025-07-24 16:08:46.264 [main] INFO  com.alibaba.nacos.client.config.impl.ClientWorker - [fixed-127.0.0.1_8848] [subscribe] xiaohashu-auth+DEFAULT_GROUP
2025-07-24 16:08:46.264 [main] INFO  com.alibaba.nacos.client.config.impl.CacheData - [fixed-127.0.0.1_8848] [add-listener] ok, tenant=, dataId=xiaohashu-auth, group=DEFAULT_GROUP, cnt=1
2025-07-24 16:08:46.264 [main] INFO  c.a.cloud.nacos.refresh.NacosContextRefresher - [Nacos Config] Listening config: dataId=xiaohashu-auth, group=DEFAULT_GROUP
2025-07-24 16:08:55.510 [http-nio-8080-exec-1] INFO  o.a.c.core.ContainerBase.[Tomcat].[localhost].[/] - Initializing Spring DispatcherServlet 'dispatcherServlet'
2025-07-24 16:08:55.510 [http-nio-8080-exec-1] INFO  org.springframework.web.servlet.DispatcherServlet - Initializing Servlet 'dispatcherServlet'
2025-07-24 16:08:55.511 [http-nio-8080-exec-1] INFO  org.springframework.web.servlet.DispatcherServlet - Completed initialization in 0 ms
2025-07-24 16:08:55.534 [http-nio-8080-exec-1] INFO  c.q.xiaohashu.auth.alarm.impl.SmsAlarmHelper - ==> 【短信告警】：系统出错啦，犬小哈这个月绩效没了，速度上线解决问题！100
2025-07-24 16:09:06.063 [nacos-grpc-client-executor-127.0.0.1-21] INFO  com.alibaba.nacos.common.remote.client - [1a8383e2-e562-4737-99ce-2c1853a4c8b0_config-0] Receive server push request, request = ConfigChangeNotifyRequest, requestId = 3
2025-07-24 16:09:06.063 [nacos-grpc-client-executor-127.0.0.1-21] INFO  com.alibaba.nacos.client.config.impl.ClientWorker - [1a8383e2-e562-4737-99ce-2c1853a4c8b0_config-0] [server-push] config changed. dataId=xiaohashu-auth, group=DEFAULT_GROUP,tenant=null
2025-07-24 16:09:06.063 [nacos-grpc-client-executor-127.0.0.1-21] INFO  com.alibaba.nacos.common.remote.client - [1a8383e2-e562-4737-99ce-2c1853a4c8b0_config-0] Ack server push request, request = ConfigChangeNotifyRequest, requestId = 3
2025-07-24 16:09:06.073 [com.alibaba.nacos.client.Worker] INFO  com.alibaba.nacos.client.config.impl.ClientWorker - [fixed-127.0.0.1_8848] [data-received] dataId=xiaohashu-auth, group=DEFAULT_GROUP, tenant=, md5=fa34cfa47f4f8b5594773f56570903de, content=rate-limit:
  api:
    limit: 888, type=yaml
2025-07-24 16:09:06.075 [com.alibaba.nacos.client.Worker] INFO  com.alibaba.nacos.client.config.impl.CacheData - [fixed-127.0.0.1_8848] [notify-listener] time cost=0ms in ClientWorker, dataId=xiaohashu-auth, group=DEFAULT_GROUP, md5=fa34cfa47f4f8b5594773f56570903de, listener=com.alibaba.cloud.nacos.refresh.NacosContextRefresher$1@24dfa2ec 
2025-07-24 16:09:06.075 [nacos.client.cachedata.internal.notifier] INFO  com.alibaba.nacos.client.config.impl.CacheData - [fixed-127.0.0.1_8848] [notify-context] dataId=xiaohashu-auth, group=DEFAULT_GROUP, md5=fa34cfa47f4f8b5594773f56570903de
2025-07-24 16:09:07.176 [nacos.client.cachedata.internal.notifier] INFO  org.springframework.cloud.commons.util.InetUtils - Cannot determine local hostname
2025-07-24 16:09:07.197 [nacos.client.cachedata.internal.notifier] WARN  com.alibaba.nacos.client.logging.NacosLogging - Load Logback Configuration of Nacos fail, message: Could not initialize Logback Nacos logging from classpath:nacos-logback.xml
2025-07-24 16:09:07.201 [nacos.client.cachedata.internal.notifier] WARN  com.alibaba.nacos.client.logging.NacosLogging - Load Logback Configuration of Nacos fail, message: Could not initialize Logback Nacos logging from classpath:nacos-logback.xml
2025-07-24 16:09:07.218 [nacos.client.cachedata.internal.notifier] WARN  com.alibaba.nacos.client.logging.NacosLogging - Load Logback Configuration of Nacos fail, message: Could not initialize Logback Nacos logging from classpath:nacos-logback.xml
2025-07-24 16:09:07.225 [nacos.client.cachedata.internal.notifier] WARN  c.a.cloud.nacos.client.NacosPropertySourceBuilder - Ignore the empty nacos configuration and get it based on dataId[null.properties] & group[DEFAULT_GROUP]
2025-07-24 16:09:07.228 [nacos.client.cachedata.internal.notifier] WARN  c.a.cloud.nacos.client.NacosPropertySourceBuilder - Ignore the empty nacos configuration and get it based on dataId[null-dev.properties] & group[DEFAULT_GROUP]
2025-07-24 16:09:07.228 [nacos.client.cachedata.internal.notifier] INFO  o.s.c.b.c.PropertySourceBootstrapConfiguration - Located property source: [BootstrapPropertySource {name='bootstrapProperties-null-dev.properties,DEFAULT_GROUP'}, BootstrapPropertySource {name='bootstrapProperties-null.properties,DEFAULT_GROUP'}]
2025-07-24 16:09:07.230 [nacos.client.cachedata.internal.notifier] WARN  com.alibaba.nacos.client.logging.NacosLogging - Load Logback Configuration of Nacos fail, message: Could not initialize Logback Nacos logging from classpath:nacos-logback.xml
2025-07-24 16:09:07.230 [nacos.client.cachedata.internal.notifier] INFO  org.springframework.boot.SpringApplication - The following 1 profile is active: "dev"
2025-07-24 16:09:07.234 [nacos.client.cachedata.internal.notifier] INFO  org.springframework.boot.SpringApplication - Started application in 1.156 seconds (process running for 30.067)
2025-07-24 16:09:07.266 [nacos.client.cachedata.internal.notifier] INFO  com.alibaba.druid.pool.DruidDataSource - {dataSource-1} closing ...
2025-07-24 16:09:07.274 [nacos.client.cachedata.internal.notifier] INFO  com.alibaba.druid.pool.DruidDataSource - {dataSource-1} closed
2025-07-24 16:09:07.294 [nacos.client.cachedata.internal.notifier] INFO  o.s.cloud.endpoint.event.RefreshEventListener - Refresh keys changed: []
2025-07-24 16:09:07.294 [nacos.client.cachedata.internal.notifier] INFO  com.alibaba.nacos.client.config.impl.CacheData - [fixed-127.0.0.1_8848] [notify-ok] dataId=xiaohashu-auth, group=DEFAULT_GROUP, md5=fa34cfa47f4f8b5594773f56570903de, listener=com.alibaba.cloud.nacos.refresh.NacosContextRefresher$1@24dfa2ec ,cost=1219 millis.
2025-07-24 16:09:24.245 [http-nio-8080-exec-3] INFO  c.q.xiaohashu.auth.alarm.impl.SmsAlarmHelper - ==> 【短信告警】：系统出错啦，犬小哈这个月绩效没了，速度上线解决问题！100
2025-07-24 16:10:09.854 [Thread-1] WARN  c.alibaba.nacos.common.http.HttpClientBeanHolder - [HttpClientBeanHolder] Start destroying common HttpClient
2025-07-24 16:10:09.854 [Thread-8] WARN  com.alibaba.nacos.common.notify.NotifyCenter - [NotifyCenter] Start destroying Publisher
2025-07-24 16:10:09.854 [Thread-8] WARN  com.alibaba.nacos.common.notify.NotifyCenter - [NotifyCenter] Destruction of the end
2025-07-24 16:10:09.854 [Thread-1] WARN  c.alibaba.nacos.common.http.HttpClientBeanHolder - [HttpClientBeanHolder] Destruction of the end
2025-07-24 16:10:10.012 [SpringApplicationShutdownHook] INFO  com.alibaba.druid.pool.DruidDataSource - {dataSource-1} closing ...
2025-07-24 16:10:16.138 [main] WARN  com.alibaba.nacos.client.logging.NacosLogging - Load Logback Configuration of Nacos fail, message: Could not initialize Logback Nacos logging from classpath:nacos-logback.xml
2025-07-24 16:10:16.151 [main] INFO  c.a.n.client.config.impl.LocalConfigInfoProcessor - LOCAL_SNAPSHOT_PATH:C:\Users\50723\nacos\config
2025-07-24 16:10:16.154 [main] INFO  com.alibaba.nacos.common.remote.client - [RpcClientFactory] create a new rpc client of d40b6a91-1c38-47c1-9a64-6ad582740ca6_config-0
2025-07-24 16:10:16.173 [main] INFO  com.alibaba.nacos.common.remote.client - [d40b6a91-1c38-47c1-9a64-6ad582740ca6_config-0] Register server push request handler:com.alibaba.nacos.client.config.impl.ClientWorker$ConfigRpcTransportClient$$Lambda$590/0x000001d30d391060
2025-07-24 16:10:16.173 [main] INFO  com.alibaba.nacos.common.remote.client - [d40b6a91-1c38-47c1-9a64-6ad582740ca6_config-0] Register server push request handler:com.alibaba.nacos.client.config.impl.ClientWorker$ConfigRpcTransportClient$$Lambda$591/0x000001d30d391480
2025-07-24 16:10:16.174 [main] INFO  com.alibaba.nacos.common.remote.client - [d40b6a91-1c38-47c1-9a64-6ad582740ca6_config-0] Registry connection listener to current client:com.alibaba.nacos.client.config.impl.ClientWorker$ConfigRpcTransportClient$1
2025-07-24 16:10:16.174 [main] INFO  com.alibaba.nacos.common.remote.client - [d40b6a91-1c38-47c1-9a64-6ad582740ca6_config-0] RpcClient init, ServerListFactory = com.alibaba.nacos.client.config.impl.ClientWorker$ConfigRpcTransportClient$2
2025-07-24 16:10:16.182 [main] INFO  com.alibaba.nacos.common.remote.client - [d40b6a91-1c38-47c1-9a64-6ad582740ca6_config-0] Try to connect to server on start up, server: {serverIp = '127.0.0.1', server main port = 8848}
2025-07-24 16:10:16.208 [main] INFO  c.a.nacos.common.remote.client.grpc.GrpcClient - grpc client connection server:127.0.0.1 ip,serverPort:9848,grpcTslConfig:{"sslProvider":"OPENSSL","enableTls":false,"mutualAuthEnable":false,"trustAll":false}
2025-07-24 16:10:16.929 [main] INFO  com.alibaba.nacos.common.remote.client - [d40b6a91-1c38-47c1-9a64-6ad582740ca6_config-0] Success to connect to server [127.0.0.1:8848] on start up, connectionId = 1753344616751_127.0.0.1_61771
2025-07-24 16:10:16.930 [com.alibaba.nacos.client.remote.worker] INFO  com.alibaba.nacos.common.remote.client - [d40b6a91-1c38-47c1-9a64-6ad582740ca6_config-0] Notify connected event to listeners.
2025-07-24 16:10:16.930 [com.alibaba.nacos.client.remote.worker] INFO  com.alibaba.nacos.client.config.impl.ClientWorker - [d40b6a91-1c38-47c1-9a64-6ad582740ca6_config-0] Connected,notify listen context...
2025-07-24 16:10:16.930 [main] INFO  com.alibaba.nacos.common.remote.client - [d40b6a91-1c38-47c1-9a64-6ad582740ca6_config-0] Register server push request handler:com.alibaba.nacos.common.remote.client.RpcClient$ConnectResetRequestHandler
2025-07-24 16:10:16.930 [main] INFO  com.alibaba.nacos.common.remote.client - [d40b6a91-1c38-47c1-9a64-6ad582740ca6_config-0] Register server push request handler:com.alibaba.nacos.common.remote.client.RpcClient$$Lambda$611/0x000001d30d4daee0
2025-07-24 16:10:16.971 [main] INFO  com.alibaba.nacos.client.config.impl.Limiter - limitTime:5.0
2025-07-24 16:10:16.984 [main] INFO  com.alibaba.nacos.client.config.utils.JvmUtil - isMultiInstance:false
2025-07-24 16:10:17.001 [main] WARN  c.a.cloud.nacos.client.NacosPropertySourceBuilder - Ignore the empty nacos configuration and get it based on dataId[xiaohashu-auth-dev.properties] & group[DEFAULT_GROUP]
2025-07-24 16:10:17.002 [main] INFO  o.s.c.b.c.PropertySourceBootstrapConfiguration - Located property source: [BootstrapPropertySource {name='bootstrapProperties-xiaohashu-auth-dev.properties,DEFAULT_GROUP'}, BootstrapPropertySource {name='bootstrapProperties-xiaohashu-auth.properties,DEFAULT_GROUP'}, BootstrapPropertySource {name='bootstrapProperties-xiaohashu-auth,DEFAULT_GROUP'}]
2025-07-24 16:10:17.020 [main] WARN  com.alibaba.nacos.client.logging.NacosLogging - Load Logback Configuration of Nacos fail, message: Could not initialize Logback Nacos logging from classpath:nacos-logback.xml
2025-07-24 16:10:17.021 [main] INFO  c.q.xiaohashu.auth.XiaohashuAuthApplication - The following 1 profile is active: "dev"
2025-07-24 16:10:17.449 [main] INFO  o.s.d.r.config.RepositoryConfigurationDelegate - Multiple Spring Data modules found, entering strict repository configuration mode
2025-07-24 16:10:17.451 [main] INFO  o.s.d.r.config.RepositoryConfigurationDelegate - Bootstrapping Spring Data Redis repositories in DEFAULT mode.
2025-07-24 16:10:17.470 [main] INFO  o.s.d.r.config.RepositoryConfigurationDelegate - Finished Spring Data repository scanning in 7 ms. Found 0 Redis repository interfaces.
2025-07-24 16:10:17.620 [main] INFO  o.springframework.cloud.context.scope.GenericScope - BeanFactory id=fb44659f-8c4f-38dc-9729-24ffe7821001
2025-07-24 16:10:18.049 [main] INFO  o.s.boot.web.embedded.tomcat.TomcatWebServer - Tomcat initialized with port(s): 8080 (http)
2025-07-24 16:10:18.058 [main] INFO  org.apache.catalina.core.StandardService - Starting service [Tomcat]
2025-07-24 16:10:18.058 [main] INFO  org.apache.catalina.core.StandardEngine - Starting Servlet engine: [Apache Tomcat/10.1.5]
2025-07-24 16:10:18.118 [main] INFO  o.a.c.core.ContainerBase.[Tomcat].[localhost].[/] - Initializing Spring embedded WebApplicationContext
2025-07-24 16:10:18.118 [main] INFO  o.s.b.w.s.c.ServletWebServerApplicationContext - Root WebApplicationContext: initialization completed in 1085 ms
2025-07-24 16:10:18.215 [main] INFO  c.a.d.s.b.a.DruidDataSourceAutoConfigure - Init DruidDataSource
2025-07-24 16:10:18.488 [main] INFO  com.alibaba.druid.pool.DruidDataSource - {dataSource-1} inited
2025-07-24 16:10:20.367 [main] INFO  org.springframework.cloud.commons.util.InetUtils - Cannot determine local hostname
2025-07-24 16:10:20.429 [main] INFO  o.s.boot.web.embedded.tomcat.TomcatWebServer - Tomcat started on port(s): 8080 (http) with context path ''
2025-07-24 16:10:21.522 [main] INFO  org.springframework.cloud.commons.util.InetUtils - Cannot determine local hostname
2025-07-24 16:10:21.529 [main] INFO  c.q.xiaohashu.auth.XiaohashuAuthApplication - Started XiaohashuAuthApplication in 8.407 seconds (process running for 8.862)
2025-07-24 16:10:21.530 [main] INFO  c.q.x.auth.runner.PushRolePermissions2RedisRunner - ==> 服务启动，开始同步角色权限数据到 Redis 中...
2025-07-24 16:10:21.843 [main] WARN  c.q.x.auth.runner.PushRolePermissions2RedisRunner - ==> 角色权限数据已经同步至 Redis 中，不再同步...
2025-07-24 16:10:21.845 [main] INFO  com.alibaba.nacos.client.config.impl.CacheData - nacos.cache.data.init.snapshot = true 
2025-07-24 16:10:21.847 [main] INFO  com.alibaba.nacos.client.config.impl.ClientWorker - [fixed-127.0.0.1_8848] [subscribe] xiaohashu-auth.properties+DEFAULT_GROUP
2025-07-24 16:10:21.853 [main] INFO  com.alibaba.nacos.client.config.impl.CacheData - [fixed-127.0.0.1_8848] [add-listener] ok, tenant=, dataId=xiaohashu-auth.properties, group=DEFAULT_GROUP, cnt=1
2025-07-24 16:10:21.854 [main] INFO  c.a.cloud.nacos.refresh.NacosContextRefresher - [Nacos Config] Listening config: dataId=xiaohashu-auth.properties, group=DEFAULT_GROUP
2025-07-24 16:10:21.854 [main] INFO  com.alibaba.nacos.client.config.impl.ClientWorker - [fixed-127.0.0.1_8848] [subscribe] xiaohashu-auth-dev.properties+DEFAULT_GROUP
2025-07-24 16:10:21.854 [main] INFO  com.alibaba.nacos.client.config.impl.CacheData - [fixed-127.0.0.1_8848] [add-listener] ok, tenant=, dataId=xiaohashu-auth-dev.properties, group=DEFAULT_GROUP, cnt=1
2025-07-24 16:10:21.854 [main] INFO  c.a.cloud.nacos.refresh.NacosContextRefresher - [Nacos Config] Listening config: dataId=xiaohashu-auth-dev.properties, group=DEFAULT_GROUP
2025-07-24 16:10:21.855 [main] INFO  com.alibaba.nacos.client.config.impl.ClientWorker - [fixed-127.0.0.1_8848] [subscribe] xiaohashu-auth+DEFAULT_GROUP
2025-07-24 16:10:21.855 [main] INFO  com.alibaba.nacos.client.config.impl.CacheData - [fixed-127.0.0.1_8848] [add-listener] ok, tenant=, dataId=xiaohashu-auth, group=DEFAULT_GROUP, cnt=1
2025-07-24 16:10:21.855 [main] INFO  c.a.cloud.nacos.refresh.NacosContextRefresher - [Nacos Config] Listening config: dataId=xiaohashu-auth, group=DEFAULT_GROUP
2025-07-24 16:10:24.655 [http-nio-8080-exec-1] INFO  o.a.c.core.ContainerBase.[Tomcat].[localhost].[/] - Initializing Spring DispatcherServlet 'dispatcherServlet'
2025-07-24 16:10:24.656 [http-nio-8080-exec-1] INFO  org.springframework.web.servlet.DispatcherServlet - Initializing Servlet 'dispatcherServlet'
2025-07-24 16:10:24.657 [http-nio-8080-exec-1] INFO  org.springframework.web.servlet.DispatcherServlet - Completed initialization in 1 ms
2025-07-24 16:10:24.683 [http-nio-8080-exec-1] INFO  c.q.xiaohashu.auth.alarm.impl.SmsAlarmHelper - ==> 【短信告警】：系统出错啦，犬小哈这个月绩效没了，速度上线解决问题！null
2025-07-24 16:12:59.618 [Thread-1] WARN  c.alibaba.nacos.common.http.HttpClientBeanHolder - [HttpClientBeanHolder] Start destroying common HttpClient
2025-07-24 16:12:59.618 [Thread-8] WARN  com.alibaba.nacos.common.notify.NotifyCenter - [NotifyCenter] Start destroying Publisher
2025-07-24 16:12:59.618 [Thread-8] WARN  com.alibaba.nacos.common.notify.NotifyCenter - [NotifyCenter] Destruction of the end
2025-07-24 16:12:59.619 [Thread-1] WARN  c.alibaba.nacos.common.http.HttpClientBeanHolder - [HttpClientBeanHolder] Destruction of the end
2025-07-24 16:12:59.771 [SpringApplicationShutdownHook] INFO  com.alibaba.druid.pool.DruidDataSource - {dataSource-1} closing ...
2025-07-24 16:12:59.776 [SpringApplicationShutdownHook] INFO  com.alibaba.druid.pool.DruidDataSource - {dataSource-1} closed
2025-07-24 16:13:11.826 [main] WARN  com.alibaba.nacos.client.logging.NacosLogging - Load Logback Configuration of Nacos fail, message: Could not initialize Logback Nacos logging from classpath:nacos-logback.xml
2025-07-24 16:13:11.839 [main] INFO  c.a.n.client.config.impl.LocalConfigInfoProcessor - LOCAL_SNAPSHOT_PATH:C:\Users\50723\nacos\config
2025-07-24 16:13:11.843 [main] INFO  com.alibaba.nacos.common.remote.client - [RpcClientFactory] create a new rpc client of d3a2e4d2-d95d-4216-be68-33e8bbc3508c_config-0
2025-07-24 16:13:11.861 [main] INFO  com.alibaba.nacos.common.remote.client - [d3a2e4d2-d95d-4216-be68-33e8bbc3508c_config-0] Register server push request handler:com.alibaba.nacos.client.config.impl.ClientWorker$ConfigRpcTransportClient$$Lambda$590/0x00000221a0391060
2025-07-24 16:13:11.861 [main] INFO  com.alibaba.nacos.common.remote.client - [d3a2e4d2-d95d-4216-be68-33e8bbc3508c_config-0] Register server push request handler:com.alibaba.nacos.client.config.impl.ClientWorker$ConfigRpcTransportClient$$Lambda$591/0x00000221a0391480
2025-07-24 16:13:11.861 [main] INFO  com.alibaba.nacos.common.remote.client - [d3a2e4d2-d95d-4216-be68-33e8bbc3508c_config-0] Registry connection listener to current client:com.alibaba.nacos.client.config.impl.ClientWorker$ConfigRpcTransportClient$1
2025-07-24 16:13:11.862 [main] INFO  com.alibaba.nacos.common.remote.client - [d3a2e4d2-d95d-4216-be68-33e8bbc3508c_config-0] RpcClient init, ServerListFactory = com.alibaba.nacos.client.config.impl.ClientWorker$ConfigRpcTransportClient$2
2025-07-24 16:13:11.867 [main] INFO  com.alibaba.nacos.common.remote.client - [d3a2e4d2-d95d-4216-be68-33e8bbc3508c_config-0] Try to connect to server on start up, server: {serverIp = '127.0.0.1', server main port = 8848}
2025-07-24 16:13:11.893 [main] INFO  c.a.nacos.common.remote.client.grpc.GrpcClient - grpc client connection server:127.0.0.1 ip,serverPort:9848,grpcTslConfig:{"sslProvider":"OPENSSL","enableTls":false,"mutualAuthEnable":false,"trustAll":false}
2025-07-24 16:13:12.656 [main] INFO  com.alibaba.nacos.common.remote.client - [d3a2e4d2-d95d-4216-be68-33e8bbc3508c_config-0] Success to connect to server [127.0.0.1:8848] on start up, connectionId = 1753344792461_127.0.0.1_61933
2025-07-24 16:13:12.657 [com.alibaba.nacos.client.remote.worker] INFO  com.alibaba.nacos.common.remote.client - [d3a2e4d2-d95d-4216-be68-33e8bbc3508c_config-0] Notify connected event to listeners.
2025-07-24 16:13:12.657 [com.alibaba.nacos.client.remote.worker] INFO  com.alibaba.nacos.client.config.impl.ClientWorker - [d3a2e4d2-d95d-4216-be68-33e8bbc3508c_config-0] Connected,notify listen context...
2025-07-24 16:13:12.657 [main] INFO  com.alibaba.nacos.common.remote.client - [d3a2e4d2-d95d-4216-be68-33e8bbc3508c_config-0] Register server push request handler:com.alibaba.nacos.common.remote.client.RpcClient$ConnectResetRequestHandler
2025-07-24 16:13:12.657 [main] INFO  com.alibaba.nacos.common.remote.client - [d3a2e4d2-d95d-4216-be68-33e8bbc3508c_config-0] Register server push request handler:com.alibaba.nacos.common.remote.client.RpcClient$$Lambda$611/0x00000221a04db598
2025-07-24 16:13:12.700 [main] INFO  com.alibaba.nacos.client.config.impl.Limiter - limitTime:5.0
2025-07-24 16:13:12.712 [main] INFO  com.alibaba.nacos.client.config.utils.JvmUtil - isMultiInstance:false
2025-07-24 16:13:12.730 [main] WARN  c.a.cloud.nacos.client.NacosPropertySourceBuilder - Ignore the empty nacos configuration and get it based on dataId[xiaohashu-auth-dev.properties] & group[DEFAULT_GROUP]
2025-07-24 16:13:12.731 [main] INFO  o.s.c.b.c.PropertySourceBootstrapConfiguration - Located property source: [BootstrapPropertySource {name='bootstrapProperties-xiaohashu-auth-dev.properties,DEFAULT_GROUP'}, BootstrapPropertySource {name='bootstrapProperties-xiaohashu-auth.properties,DEFAULT_GROUP'}, BootstrapPropertySource {name='bootstrapProperties-xiaohashu-auth,DEFAULT_GROUP'}]
2025-07-24 16:13:12.750 [main] WARN  com.alibaba.nacos.client.logging.NacosLogging - Load Logback Configuration of Nacos fail, message: Could not initialize Logback Nacos logging from classpath:nacos-logback.xml
2025-07-24 16:13:12.751 [main] INFO  c.q.xiaohashu.auth.XiaohashuAuthApplication - The following 1 profile is active: "dev"
2025-07-24 16:13:13.298 [main] INFO  o.s.d.r.config.RepositoryConfigurationDelegate - Multiple Spring Data modules found, entering strict repository configuration mode
2025-07-24 16:13:13.300 [main] INFO  o.s.d.r.config.RepositoryConfigurationDelegate - Bootstrapping Spring Data Redis repositories in DEFAULT mode.
2025-07-24 16:13:13.319 [main] INFO  o.s.d.r.config.RepositoryConfigurationDelegate - Finished Spring Data repository scanning in 8 ms. Found 0 Redis repository interfaces.
2025-07-24 16:13:13.460 [main] INFO  o.springframework.cloud.context.scope.GenericScope - BeanFactory id=fb44659f-8c4f-38dc-9729-24ffe7821001
2025-07-24 16:13:13.881 [main] INFO  o.s.boot.web.embedded.tomcat.TomcatWebServer - Tomcat initialized with port(s): 8080 (http)
2025-07-24 16:13:13.889 [main] INFO  org.apache.catalina.core.StandardService - Starting service [Tomcat]
2025-07-24 16:13:13.889 [main] INFO  org.apache.catalina.core.StandardEngine - Starting Servlet engine: [Apache Tomcat/10.1.5]
2025-07-24 16:13:13.946 [main] INFO  o.a.c.core.ContainerBase.[Tomcat].[localhost].[/] - Initializing Spring embedded WebApplicationContext
2025-07-24 16:13:13.946 [main] INFO  o.s.b.w.s.c.ServletWebServerApplicationContext - Root WebApplicationContext: initialization completed in 1181 ms
2025-07-24 16:13:14.038 [main] INFO  c.a.d.s.b.a.DruidDataSourceAutoConfigure - Init DruidDataSource
2025-07-24 16:13:14.316 [main] INFO  com.alibaba.druid.pool.DruidDataSource - {dataSource-1} inited
2025-07-24 16:13:16.135 [main] INFO  org.springframework.cloud.commons.util.InetUtils - Cannot determine local hostname
2025-07-24 16:13:16.200 [main] INFO  o.s.boot.web.embedded.tomcat.TomcatWebServer - Tomcat started on port(s): 8080 (http) with context path ''
2025-07-24 16:13:17.287 [main] INFO  org.springframework.cloud.commons.util.InetUtils - Cannot determine local hostname
2025-07-24 16:13:17.293 [main] INFO  c.q.xiaohashu.auth.XiaohashuAuthApplication - Started XiaohashuAuthApplication in 8.858 seconds (process running for 9.696)
2025-07-24 16:13:17.294 [main] INFO  c.q.x.auth.runner.PushRolePermissions2RedisRunner - ==> 服务启动，开始同步角色权限数据到 Redis 中...
2025-07-24 16:13:17.607 [main] WARN  c.q.x.auth.runner.PushRolePermissions2RedisRunner - ==> 角色权限数据已经同步至 Redis 中，不再同步...
2025-07-24 16:13:17.609 [main] INFO  com.alibaba.nacos.client.config.impl.CacheData - nacos.cache.data.init.snapshot = true 
2025-07-24 16:13:17.611 [main] INFO  com.alibaba.nacos.client.config.impl.ClientWorker - [fixed-127.0.0.1_8848] [subscribe] xiaohashu-auth.properties+DEFAULT_GROUP
2025-07-24 16:13:17.619 [main] INFO  com.alibaba.nacos.client.config.impl.CacheData - [fixed-127.0.0.1_8848] [add-listener] ok, tenant=, dataId=xiaohashu-auth.properties, group=DEFAULT_GROUP, cnt=1
2025-07-24 16:13:17.619 [main] INFO  c.a.cloud.nacos.refresh.NacosContextRefresher - [Nacos Config] Listening config: dataId=xiaohashu-auth.properties, group=DEFAULT_GROUP
2025-07-24 16:13:17.619 [main] INFO  com.alibaba.nacos.client.config.impl.ClientWorker - [fixed-127.0.0.1_8848] [subscribe] xiaohashu-auth-dev.properties+DEFAULT_GROUP
2025-07-24 16:13:17.619 [main] INFO  com.alibaba.nacos.client.config.impl.CacheData - [fixed-127.0.0.1_8848] [add-listener] ok, tenant=, dataId=xiaohashu-auth-dev.properties, group=DEFAULT_GROUP, cnt=1
2025-07-24 16:13:17.620 [main] INFO  c.a.cloud.nacos.refresh.NacosContextRefresher - [Nacos Config] Listening config: dataId=xiaohashu-auth-dev.properties, group=DEFAULT_GROUP
2025-07-24 16:13:17.621 [main] INFO  com.alibaba.nacos.client.config.impl.ClientWorker - [fixed-127.0.0.1_8848] [subscribe] xiaohashu-auth+DEFAULT_GROUP
2025-07-24 16:13:17.621 [main] INFO  com.alibaba.nacos.client.config.impl.CacheData - [fixed-127.0.0.1_8848] [add-listener] ok, tenant=, dataId=xiaohashu-auth, group=DEFAULT_GROUP, cnt=1
2025-07-24 16:13:17.621 [main] INFO  c.a.cloud.nacos.refresh.NacosContextRefresher - [Nacos Config] Listening config: dataId=xiaohashu-auth, group=DEFAULT_GROUP
2025-07-24 16:19:04.511 [Thread-1] WARN  c.alibaba.nacos.common.http.HttpClientBeanHolder - [HttpClientBeanHolder] Start destroying common HttpClient
2025-07-24 16:19:04.511 [Thread-8] WARN  com.alibaba.nacos.common.notify.NotifyCenter - [NotifyCenter] Start destroying Publisher
2025-07-24 16:19:04.511 [Thread-8] WARN  com.alibaba.nacos.common.notify.NotifyCenter - [NotifyCenter] Destruction of the end
2025-07-24 16:19:04.511 [Thread-1] WARN  c.alibaba.nacos.common.http.HttpClientBeanHolder - [HttpClientBeanHolder] Destruction of the end
2025-07-24 16:19:04.656 [SpringApplicationShutdownHook] INFO  com.alibaba.druid.pool.DruidDataSource - {dataSource-1} closing ...
2025-07-24 16:19:04.662 [SpringApplicationShutdownHook] INFO  com.alibaba.druid.pool.DruidDataSource - {dataSource-1} closed
2025-07-24 16:22:38.972 [main] INFO  c.a.b.nacos.config.util.NacosConfigPropertiesUtils - nacosConfigProperties : NacosConfigProperties{serverAddr='127.0.0.1:8848', contextPath='null', encode='null', endpoint='null', namespace='public', accessKey='null', secretKey='null', ramRoleName='null', autoRefresh=true, dataId='xiaohashu-auth', dataIds='null', group='DEFAULT_GROUP', type=YAML, maxRetry='null', configLongPollTimeout='null', configRetryTime='null', enableRemoteSyncConfig=false, extConfig=[], bootstrap=Bootstrap{enable=true, snapshotEnable=false, logEnable=false}}
2025-07-24 16:22:39.039 [main] INFO  c.a.b.nacos.config.util.NacosConfigPropertiesUtils - nacosConfigProperties : NacosConfigProperties{serverAddr='127.0.0.1:8848', contextPath='null', encode='null', endpoint='null', namespace='public', accessKey='null', secretKey='null', ramRoleName='null', autoRefresh=true, dataId='xiaohashu-auth', dataIds='null', group='DEFAULT_GROUP', type=YAML, maxRetry='null', configLongPollTimeout='null', configRetryTime='null', enableRemoteSyncConfig=false, extConfig=[], bootstrap=Bootstrap{enable=true, snapshotEnable=false, logEnable=false}}
2025-07-24 16:22:39.065 [main] WARN  com.alibaba.nacos.client.logging.NacosLogging - Load Logback Configuration of Nacos fail, message: Could not initialize Logback Nacos logging from classpath:nacos-logback.xml
2025-07-24 16:22:39.066 [main] INFO  c.a.n.client.config.impl.LocalConfigInfoProcessor - LOCAL_SNAPSHOT_PATH:C:\Users\50723\nacos\config
2025-07-24 16:22:39.086 [main] INFO  com.alibaba.nacos.client.utils.ParamUtil - [settings] [req-serv] nacos-server port:8848
2025-07-24 16:22:39.086 [main] INFO  com.alibaba.nacos.client.utils.ParamUtil - [settings] [http-client] connect timeout:1000
2025-07-24 16:22:39.087 [main] INFO  com.alibaba.nacos.client.utils.ParamUtil - PER_TASK_CONFIG_SIZE: 3000.0
2025-07-24 16:22:39.115 [main] INFO  c.a.n.p.auth.spi.client.ClientAuthPluginManager - [ClientAuthPluginManager] Load ClientAuthService com.alibaba.nacos.client.auth.impl.NacosClientAuthServiceImpl success.
2025-07-24 16:22:39.115 [main] INFO  c.a.n.p.auth.spi.client.ClientAuthPluginManager - [ClientAuthPluginManager] Load ClientAuthService com.alibaba.nacos.client.auth.ram.RamClientAuthServiceImpl success.
2025-07-24 16:22:39.118 [main] INFO  c.a.n.client.auth.ram.identify.CredentialWatcher - null No credential found
2025-07-24 16:22:39.127 [main] INFO  com.alibaba.nacos.common.remote.client - [RpcClientFactory] create a new rpc client of 5de97a35-3fbb-4732-ad4d-56efa65e9b83_config-0
2025-07-24 16:22:39.147 [main] INFO  com.alibaba.nacos.common.remote.client - [5de97a35-3fbb-4732-ad4d-56efa65e9b83_config-0] Register server push request handler:com.alibaba.nacos.client.config.impl.ClientWorker$ConfigRpcTransportClient$$Lambda$432/0x0000026c012b22a8
2025-07-24 16:22:39.148 [main] INFO  com.alibaba.nacos.common.remote.client - [5de97a35-3fbb-4732-ad4d-56efa65e9b83_config-0] Register server push request handler:com.alibaba.nacos.client.config.impl.ClientWorker$ConfigRpcTransportClient$$Lambda$433/0x0000026c012b3708
2025-07-24 16:22:39.148 [main] INFO  com.alibaba.nacos.common.remote.client - [5de97a35-3fbb-4732-ad4d-56efa65e9b83_config-0] Registry connection listener to current client:com.alibaba.nacos.client.config.impl.ClientWorker$ConfigRpcTransportClient$1
2025-07-24 16:22:39.149 [main] INFO  com.alibaba.nacos.common.remote.client - [5de97a35-3fbb-4732-ad4d-56efa65e9b83_config-0] RpcClient init, ServerListFactory = com.alibaba.nacos.client.config.impl.ClientWorker$ConfigRpcTransportClient$2
2025-07-24 16:22:39.155 [main] INFO  com.alibaba.nacos.common.remote.client - [5de97a35-3fbb-4732-ad4d-56efa65e9b83_config-0] Try to connect to server on start up, server: {serverIp = '127.0.0.1', server main port = 8848}
2025-07-24 16:22:39.275 [main] INFO  c.a.nacos.common.remote.client.grpc.GrpcClient - grpc client connection server:127.0.0.1 ip,serverPort:9848,grpcTslConfig:{"sslProvider":"OPENSSL","enableTls":false,"mutualAuthEnable":false,"trustAll":false}
2025-07-24 16:22:39.996 [main] INFO  com.alibaba.nacos.common.remote.client - [5de97a35-3fbb-4732-ad4d-56efa65e9b83_config-0] Success to connect to server [127.0.0.1:8848] on start up, connectionId = 1753345359822_127.0.0.1_62648
2025-07-24 16:22:39.997 [com.alibaba.nacos.client.remote.worker] INFO  com.alibaba.nacos.common.remote.client - [5de97a35-3fbb-4732-ad4d-56efa65e9b83_config-0] Notify connected event to listeners.
2025-07-24 16:22:39.997 [com.alibaba.nacos.client.remote.worker] INFO  com.alibaba.nacos.client.config.impl.ClientWorker - [5de97a35-3fbb-4732-ad4d-56efa65e9b83_config-0] Connected,notify listen context...
2025-07-24 16:22:39.997 [main] INFO  com.alibaba.nacos.common.remote.client - [5de97a35-3fbb-4732-ad4d-56efa65e9b83_config-0] Register server push request handler:com.alibaba.nacos.common.remote.client.RpcClient$ConnectResetRequestHandler
2025-07-24 16:22:39.997 [main] INFO  com.alibaba.nacos.common.remote.client - [5de97a35-3fbb-4732-ad4d-56efa65e9b83_config-0] Register server push request handler:com.alibaba.nacos.common.remote.client.RpcClient$$Lambda$477/0x0000026c0149e3d0
2025-07-24 16:22:40.034 [main] INFO  com.alibaba.nacos.client.config.impl.Limiter - limitTime:5.0
2025-07-24 16:22:40.060 [main] INFO  c.alibaba.boot.nacos.config.util.NacosConfigLoader - load config from nacos, data-id is : xiaohashu-auth, group is : DEFAULT_GROUP
2025-07-24 16:22:40.064 [main] INFO  com.alibaba.nacos.client.config.impl.CacheData - nacos.cache.data.init.snapshot = true 
2025-07-24 16:22:40.064 [main] INFO  com.alibaba.nacos.client.config.impl.ClientWorker - [fixed-public-127.0.0.1_8848] [subscribe] xiaohashu-auth+DEFAULT_GROUP+public
2025-07-24 16:22:40.070 [main] INFO  com.alibaba.nacos.client.config.impl.CacheData - [fixed-public-127.0.0.1_8848] [add-listener] ok, tenant=public, dataId=xiaohashu-auth, group=DEFAULT_GROUP, cnt=1
2025-07-24 16:22:40.072 [main] INFO  c.q.xiaohashu.auth.XiaohashuAuthApplication - Starting XiaohashuAuthApplication using Java 17.0.15 with PID 53592 (E:\Downloads\Compressed\xiaohashu-5.3节\xiaohashu2\xiaohashu-auth\target\classes started by 50723 in E:\Downloads\Compressed\xiaohashu-5.3节\xiaohashu2)
2025-07-24 16:22:40.074 [main] INFO  c.q.xiaohashu.auth.XiaohashuAuthApplication - The following 1 profile is active: "dev"
2025-07-24 16:22:40.242 [com.alibaba.nacos.client.Worker] INFO  com.alibaba.nacos.client.config.impl.CacheData - [fixed-public-127.0.0.1_8848] [notify-listener] time cost=0ms in ClientWorker, dataId=xiaohashu-auth, group=DEFAULT_GROUP, md5=fa34cfa47f4f8b5594773f56570903de, listener=com.alibaba.nacos.spring.context.event.config.DelegatingEventPublishingListener@66a2d784 
2025-07-24 16:22:40.243 [nacos.client.cachedata.internal.notifier] INFO  com.alibaba.nacos.client.config.impl.CacheData - [fixed-public-127.0.0.1_8848] [notify-ok] dataId=xiaohashu-auth, group=DEFAULT_GROUP, md5=fa34cfa47f4f8b5594773f56570903de, listener=com.alibaba.nacos.spring.context.event.config.DelegatingEventPublishingListener@66a2d784 ,cost=1 millis.
2025-07-24 16:22:40.683 [main] INFO  o.s.d.r.config.RepositoryConfigurationDelegate - Multiple Spring Data modules found, entering strict repository configuration mode
2025-07-24 16:22:40.685 [main] INFO  o.s.d.r.config.RepositoryConfigurationDelegate - Bootstrapping Spring Data Redis repositories in DEFAULT mode.
2025-07-24 16:22:40.708 [main] INFO  o.s.d.r.config.RepositoryConfigurationDelegate - Finished Spring Data repository scanning in 11 ms. Found 0 Redis repository interfaces.
2025-07-24 16:22:41.288 [main] INFO  o.s.boot.web.embedded.tomcat.TomcatWebServer - Tomcat initialized with port(s): 8080 (http)
2025-07-24 16:22:41.296 [main] INFO  org.apache.catalina.core.StandardService - Starting service [Tomcat]
2025-07-24 16:22:41.296 [main] INFO  org.apache.catalina.core.StandardEngine - Starting Servlet engine: [Apache Tomcat/10.1.5]
2025-07-24 16:22:41.349 [main] INFO  o.a.c.core.ContainerBase.[Tomcat].[localhost].[/] - Initializing Spring embedded WebApplicationContext
2025-07-24 16:22:41.349 [main] INFO  o.s.b.w.s.c.ServletWebServerApplicationContext - Root WebApplicationContext: initialization completed in 1243 ms
2025-07-24 16:22:41.441 [main] INFO  c.a.d.s.b.a.DruidDataSourceAutoConfigure - Init DruidDataSource
2025-07-24 16:22:41.725 [main] INFO  com.alibaba.druid.pool.DruidDataSource - {dataSource-1} inited
2025-07-24 16:22:42.565 [main] INFO  o.s.boot.web.embedded.tomcat.TomcatWebServer - Tomcat started on port(s): 8080 (http) with context path ''
2025-07-24 16:22:42.594 [main] INFO  c.q.xiaohashu.auth.XiaohashuAuthApplication - Started XiaohashuAuthApplication in 4.12 seconds (process running for 4.607)
2025-07-24 16:22:42.596 [main] INFO  c.q.x.auth.runner.PushRolePermissions2RedisRunner - ==> 服务启动，开始同步角色权限数据到 Redis 中...
2025-07-24 16:22:42.906 [main] WARN  c.q.x.auth.runner.PushRolePermissions2RedisRunner - ==> 角色权限数据已经同步至 Redis 中，不再同步...
2025-07-24 16:23:09.823 [http-nio-8080-exec-1] INFO  o.a.c.core.ContainerBase.[Tomcat].[localhost].[/] - Initializing Spring DispatcherServlet 'dispatcherServlet'
2025-07-24 16:23:09.823 [http-nio-8080-exec-1] INFO  org.springframework.web.servlet.DispatcherServlet - Initializing Servlet 'dispatcherServlet'
2025-07-24 16:23:09.825 [http-nio-8080-exec-1] INFO  org.springframework.web.servlet.DispatcherServlet - Completed initialization in 2 ms
2025-07-24 16:23:09.855 [http-nio-8080-exec-1] INFO  c.q.xiaohashu.auth.alarm.impl.SmsAlarmHelper - ==> 【短信告警】：系统出错啦，犬小哈这个月绩效没了，速度上线解决问题！100
2025-07-24 16:23:46.797 [Thread-1] WARN  c.alibaba.nacos.common.http.HttpClientBeanHolder - [HttpClientBeanHolder] Start destroying common HttpClient
2025-07-24 16:23:46.797 [Thread-6] WARN  com.alibaba.nacos.common.notify.NotifyCenter - [NotifyCenter] Start destroying Publisher
2025-07-24 16:23:46.798 [Thread-6] WARN  com.alibaba.nacos.common.notify.NotifyCenter - [NotifyCenter] Destruction of the end
2025-07-24 16:23:46.798 [Thread-1] WARN  c.alibaba.nacos.common.http.HttpClientBeanHolder - [HttpClientBeanHolder] Destruction of the end
2025-07-24 16:23:46.951 [SpringApplicationShutdownHook] INFO  com.alibaba.druid.pool.DruidDataSource - {dataSource-1} closing ...
2025-07-24 16:23:46.956 [SpringApplicationShutdownHook] INFO  com.alibaba.druid.pool.DruidDataSource - {dataSource-1} closed
2025-07-24 16:23:46.956 [SpringApplicationShutdownHook] INFO  c.a.n.s.c.a.c.NacosValueAnnotationBeanPostProcessor - 100 was destroying!
2025-07-24 16:23:46.956 [SpringApplicationShutdownHook] INFO  c.a.n.s.c.a.c.NacosValueAnnotationBeanPostProcessor - class com.alibaba.nacos.spring.context.annotation.config.NacosValueAnnotationBeanPostProcessor was destroying!
2025-07-24 16:23:46.957 [SpringApplicationShutdownHook] INFO  c.a.n.s.b.f.a.AnnotationNacosInjectedBeanPostProcessor - class com.alibaba.nacos.spring.beans.factory.annotation.AnnotationNacosInjectedBeanPostProcessor was destroying!
2025-07-24 16:23:49.314 [main] INFO  c.a.b.nacos.config.util.NacosConfigPropertiesUtils - nacosConfigProperties : NacosConfigProperties{serverAddr='127.0.0.1:8848', contextPath='null', encode='null', endpoint='null', namespace='public', accessKey='null', secretKey='null', ramRoleName='null', autoRefresh=true, dataId='xiaohashu-auth', dataIds='null', group='DEFAULT_GROUP', type=YAML, maxRetry='null', configLongPollTimeout='null', configRetryTime='null', enableRemoteSyncConfig=false, extConfig=[], bootstrap=Bootstrap{enable=true, snapshotEnable=false, logEnable=false}}
2025-07-24 16:23:49.394 [main] INFO  c.a.b.nacos.config.util.NacosConfigPropertiesUtils - nacosConfigProperties : NacosConfigProperties{serverAddr='127.0.0.1:8848', contextPath='null', encode='null', endpoint='null', namespace='public', accessKey='null', secretKey='null', ramRoleName='null', autoRefresh=true, dataId='xiaohashu-auth', dataIds='null', group='DEFAULT_GROUP', type=YAML, maxRetry='null', configLongPollTimeout='null', configRetryTime='null', enableRemoteSyncConfig=false, extConfig=[], bootstrap=Bootstrap{enable=true, snapshotEnable=false, logEnable=false}}
2025-07-24 16:23:49.409 [main] WARN  com.alibaba.nacos.client.logging.NacosLogging - Load Logback Configuration of Nacos fail, message: Could not initialize Logback Nacos logging from classpath:nacos-logback.xml
2025-07-24 16:23:49.409 [main] INFO  c.a.n.client.config.impl.LocalConfigInfoProcessor - LOCAL_SNAPSHOT_PATH:C:\Users\50723\nacos\config
2025-07-24 16:23:49.427 [main] INFO  com.alibaba.nacos.client.utils.ParamUtil - [settings] [req-serv] nacos-server port:8848
2025-07-24 16:23:49.427 [main] INFO  com.alibaba.nacos.client.utils.ParamUtil - [settings] [http-client] connect timeout:1000
2025-07-24 16:23:49.428 [main] INFO  com.alibaba.nacos.client.utils.ParamUtil - PER_TASK_CONFIG_SIZE: 3000.0
2025-07-24 16:23:49.458 [main] INFO  c.a.n.p.auth.spi.client.ClientAuthPluginManager - [ClientAuthPluginManager] Load ClientAuthService com.alibaba.nacos.client.auth.impl.NacosClientAuthServiceImpl success.
2025-07-24 16:23:49.458 [main] INFO  c.a.n.p.auth.spi.client.ClientAuthPluginManager - [ClientAuthPluginManager] Load ClientAuthService com.alibaba.nacos.client.auth.ram.RamClientAuthServiceImpl success.
2025-07-24 16:23:49.461 [main] INFO  c.a.n.client.auth.ram.identify.CredentialWatcher - null No credential found
2025-07-24 16:23:49.470 [main] INFO  com.alibaba.nacos.common.remote.client - [RpcClientFactory] create a new rpc client of a20a1664-dae6-4fc7-83a8-ffce7a2c24bb_config-0
2025-07-24 16:23:49.490 [main] INFO  com.alibaba.nacos.common.remote.client - [a20a1664-dae6-4fc7-83a8-ffce7a2c24bb_config-0] Register server push request handler:com.alibaba.nacos.client.config.impl.ClientWorker$ConfigRpcTransportClient$$Lambda$432/0x000002c8432ab6c0
2025-07-24 16:23:49.491 [main] INFO  com.alibaba.nacos.common.remote.client - [a20a1664-dae6-4fc7-83a8-ffce7a2c24bb_config-0] Register server push request handler:com.alibaba.nacos.client.config.impl.ClientWorker$ConfigRpcTransportClient$$Lambda$433/0x000002c8432abae0
2025-07-24 16:23:49.491 [main] INFO  com.alibaba.nacos.common.remote.client - [a20a1664-dae6-4fc7-83a8-ffce7a2c24bb_config-0] Registry connection listener to current client:com.alibaba.nacos.client.config.impl.ClientWorker$ConfigRpcTransportClient$1
2025-07-24 16:23:49.491 [main] INFO  com.alibaba.nacos.common.remote.client - [a20a1664-dae6-4fc7-83a8-ffce7a2c24bb_config-0] RpcClient init, ServerListFactory = com.alibaba.nacos.client.config.impl.ClientWorker$ConfigRpcTransportClient$2
2025-07-24 16:23:49.502 [main] INFO  com.alibaba.nacos.common.remote.client - [a20a1664-dae6-4fc7-83a8-ffce7a2c24bb_config-0] Try to connect to server on start up, server: {serverIp = '127.0.0.1', server main port = 8848}
2025-07-24 16:23:49.631 [main] INFO  c.a.nacos.common.remote.client.grpc.GrpcClient - grpc client connection server:127.0.0.1 ip,serverPort:9848,grpcTslConfig:{"sslProvider":"OPENSSL","enableTls":false,"mutualAuthEnable":false,"trustAll":false}
2025-07-24 16:23:50.385 [main] INFO  com.alibaba.nacos.common.remote.client - [a20a1664-dae6-4fc7-83a8-ffce7a2c24bb_config-0] Success to connect to server [127.0.0.1:8848] on start up, connectionId = 1753345430203_127.0.0.1_62740
2025-07-24 16:23:50.385 [com.alibaba.nacos.client.remote.worker] INFO  com.alibaba.nacos.common.remote.client - [a20a1664-dae6-4fc7-83a8-ffce7a2c24bb_config-0] Notify connected event to listeners.
2025-07-24 16:23:50.386 [com.alibaba.nacos.client.remote.worker] INFO  com.alibaba.nacos.client.config.impl.ClientWorker - [a20a1664-dae6-4fc7-83a8-ffce7a2c24bb_config-0] Connected,notify listen context...
2025-07-24 16:23:50.386 [main] INFO  com.alibaba.nacos.common.remote.client - [a20a1664-dae6-4fc7-83a8-ffce7a2c24bb_config-0] Register server push request handler:com.alibaba.nacos.common.remote.client.RpcClient$ConnectResetRequestHandler
2025-07-24 16:23:50.386 [main] INFO  com.alibaba.nacos.common.remote.client - [a20a1664-dae6-4fc7-83a8-ffce7a2c24bb_config-0] Register server push request handler:com.alibaba.nacos.common.remote.client.RpcClient$$Lambda$477/0x000002c84349f6f0
2025-07-24 16:23:50.429 [main] INFO  com.alibaba.nacos.client.config.impl.Limiter - limitTime:5.0
2025-07-24 16:23:50.445 [main] INFO  c.alibaba.boot.nacos.config.util.NacosConfigLoader - load config from nacos, data-id is : xiaohashu-auth, group is : DEFAULT_GROUP
2025-07-24 16:23:50.448 [main] INFO  com.alibaba.nacos.client.config.impl.CacheData - nacos.cache.data.init.snapshot = true 
2025-07-24 16:23:50.449 [main] INFO  com.alibaba.nacos.client.config.impl.ClientWorker - [fixed-public-127.0.0.1_8848] [subscribe] xiaohashu-auth+DEFAULT_GROUP+public
2025-07-24 16:23:50.456 [main] INFO  com.alibaba.nacos.client.config.impl.CacheData - [fixed-public-127.0.0.1_8848] [add-listener] ok, tenant=public, dataId=xiaohashu-auth, group=DEFAULT_GROUP, cnt=1
2025-07-24 16:23:50.458 [main] INFO  c.q.xiaohashu.auth.XiaohashuAuthApplication - Starting XiaohashuAuthApplication using Java 17.0.15 with PID 45864 (E:\Downloads\Compressed\xiaohashu-5.3节\xiaohashu2\xiaohashu-auth\target\classes started by 50723 in E:\Downloads\Compressed\xiaohashu-5.3节\xiaohashu2)
2025-07-24 16:23:50.460 [main] INFO  c.q.xiaohashu.auth.XiaohashuAuthApplication - The following 1 profile is active: "dev"
2025-07-24 16:23:50.640 [com.alibaba.nacos.client.Worker] INFO  com.alibaba.nacos.client.config.impl.CacheData - [fixed-public-127.0.0.1_8848] [notify-listener] time cost=0ms in ClientWorker, dataId=xiaohashu-auth, group=DEFAULT_GROUP, md5=fa34cfa47f4f8b5594773f56570903de, listener=com.alibaba.nacos.spring.context.event.config.DelegatingEventPublishingListener@45c3f464 
2025-07-24 16:23:50.641 [nacos.client.cachedata.internal.notifier] INFO  com.alibaba.nacos.client.config.impl.CacheData - [fixed-public-127.0.0.1_8848] [notify-ok] dataId=xiaohashu-auth, group=DEFAULT_GROUP, md5=fa34cfa47f4f8b5594773f56570903de, listener=com.alibaba.nacos.spring.context.event.config.DelegatingEventPublishingListener@45c3f464 ,cost=1 millis.
2025-07-24 16:23:51.052 [main] INFO  o.s.d.r.config.RepositoryConfigurationDelegate - Multiple Spring Data modules found, entering strict repository configuration mode
2025-07-24 16:23:51.055 [main] INFO  o.s.d.r.config.RepositoryConfigurationDelegate - Bootstrapping Spring Data Redis repositories in DEFAULT mode.
2025-07-24 16:23:51.088 [main] INFO  o.s.d.r.config.RepositoryConfigurationDelegate - Finished Spring Data repository scanning in 16 ms. Found 0 Redis repository interfaces.
2025-07-24 16:23:51.710 [main] INFO  o.s.boot.web.embedded.tomcat.TomcatWebServer - Tomcat initialized with port(s): 8080 (http)
2025-07-24 16:23:51.718 [main] INFO  org.apache.catalina.core.StandardService - Starting service [Tomcat]
2025-07-24 16:23:51.718 [main] INFO  org.apache.catalina.core.StandardEngine - Starting Servlet engine: [Apache Tomcat/10.1.5]
2025-07-24 16:23:51.772 [main] INFO  o.a.c.core.ContainerBase.[Tomcat].[localhost].[/] - Initializing Spring embedded WebApplicationContext
2025-07-24 16:23:51.772 [main] INFO  o.s.b.w.s.c.ServletWebServerApplicationContext - Root WebApplicationContext: initialization completed in 1276 ms
2025-07-24 16:23:51.859 [main] INFO  c.a.d.s.b.a.DruidDataSourceAutoConfigure - Init DruidDataSource
2025-07-24 16:23:52.139 [main] INFO  com.alibaba.druid.pool.DruidDataSource - {dataSource-1} inited
2025-07-24 16:23:52.936 [main] INFO  o.s.boot.web.embedded.tomcat.TomcatWebServer - Tomcat started on port(s): 8080 (http) with context path ''
2025-07-24 16:23:52.955 [main] INFO  c.q.xiaohashu.auth.XiaohashuAuthApplication - Started XiaohashuAuthApplication in 4.247 seconds (process running for 4.875)
2025-07-24 16:23:52.956 [main] INFO  c.q.x.auth.runner.PushRolePermissions2RedisRunner - ==> 服务启动，开始同步角色权限数据到 Redis 中...
2025-07-24 16:23:53.263 [main] WARN  c.q.x.auth.runner.PushRolePermissions2RedisRunner - ==> 角色权限数据已经同步至 Redis 中，不再同步...
2025-07-24 16:25:46.380 [Thread-1] WARN  c.alibaba.nacos.common.http.HttpClientBeanHolder - [HttpClientBeanHolder] Start destroying common HttpClient
2025-07-24 16:25:46.380 [Thread-6] WARN  com.alibaba.nacos.common.notify.NotifyCenter - [NotifyCenter] Start destroying Publisher
2025-07-24 16:25:46.380 [Thread-6] WARN  com.alibaba.nacos.common.notify.NotifyCenter - [NotifyCenter] Destruction of the end
2025-07-24 16:25:46.380 [Thread-1] WARN  c.alibaba.nacos.common.http.HttpClientBeanHolder - [HttpClientBeanHolder] Destruction of the end
2025-07-24 16:25:46.536 [SpringApplicationShutdownHook] INFO  com.alibaba.druid.pool.DruidDataSource - {dataSource-1} closing ...
2025-07-24 16:25:46.542 [SpringApplicationShutdownHook] INFO  com.alibaba.druid.pool.DruidDataSource - {dataSource-1} closed
2025-07-24 16:25:46.542 [SpringApplicationShutdownHook] INFO  c.a.n.s.c.a.c.NacosValueAnnotationBeanPostProcessor - 100 was destroying!
2025-07-24 16:25:46.542 [SpringApplicationShutdownHook] INFO  c.a.n.s.c.a.c.NacosValueAnnotationBeanPostProcessor - class com.alibaba.nacos.spring.context.annotation.config.NacosValueAnnotationBeanPostProcessor was destroying!
2025-07-24 16:25:46.542 [SpringApplicationShutdownHook] INFO  c.a.n.s.b.f.a.AnnotationNacosInjectedBeanPostProcessor - class com.alibaba.nacos.spring.beans.factory.annotation.AnnotationNacosInjectedBeanPostProcessor was destroying!
2025-07-24 16:25:50.068 [main] INFO  c.a.b.nacos.config.util.NacosConfigPropertiesUtils - nacosConfigProperties : NacosConfigProperties{serverAddr='http://127.0.0.1:8848/', contextPath='null', encode='null', endpoint='null', namespace='null', accessKey='******', secretKey='******', ramRoleName='null', autoRefresh=true, dataId='xiaohashu-auth', dataIds='null', group='DEFAULT_GROUP', type=YAML, maxRetry='null', configLongPollTimeout='null', configRetryTime='null', enableRemoteSyncConfig=false, extConfig=[], bootstrap=Bootstrap{enable=true, snapshotEnable=false, logEnable=false}}
2025-07-24 16:25:50.156 [main] INFO  c.a.b.nacos.config.util.NacosConfigPropertiesUtils - nacosConfigProperties : NacosConfigProperties{serverAddr='http://127.0.0.1:8848/', contextPath='null', encode='null', endpoint='null', namespace='null', accessKey='******', secretKey='******', ramRoleName='null', autoRefresh=true, dataId='xiaohashu-auth', dataIds='null', group='DEFAULT_GROUP', type=YAML, maxRetry='null', configLongPollTimeout='null', configRetryTime='null', enableRemoteSyncConfig=false, extConfig=[], bootstrap=Bootstrap{enable=true, snapshotEnable=false, logEnable=false}}
2025-07-24 16:25:50.170 [main] WARN  com.alibaba.nacos.client.logging.NacosLogging - Load Logback Configuration of Nacos fail, message: Could not initialize Logback Nacos logging from classpath:nacos-logback.xml
2025-07-24 16:25:50.170 [main] INFO  c.a.n.client.config.impl.LocalConfigInfoProcessor - LOCAL_SNAPSHOT_PATH:C:\Users\50723\nacos\config
2025-07-24 16:25:50.187 [main] INFO  com.alibaba.nacos.client.utils.ParamUtil - [settings] [req-serv] nacos-server port:8848
2025-07-24 16:25:50.187 [main] INFO  com.alibaba.nacos.client.utils.ParamUtil - [settings] [http-client] connect timeout:1000
2025-07-24 16:25:50.188 [main] INFO  com.alibaba.nacos.client.utils.ParamUtil - PER_TASK_CONFIG_SIZE: 3000.0
2025-07-24 16:25:50.214 [main] INFO  c.a.n.p.auth.spi.client.ClientAuthPluginManager - [ClientAuthPluginManager] Load ClientAuthService com.alibaba.nacos.client.auth.impl.NacosClientAuthServiceImpl success.
2025-07-24 16:25:50.215 [main] INFO  c.a.n.p.auth.spi.client.ClientAuthPluginManager - [ClientAuthPluginManager] Load ClientAuthService com.alibaba.nacos.client.auth.ram.RamClientAuthServiceImpl success.
2025-07-24 16:25:50.217 [main] INFO  c.a.n.client.auth.ram.identify.CredentialWatcher - null No credential found
2025-07-24 16:25:50.226 [main] INFO  com.alibaba.nacos.common.remote.client - [RpcClientFactory] create a new rpc client of aeac5fce-93a0-4646-9bb1-b9cf46f40a71_config-0
2025-07-24 16:25:50.245 [main] INFO  com.alibaba.nacos.common.remote.client - [aeac5fce-93a0-4646-9bb1-b9cf46f40a71_config-0] Register server push request handler:com.alibaba.nacos.client.config.impl.ClientWorker$ConfigRpcTransportClient$$Lambda$432/0x0000016ca12ae618
2025-07-24 16:25:50.245 [main] INFO  com.alibaba.nacos.common.remote.client - [aeac5fce-93a0-4646-9bb1-b9cf46f40a71_config-0] Register server push request handler:com.alibaba.nacos.client.config.impl.ClientWorker$ConfigRpcTransportClient$$Lambda$433/0x0000016ca12aefa0
2025-07-24 16:25:50.245 [main] INFO  com.alibaba.nacos.common.remote.client - [aeac5fce-93a0-4646-9bb1-b9cf46f40a71_config-0] Registry connection listener to current client:com.alibaba.nacos.client.config.impl.ClientWorker$ConfigRpcTransportClient$1
2025-07-24 16:25:50.246 [main] INFO  com.alibaba.nacos.common.remote.client - [aeac5fce-93a0-4646-9bb1-b9cf46f40a71_config-0] RpcClient init, ServerListFactory = com.alibaba.nacos.client.config.impl.ClientWorker$ConfigRpcTransportClient$2
2025-07-24 16:25:50.256 [main] INFO  com.alibaba.nacos.common.remote.client - [aeac5fce-93a0-4646-9bb1-b9cf46f40a71_config-0] Try to connect to server on start up, server: {serverIp = '127.0.0.1', server main port = 8848}
2025-07-24 16:25:50.383 [main] INFO  c.a.nacos.common.remote.client.grpc.GrpcClient - grpc client connection server:127.0.0.1 ip,serverPort:9848,grpcTslConfig:{"sslProvider":"OPENSSL","enableTls":false,"mutualAuthEnable":false,"trustAll":false}
2025-07-24 16:25:51.116 [main] INFO  com.alibaba.nacos.common.remote.client - [aeac5fce-93a0-4646-9bb1-b9cf46f40a71_config-0] Success to connect to server [127.0.0.1:8848] on start up, connectionId = 1753345550941_127.0.0.1_62989
2025-07-24 16:25:51.117 [com.alibaba.nacos.client.remote.worker] INFO  com.alibaba.nacos.common.remote.client - [aeac5fce-93a0-4646-9bb1-b9cf46f40a71_config-0] Notify connected event to listeners.
2025-07-24 16:25:51.117 [com.alibaba.nacos.client.remote.worker] INFO  com.alibaba.nacos.client.config.impl.ClientWorker - [aeac5fce-93a0-4646-9bb1-b9cf46f40a71_config-0] Connected,notify listen context...
2025-07-24 16:25:51.117 [main] INFO  com.alibaba.nacos.common.remote.client - [aeac5fce-93a0-4646-9bb1-b9cf46f40a71_config-0] Register server push request handler:com.alibaba.nacos.common.remote.client.RpcClient$ConnectResetRequestHandler
2025-07-24 16:25:51.117 [main] INFO  com.alibaba.nacos.common.remote.client - [aeac5fce-93a0-4646-9bb1-b9cf46f40a71_config-0] Register server push request handler:com.alibaba.nacos.common.remote.client.RpcClient$$Lambda$477/0x0000016ca149f9c8
2025-07-24 16:25:51.154 [main] INFO  com.alibaba.nacos.client.config.impl.Limiter - limitTime:5.0
2025-07-24 16:25:51.169 [main] INFO  c.alibaba.boot.nacos.config.util.NacosConfigLoader - load config from nacos, data-id is : xiaohashu-auth, group is : DEFAULT_GROUP
2025-07-24 16:25:51.172 [main] INFO  com.alibaba.nacos.client.config.impl.CacheData - nacos.cache.data.init.snapshot = true 
2025-07-24 16:25:51.173 [main] INFO  com.alibaba.nacos.client.config.impl.ClientWorker - [fixed-127.0.0.1_8848_] [subscribe] xiaohashu-auth+DEFAULT_GROUP
2025-07-24 16:25:51.179 [main] INFO  com.alibaba.nacos.client.config.impl.CacheData - [fixed-127.0.0.1_8848_] [add-listener] ok, tenant=, dataId=xiaohashu-auth, group=DEFAULT_GROUP, cnt=1
2025-07-24 16:25:51.182 [main] INFO  c.q.xiaohashu.auth.XiaohashuAuthApplication - Starting XiaohashuAuthApplication using Java 17.0.15 with PID 9260 (E:\Downloads\Compressed\xiaohashu-5.3节\xiaohashu2\xiaohashu-auth\target\classes started by 50723 in E:\Downloads\Compressed\xiaohashu-5.3节\xiaohashu2)
2025-07-24 16:25:51.184 [main] INFO  c.q.xiaohashu.auth.XiaohashuAuthApplication - The following 1 profile is active: "dev"
2025-07-24 16:25:51.362 [com.alibaba.nacos.client.Worker] INFO  com.alibaba.nacos.client.config.impl.CacheData - [fixed-127.0.0.1_8848_] [notify-listener] time cost=0ms in ClientWorker, dataId=xiaohashu-auth, group=DEFAULT_GROUP, md5=fa34cfa47f4f8b5594773f56570903de, listener=com.alibaba.nacos.spring.context.event.config.DelegatingEventPublishingListener@363670ec 
2025-07-24 16:25:51.363 [nacos.client.cachedata.internal.notifier] INFO  com.alibaba.nacos.client.config.impl.CacheData - [fixed-127.0.0.1_8848_] [notify-ok] dataId=xiaohashu-auth, group=DEFAULT_GROUP, md5=fa34cfa47f4f8b5594773f56570903de, listener=com.alibaba.nacos.spring.context.event.config.DelegatingEventPublishingListener@363670ec ,cost=1 millis.
2025-07-24 16:25:51.722 [main] INFO  o.s.d.r.config.RepositoryConfigurationDelegate - Multiple Spring Data modules found, entering strict repository configuration mode
2025-07-24 16:25:51.725 [main] INFO  o.s.d.r.config.RepositoryConfigurationDelegate - Bootstrapping Spring Data Redis repositories in DEFAULT mode.
2025-07-24 16:25:51.748 [main] INFO  o.s.d.r.config.RepositoryConfigurationDelegate - Finished Spring Data repository scanning in 11 ms. Found 0 Redis repository interfaces.
2025-07-24 16:25:52.296 [main] INFO  o.s.boot.web.embedded.tomcat.TomcatWebServer - Tomcat initialized with port(s): 8080 (http)
2025-07-24 16:25:52.303 [main] INFO  org.apache.catalina.core.StandardService - Starting service [Tomcat]
2025-07-24 16:25:52.303 [main] INFO  org.apache.catalina.core.StandardEngine - Starting Servlet engine: [Apache Tomcat/10.1.5]
2025-07-24 16:25:52.372 [main] INFO  o.a.c.core.ContainerBase.[Tomcat].[localhost].[/] - Initializing Spring embedded WebApplicationContext
2025-07-24 16:25:52.372 [main] INFO  o.s.b.w.s.c.ServletWebServerApplicationContext - Root WebApplicationContext: initialization completed in 1155 ms
2025-07-24 16:25:52.461 [main] INFO  c.a.d.s.b.a.DruidDataSourceAutoConfigure - Init DruidDataSource
2025-07-24 16:25:52.726 [main] INFO  com.alibaba.druid.pool.DruidDataSource - {dataSource-1} inited
2025-07-24 16:25:53.516 [main] INFO  o.s.boot.web.embedded.tomcat.TomcatWebServer - Tomcat started on port(s): 8080 (http) with context path ''
2025-07-24 16:25:53.535 [main] INFO  c.q.xiaohashu.auth.XiaohashuAuthApplication - Started XiaohashuAuthApplication in 4.012 seconds (process running for 4.508)
2025-07-24 16:25:53.537 [main] INFO  c.q.x.auth.runner.PushRolePermissions2RedisRunner - ==> 服务启动，开始同步角色权限数据到 Redis 中...
2025-07-24 16:25:53.845 [main] WARN  c.q.x.auth.runner.PushRolePermissions2RedisRunner - ==> 角色权限数据已经同步至 Redis 中，不再同步...
2025-07-24 16:26:11.302 [nacos-grpc-client-executor-127.0.0.1-21] INFO  com.alibaba.nacos.common.remote.client - [aeac5fce-93a0-4646-9bb1-b9cf46f40a71_config-0] Receive server push request, request = ConfigChangeNotifyRequest, requestId = 4
2025-07-24 16:26:11.302 [nacos-grpc-client-executor-127.0.0.1-21] INFO  com.alibaba.nacos.client.config.impl.ClientWorker - [aeac5fce-93a0-4646-9bb1-b9cf46f40a71_config-0] [server-push] config changed. dataId=xiaohashu-auth, group=DEFAULT_GROUP,tenant=null
2025-07-24 16:26:11.302 [nacos-grpc-client-executor-127.0.0.1-21] INFO  com.alibaba.nacos.common.remote.client - [aeac5fce-93a0-4646-9bb1-b9cf46f40a71_config-0] Ack server push request, request = ConfigChangeNotifyRequest, requestId = 4
2025-07-24 16:26:11.312 [com.alibaba.nacos.client.Worker] INFO  com.alibaba.nacos.client.config.impl.ClientWorker - [fixed-127.0.0.1_8848_] [data-received] dataId=xiaohashu-auth, group=DEFAULT_GROUP, tenant=, md5=ba7ed39f96dc159ece379fd487addae7, content=rate-limit:
  api:
    limit: 8888, type=yaml
2025-07-24 16:26:11.312 [com.alibaba.nacos.client.Worker] INFO  com.alibaba.nacos.client.config.impl.CacheData - [fixed-127.0.0.1_8848_] [notify-listener] time cost=0ms in ClientWorker, dataId=xiaohashu-auth, group=DEFAULT_GROUP, md5=ba7ed39f96dc159ece379fd487addae7, listener=com.alibaba.nacos.spring.context.event.config.DelegatingEventPublishingListener@363670ec 
2025-07-24 16:26:11.313 [nacos.client.cachedata.internal.notifier] INFO  com.alibaba.nacos.client.config.impl.CacheData - [fixed-127.0.0.1_8848_] [notify-ok] dataId=xiaohashu-auth, group=DEFAULT_GROUP, md5=ba7ed39f96dc159ece379fd487addae7, listener=com.alibaba.nacos.spring.context.event.config.DelegatingEventPublishingListener@363670ec ,cost=1 millis.
2025-07-24 16:27:50.287 [nacos-grpc-client-executor-127.0.0.1-46] INFO  com.alibaba.nacos.common.remote.client - [aeac5fce-93a0-4646-9bb1-b9cf46f40a71_config-0] Receive server push request, request = ConfigChangeNotifyRequest, requestId = 5
2025-07-24 16:27:50.287 [nacos-grpc-client-executor-127.0.0.1-46] INFO  com.alibaba.nacos.client.config.impl.ClientWorker - [aeac5fce-93a0-4646-9bb1-b9cf46f40a71_config-0] [server-push] config changed. dataId=xiaohashu-auth, group=DEFAULT_GROUP,tenant=null
2025-07-24 16:27:50.287 [nacos-grpc-client-executor-127.0.0.1-46] INFO  com.alibaba.nacos.common.remote.client - [aeac5fce-93a0-4646-9bb1-b9cf46f40a71_config-0] Ack server push request, request = ConfigChangeNotifyRequest, requestId = 5
2025-07-24 16:27:50.297 [com.alibaba.nacos.client.Worker] INFO  com.alibaba.nacos.client.config.impl.ClientWorker - [fixed-127.0.0.1_8848_] [data-received] dataId=xiaohashu-auth, group=DEFAULT_GROUP, tenant=, md5=fa34cfa47f4f8b5594773f56570903de, content=rate-limit:
  api:
    limit: 888, type=yaml
2025-07-24 16:27:50.297 [com.alibaba.nacos.client.Worker] INFO  com.alibaba.nacos.client.config.impl.CacheData - [fixed-127.0.0.1_8848_] [notify-listener] time cost=0ms in ClientWorker, dataId=xiaohashu-auth, group=DEFAULT_GROUP, md5=fa34cfa47f4f8b5594773f56570903de, listener=com.alibaba.nacos.spring.context.event.config.DelegatingEventPublishingListener@363670ec 
2025-07-24 16:27:50.299 [nacos.client.cachedata.internal.notifier] INFO  com.alibaba.nacos.client.config.impl.CacheData - [fixed-127.0.0.1_8848_] [notify-ok] dataId=xiaohashu-auth, group=DEFAULT_GROUP, md5=fa34cfa47f4f8b5594773f56570903de, listener=com.alibaba.nacos.spring.context.event.config.DelegatingEventPublishingListener@363670ec ,cost=1 millis.
2025-07-24 16:28:05.065 [Thread-6] WARN  com.alibaba.nacos.common.notify.NotifyCenter - [NotifyCenter] Start destroying Publisher
2025-07-24 16:28:05.065 [Thread-1] WARN  c.alibaba.nacos.common.http.HttpClientBeanHolder - [HttpClientBeanHolder] Start destroying common HttpClient
2025-07-24 16:28:05.066 [Thread-6] WARN  com.alibaba.nacos.common.notify.NotifyCenter - [NotifyCenter] Destruction of the end
2025-07-24 16:28:05.066 [Thread-1] WARN  c.alibaba.nacos.common.http.HttpClientBeanHolder - [HttpClientBeanHolder] Destruction of the end
2025-07-24 16:28:05.215 [SpringApplicationShutdownHook] INFO  com.alibaba.druid.pool.DruidDataSource - {dataSource-1} closing ...
2025-07-24 16:28:05.220 [SpringApplicationShutdownHook] INFO  com.alibaba.druid.pool.DruidDataSource - {dataSource-1} closed
2025-07-24 16:28:05.220 [SpringApplicationShutdownHook] INFO  c.a.n.s.c.a.c.NacosValueAnnotationBeanPostProcessor - 888 was destroying!
2025-07-24 16:28:05.221 [SpringApplicationShutdownHook] INFO  c.a.n.s.c.a.c.NacosValueAnnotationBeanPostProcessor - class com.alibaba.nacos.spring.context.annotation.config.NacosValueAnnotationBeanPostProcessor was destroying!
2025-07-24 16:28:05.221 [SpringApplicationShutdownHook] INFO  c.a.n.s.b.f.a.AnnotationNacosInjectedBeanPostProcessor - class com.alibaba.nacos.spring.beans.factory.annotation.AnnotationNacosInjectedBeanPostProcessor was destroying!
2025-07-24 16:32:26.013 [main] WARN  com.alibaba.nacos.client.logging.NacosLogging - Load Logback Configuration of Nacos fail, message: Could not initialize Logback Nacos logging from classpath:nacos-logback.xml
2025-07-24 16:32:26.067 [main] WARN  com.alibaba.nacos.client.logging.NacosLogging - Load Logback Configuration of Nacos fail, message: Could not initialize Logback Nacos logging from classpath:nacos-logback.xml
2025-07-24 16:32:26.242 [main] INFO  com.alibaba.cloud.nacos.NacosConfigProperties - set nacos config namespace 'public' to ''
2025-07-24 16:32:26.245 [main] WARN  com.alibaba.nacos.client.logging.NacosLogging - Load Logback Configuration of Nacos fail, message: Could not initialize Logback Nacos logging from classpath:nacos-logback.xml
2025-07-24 16:32:26.247 [main] INFO  com.alibaba.nacos.client.utils.ParamUtil - [settings] [req-serv] nacos-server port:8848
2025-07-24 16:32:26.247 [main] INFO  com.alibaba.nacos.client.utils.ParamUtil - [settings] [http-client] connect timeout:1000
2025-07-24 16:32:26.248 [main] INFO  com.alibaba.nacos.client.utils.ParamUtil - PER_TASK_CONFIG_SIZE: 3000.0
2025-07-24 16:32:26.273 [main] INFO  c.a.n.p.auth.spi.client.ClientAuthPluginManager - [ClientAuthPluginManager] Load ClientAuthService com.alibaba.nacos.client.auth.impl.NacosClientAuthServiceImpl success.
2025-07-24 16:32:26.273 [main] INFO  c.a.n.p.auth.spi.client.ClientAuthPluginManager - [ClientAuthPluginManager] Load ClientAuthService com.alibaba.nacos.client.auth.ram.RamClientAuthServiceImpl success.
2025-07-24 16:32:26.275 [main] INFO  c.a.n.client.auth.ram.identify.CredentialWatcher - null No credential found
2025-07-24 16:32:27.478 [main] WARN  com.alibaba.nacos.client.logging.NacosLogging - Load Logback Configuration of Nacos fail, message: Could not initialize Logback Nacos logging from classpath:nacos-logback.xml
2025-07-24 16:32:27.490 [main] INFO  c.a.n.client.config.impl.LocalConfigInfoProcessor - LOCAL_SNAPSHOT_PATH:C:\Users\50723\nacos\config
2025-07-24 16:32:27.494 [main] INFO  com.alibaba.nacos.common.remote.client - [RpcClientFactory] create a new rpc client of 93554c54-9eaa-4766-964a-ce4238431a28_config-0
2025-07-24 16:32:27.514 [main] INFO  com.alibaba.nacos.common.remote.client - [93554c54-9eaa-4766-964a-ce4238431a28_config-0] Register server push request handler:com.alibaba.nacos.client.config.impl.ClientWorker$ConfigRpcTransportClient$$Lambda$584/0x000002988138f9a8
2025-07-24 16:32:27.515 [main] INFO  com.alibaba.nacos.common.remote.client - [93554c54-9eaa-4766-964a-ce4238431a28_config-0] Register server push request handler:com.alibaba.nacos.client.config.impl.ClientWorker$ConfigRpcTransportClient$$Lambda$585/0x000002988138fdc8
2025-07-24 16:32:27.515 [main] INFO  com.alibaba.nacos.common.remote.client - [93554c54-9eaa-4766-964a-ce4238431a28_config-0] Registry connection listener to current client:com.alibaba.nacos.client.config.impl.ClientWorker$ConfigRpcTransportClient$1
2025-07-24 16:32:27.515 [main] INFO  com.alibaba.nacos.common.remote.client - [93554c54-9eaa-4766-964a-ce4238431a28_config-0] RpcClient init, ServerListFactory = com.alibaba.nacos.client.config.impl.ClientWorker$ConfigRpcTransportClient$2
2025-07-24 16:32:27.522 [main] INFO  com.alibaba.nacos.common.remote.client - [93554c54-9eaa-4766-964a-ce4238431a28_config-0] Try to connect to server on start up, server: {serverIp = '127.0.0.1', server main port = 8848}
2025-07-24 16:32:27.548 [main] INFO  c.a.nacos.common.remote.client.grpc.GrpcClient - grpc client connection server:127.0.0.1 ip,serverPort:9848,grpcTslConfig:{"sslProvider":"OPENSSL","enableTls":false,"mutualAuthEnable":false,"trustAll":false}
2025-07-24 16:32:28.267 [main] INFO  com.alibaba.nacos.common.remote.client - [93554c54-9eaa-4766-964a-ce4238431a28_config-0] Success to connect to server [127.0.0.1:8848] on start up, connectionId = 1753345948083_127.0.0.1_63273
2025-07-24 16:32:28.268 [com.alibaba.nacos.client.remote.worker] INFO  com.alibaba.nacos.common.remote.client - [93554c54-9eaa-4766-964a-ce4238431a28_config-0] Notify connected event to listeners.
2025-07-24 16:32:28.268 [com.alibaba.nacos.client.remote.worker] INFO  com.alibaba.nacos.client.config.impl.ClientWorker - [93554c54-9eaa-4766-964a-ce4238431a28_config-0] Connected,notify listen context...
2025-07-24 16:32:28.268 [main] INFO  com.alibaba.nacos.common.remote.client - [93554c54-9eaa-4766-964a-ce4238431a28_config-0] Register server push request handler:com.alibaba.nacos.common.remote.client.RpcClient$ConnectResetRequestHandler
2025-07-24 16:32:28.268 [main] INFO  com.alibaba.nacos.common.remote.client - [93554c54-9eaa-4766-964a-ce4238431a28_config-0] Register server push request handler:com.alibaba.nacos.common.remote.client.RpcClient$$Lambda$605/0x00000298814d77a0
2025-07-24 16:32:28.308 [main] INFO  com.alibaba.nacos.client.config.impl.Limiter - limitTime:5.0
2025-07-24 16:32:28.320 [main] INFO  com.alibaba.nacos.client.config.utils.JvmUtil - isMultiInstance:false
2025-07-24 16:32:28.330 [main] WARN  c.a.cloud.nacos.client.NacosPropertySourceBuilder - Ignore the empty nacos configuration and get it based on dataId[xiaohashu-auth.yaml] & group[DEFAULT_GROUP]
2025-07-24 16:32:28.336 [main] INFO  o.s.c.b.c.PropertySourceBootstrapConfiguration - Located property source: [BootstrapPropertySource {name='bootstrapProperties-xiaohashu-auth-dev.yaml,DEFAULT_GROUP'}, BootstrapPropertySource {name='bootstrapProperties-xiaohashu-auth.yaml,DEFAULT_GROUP'}, BootstrapPropertySource {name='bootstrapProperties-xiaohashu-auth,DEFAULT_GROUP'}]
2025-07-24 16:32:28.354 [main] WARN  com.alibaba.nacos.client.logging.NacosLogging - Load Logback Configuration of Nacos fail, message: Could not initialize Logback Nacos logging from classpath:nacos-logback.xml
2025-07-24 16:32:28.354 [main] INFO  c.q.xiaohashu.auth.XiaohashuAuthApplication - The following 1 profile is active: "dev"
2025-07-24 16:32:28.908 [main] INFO  o.s.d.r.config.RepositoryConfigurationDelegate - Multiple Spring Data modules found, entering strict repository configuration mode
2025-07-24 16:32:28.911 [main] INFO  o.s.d.r.config.RepositoryConfigurationDelegate - Bootstrapping Spring Data Redis repositories in DEFAULT mode.
2025-07-24 16:32:28.928 [main] INFO  o.s.d.r.config.RepositoryConfigurationDelegate - Finished Spring Data repository scanning in 7 ms. Found 0 Redis repository interfaces.
2025-07-24 16:32:29.026 [main] INFO  o.springframework.cloud.context.scope.GenericScope - BeanFactory id=57c138be-63e8-3e7b-83c1-d8f9c012e04a
2025-07-24 16:32:29.431 [main] INFO  o.s.boot.web.embedded.tomcat.TomcatWebServer - Tomcat initialized with port(s): 8080 (http)
2025-07-24 16:32:29.440 [main] INFO  org.apache.catalina.core.StandardService - Starting service [Tomcat]
2025-07-24 16:32:29.440 [main] INFO  org.apache.catalina.core.StandardEngine - Starting Servlet engine: [Apache Tomcat/10.1.5]
2025-07-24 16:32:29.496 [main] INFO  o.a.c.core.ContainerBase.[Tomcat].[localhost].[/] - Initializing Spring embedded WebApplicationContext
2025-07-24 16:32:29.496 [main] INFO  o.s.b.w.s.c.ServletWebServerApplicationContext - Root WebApplicationContext: initialization completed in 1130 ms
2025-07-24 16:32:29.588 [main] INFO  c.a.d.s.b.a.DruidDataSourceAutoConfigure - Init DruidDataSource
2025-07-24 16:32:29.852 [main] INFO  com.alibaba.druid.pool.DruidDataSource - {dataSource-1} inited
2025-07-24 16:32:31.712 [main] INFO  org.springframework.cloud.commons.util.InetUtils - Cannot determine local hostname
2025-07-24 16:32:31.775 [main] INFO  o.s.boot.web.embedded.tomcat.TomcatWebServer - Tomcat started on port(s): 8080 (http) with context path ''
2025-07-24 16:32:32.874 [main] INFO  org.springframework.cloud.commons.util.InetUtils - Cannot determine local hostname
2025-07-24 16:32:32.888 [main] INFO  c.q.xiaohashu.auth.XiaohashuAuthApplication - Started XiaohashuAuthApplication in 8.449 seconds (process running for 8.924)
2025-07-24 16:32:32.889 [main] INFO  c.q.x.auth.runner.PushRolePermissions2RedisRunner - ==> 服务启动，开始同步角色权限数据到 Redis 中...
2025-07-24 16:32:33.196 [main] WARN  c.q.x.auth.runner.PushRolePermissions2RedisRunner - ==> 角色权限数据已经同步至 Redis 中，不再同步...
2025-07-24 16:32:33.198 [main] INFO  com.alibaba.nacos.client.config.impl.CacheData - nacos.cache.data.init.snapshot = true 
2025-07-24 16:32:33.198 [main] INFO  com.alibaba.nacos.client.config.impl.ClientWorker - [fixed-127.0.0.1_8848] [subscribe] xiaohashu-auth.yaml+DEFAULT_GROUP
2025-07-24 16:32:33.205 [main] INFO  com.alibaba.nacos.client.config.impl.CacheData - [fixed-127.0.0.1_8848] [add-listener] ok, tenant=, dataId=xiaohashu-auth.yaml, group=DEFAULT_GROUP, cnt=1
2025-07-24 16:32:33.205 [main] INFO  c.a.cloud.nacos.refresh.NacosContextRefresher - [Nacos Config] Listening config: dataId=xiaohashu-auth.yaml, group=DEFAULT_GROUP
2025-07-24 16:32:33.206 [main] INFO  com.alibaba.nacos.client.config.impl.ClientWorker - [fixed-127.0.0.1_8848] [subscribe] xiaohashu-auth-dev.yaml+DEFAULT_GROUP
2025-07-24 16:32:33.207 [main] INFO  com.alibaba.nacos.client.config.impl.CacheData - [fixed-127.0.0.1_8848] [add-listener] ok, tenant=, dataId=xiaohashu-auth-dev.yaml, group=DEFAULT_GROUP, cnt=1
2025-07-24 16:32:33.207 [main] INFO  c.a.cloud.nacos.refresh.NacosContextRefresher - [Nacos Config] Listening config: dataId=xiaohashu-auth-dev.yaml, group=DEFAULT_GROUP
2025-07-24 16:32:33.208 [main] INFO  com.alibaba.nacos.client.config.impl.ClientWorker - [fixed-127.0.0.1_8848] [subscribe] xiaohashu-auth+DEFAULT_GROUP
2025-07-24 16:32:33.208 [main] INFO  com.alibaba.nacos.client.config.impl.CacheData - [fixed-127.0.0.1_8848] [add-listener] ok, tenant=, dataId=xiaohashu-auth, group=DEFAULT_GROUP, cnt=1
2025-07-24 16:32:33.208 [main] INFO  c.a.cloud.nacos.refresh.NacosContextRefresher - [Nacos Config] Listening config: dataId=xiaohashu-auth, group=DEFAULT_GROUP
2025-07-24 16:32:46.852 [http-nio-8080-exec-1] INFO  o.a.c.core.ContainerBase.[Tomcat].[localhost].[/] - Initializing Spring DispatcherServlet 'dispatcherServlet'
2025-07-24 16:32:46.852 [http-nio-8080-exec-1] INFO  org.springframework.web.servlet.DispatcherServlet - Initializing Servlet 'dispatcherServlet'
2025-07-24 16:32:46.853 [http-nio-8080-exec-1] INFO  org.springframework.web.servlet.DispatcherServlet - Completed initialization in 1 ms
2025-07-24 16:32:46.878 [http-nio-8080-exec-1] INFO  c.q.xiaohashu.auth.alarm.impl.MailAlarmHelper - ==> 【邮件告警】：系统出错啦，犬小哈这个月绩效没了，速度上线解决问题！null
2025-07-24 16:33:58.588 [Thread-9] WARN  com.alibaba.nacos.common.notify.NotifyCenter - [NotifyCenter] Start destroying Publisher
2025-07-24 16:33:58.588 [Thread-2] WARN  c.alibaba.nacos.common.http.HttpClientBeanHolder - [HttpClientBeanHolder] Start destroying common HttpClient
2025-07-24 16:33:58.588 [Thread-9] WARN  com.alibaba.nacos.common.notify.NotifyCenter - [NotifyCenter] Destruction of the end
2025-07-24 16:33:58.589 [Thread-2] WARN  c.alibaba.nacos.common.http.HttpClientBeanHolder - [HttpClientBeanHolder] Destruction of the end
2025-07-24 16:33:58.743 [SpringApplicationShutdownHook] INFO  com.alibaba.druid.pool.DruidDataSource - {dataSource-1} closing ...
2025-07-24 16:33:58.748 [SpringApplicationShutdownHook] INFO  com.alibaba.druid.pool.DruidDataSource - {dataSource-1} closed
2025-07-24 16:34:02.074 [main] WARN  com.alibaba.nacos.client.logging.NacosLogging - Load Logback Configuration of Nacos fail, message: Could not initialize Logback Nacos logging from classpath:nacos-logback.xml
2025-07-24 16:34:02.128 [main] WARN  com.alibaba.nacos.client.logging.NacosLogging - Load Logback Configuration of Nacos fail, message: Could not initialize Logback Nacos logging from classpath:nacos-logback.xml
2025-07-24 16:34:02.306 [main] INFO  com.alibaba.cloud.nacos.NacosConfigProperties - set nacos config namespace 'public' to ''
2025-07-24 16:34:02.309 [main] WARN  com.alibaba.nacos.client.logging.NacosLogging - Load Logback Configuration of Nacos fail, message: Could not initialize Logback Nacos logging from classpath:nacos-logback.xml
2025-07-24 16:34:02.310 [main] INFO  com.alibaba.nacos.client.utils.ParamUtil - [settings] [req-serv] nacos-server port:8848
2025-07-24 16:34:02.310 [main] INFO  com.alibaba.nacos.client.utils.ParamUtil - [settings] [http-client] connect timeout:1000
2025-07-24 16:34:02.311 [main] INFO  com.alibaba.nacos.client.utils.ParamUtil - PER_TASK_CONFIG_SIZE: 3000.0
2025-07-24 16:34:02.335 [main] INFO  c.a.n.p.auth.spi.client.ClientAuthPluginManager - [ClientAuthPluginManager] Load ClientAuthService com.alibaba.nacos.client.auth.impl.NacosClientAuthServiceImpl success.
2025-07-24 16:34:02.335 [main] INFO  c.a.n.p.auth.spi.client.ClientAuthPluginManager - [ClientAuthPluginManager] Load ClientAuthService com.alibaba.nacos.client.auth.ram.RamClientAuthServiceImpl success.
2025-07-24 16:34:02.337 [main] INFO  c.a.n.client.auth.ram.identify.CredentialWatcher - null No credential found
2025-07-24 16:34:03.526 [main] WARN  com.alibaba.nacos.client.logging.NacosLogging - Load Logback Configuration of Nacos fail, message: Could not initialize Logback Nacos logging from classpath:nacos-logback.xml
2025-07-24 16:34:03.538 [main] INFO  c.a.n.client.config.impl.LocalConfigInfoProcessor - LOCAL_SNAPSHOT_PATH:C:\Users\50723\nacos\config
2025-07-24 16:34:03.541 [main] INFO  com.alibaba.nacos.common.remote.client - [RpcClientFactory] create a new rpc client of 49393ff0-864b-49c0-a192-58a52e558a78_config-0
2025-07-24 16:34:03.556 [main] INFO  com.alibaba.nacos.common.remote.client - [49393ff0-864b-49c0-a192-58a52e558a78_config-0] Register server push request handler:com.alibaba.nacos.client.config.impl.ClientWorker$ConfigRpcTransportClient$$Lambda$584/0x00000144bb390d28
2025-07-24 16:34:03.556 [main] INFO  com.alibaba.nacos.common.remote.client - [49393ff0-864b-49c0-a192-58a52e558a78_config-0] Register server push request handler:com.alibaba.nacos.client.config.impl.ClientWorker$ConfigRpcTransportClient$$Lambda$585/0x00000144bb391148
2025-07-24 16:34:03.557 [main] INFO  com.alibaba.nacos.common.remote.client - [49393ff0-864b-49c0-a192-58a52e558a78_config-0] Registry connection listener to current client:com.alibaba.nacos.client.config.impl.ClientWorker$ConfigRpcTransportClient$1
2025-07-24 16:34:03.557 [main] INFO  com.alibaba.nacos.common.remote.client - [49393ff0-864b-49c0-a192-58a52e558a78_config-0] RpcClient init, ServerListFactory = com.alibaba.nacos.client.config.impl.ClientWorker$ConfigRpcTransportClient$2
2025-07-24 16:34:03.564 [main] INFO  com.alibaba.nacos.common.remote.client - [49393ff0-864b-49c0-a192-58a52e558a78_config-0] Try to connect to server on start up, server: {serverIp = '127.0.0.1', server main port = 8848}
2025-07-24 16:34:03.590 [main] INFO  c.a.nacos.common.remote.client.grpc.GrpcClient - grpc client connection server:127.0.0.1 ip,serverPort:9848,grpcTslConfig:{"sslProvider":"OPENSSL","enableTls":false,"mutualAuthEnable":false,"trustAll":false}
2025-07-24 16:34:04.348 [main] INFO  com.alibaba.nacos.common.remote.client - [49393ff0-864b-49c0-a192-58a52e558a78_config-0] Success to connect to server [127.0.0.1:8848] on start up, connectionId = 1753346044166_127.0.0.1_63351
2025-07-24 16:34:04.349 [com.alibaba.nacos.client.remote.worker] INFO  com.alibaba.nacos.common.remote.client - [49393ff0-864b-49c0-a192-58a52e558a78_config-0] Notify connected event to listeners.
2025-07-24 16:34:04.349 [com.alibaba.nacos.client.remote.worker] INFO  com.alibaba.nacos.client.config.impl.ClientWorker - [49393ff0-864b-49c0-a192-58a52e558a78_config-0] Connected,notify listen context...
2025-07-24 16:34:04.349 [main] INFO  com.alibaba.nacos.common.remote.client - [49393ff0-864b-49c0-a192-58a52e558a78_config-0] Register server push request handler:com.alibaba.nacos.common.remote.client.RpcClient$ConnectResetRequestHandler
2025-07-24 16:34:04.350 [main] INFO  com.alibaba.nacos.common.remote.client - [49393ff0-864b-49c0-a192-58a52e558a78_config-0] Register server push request handler:com.alibaba.nacos.common.remote.client.RpcClient$$Lambda$605/0x00000144bb4d8d88
2025-07-24 16:34:04.391 [main] INFO  com.alibaba.nacos.client.config.impl.Limiter - limitTime:5.0
2025-07-24 16:34:04.401 [main] INFO  com.alibaba.nacos.client.config.utils.JvmUtil - isMultiInstance:false
2025-07-24 16:34:04.410 [main] WARN  c.a.cloud.nacos.client.NacosPropertySourceBuilder - Ignore the empty nacos configuration and get it based on dataId[xiaohashu-auth.yaml] & group[DEFAULT_GROUP]
2025-07-24 16:34:04.415 [main] INFO  o.s.c.b.c.PropertySourceBootstrapConfiguration - Located property source: [BootstrapPropertySource {name='bootstrapProperties-xiaohashu-auth-dev.yaml,DEFAULT_GROUP'}, BootstrapPropertySource {name='bootstrapProperties-xiaohashu-auth.yaml,DEFAULT_GROUP'}, BootstrapPropertySource {name='bootstrapProperties-xiaohashu-auth,DEFAULT_GROUP'}]
2025-07-24 16:34:04.433 [main] WARN  com.alibaba.nacos.client.logging.NacosLogging - Load Logback Configuration of Nacos fail, message: Could not initialize Logback Nacos logging from classpath:nacos-logback.xml
2025-07-24 16:34:04.434 [main] INFO  c.q.xiaohashu.auth.XiaohashuAuthApplication - The following 1 profile is active: "dev"
2025-07-24 16:34:04.911 [main] INFO  o.s.d.r.config.RepositoryConfigurationDelegate - Multiple Spring Data modules found, entering strict repository configuration mode
2025-07-24 16:34:04.913 [main] INFO  o.s.d.r.config.RepositoryConfigurationDelegate - Bootstrapping Spring Data Redis repositories in DEFAULT mode.
2025-07-24 16:34:04.932 [main] INFO  o.s.d.r.config.RepositoryConfigurationDelegate - Finished Spring Data repository scanning in 7 ms. Found 0 Redis repository interfaces.
2025-07-24 16:34:05.032 [main] INFO  o.springframework.cloud.context.scope.GenericScope - BeanFactory id=57c138be-63e8-3e7b-83c1-d8f9c012e04a
2025-07-24 16:34:05.430 [main] INFO  o.s.boot.web.embedded.tomcat.TomcatWebServer - Tomcat initialized with port(s): 8080 (http)
2025-07-24 16:34:05.438 [main] INFO  org.apache.catalina.core.StandardService - Starting service [Tomcat]
2025-07-24 16:34:05.438 [main] INFO  org.apache.catalina.core.StandardEngine - Starting Servlet engine: [Apache Tomcat/10.1.5]
2025-07-24 16:34:05.491 [main] INFO  o.a.c.core.ContainerBase.[Tomcat].[localhost].[/] - Initializing Spring embedded WebApplicationContext
2025-07-24 16:34:05.491 [main] INFO  o.s.b.w.s.c.ServletWebServerApplicationContext - Root WebApplicationContext: initialization completed in 1044 ms
2025-07-24 16:34:05.578 [main] INFO  c.a.d.s.b.a.DruidDataSourceAutoConfigure - Init DruidDataSource
2025-07-24 16:34:05.832 [main] INFO  com.alibaba.druid.pool.DruidDataSource - {dataSource-1} inited
2025-07-24 16:34:07.636 [main] INFO  org.springframework.cloud.commons.util.InetUtils - Cannot determine local hostname
2025-07-24 16:34:07.698 [main] INFO  o.s.boot.web.embedded.tomcat.TomcatWebServer - Tomcat started on port(s): 8080 (http) with context path ''
2025-07-24 16:34:08.790 [main] INFO  org.springframework.cloud.commons.util.InetUtils - Cannot determine local hostname
2025-07-24 16:34:08.804 [main] INFO  c.q.xiaohashu.auth.XiaohashuAuthApplication - Started XiaohashuAuthApplication in 8.281 seconds (process running for 8.919)
2025-07-24 16:34:08.805 [main] INFO  c.q.x.auth.runner.PushRolePermissions2RedisRunner - ==> 服务启动，开始同步角色权限数据到 Redis 中...
2025-07-24 16:34:09.105 [main] WARN  c.q.x.auth.runner.PushRolePermissions2RedisRunner - ==> 角色权限数据已经同步至 Redis 中，不再同步...
2025-07-24 16:34:09.108 [main] INFO  com.alibaba.nacos.client.config.impl.CacheData - nacos.cache.data.init.snapshot = true 
2025-07-24 16:34:09.108 [main] INFO  com.alibaba.nacos.client.config.impl.ClientWorker - [fixed-127.0.0.1_8848] [subscribe] xiaohashu-auth.yaml+DEFAULT_GROUP
2025-07-24 16:34:09.114 [main] INFO  com.alibaba.nacos.client.config.impl.CacheData - [fixed-127.0.0.1_8848] [add-listener] ok, tenant=, dataId=xiaohashu-auth.yaml, group=DEFAULT_GROUP, cnt=1
2025-07-24 16:34:09.114 [main] INFO  c.a.cloud.nacos.refresh.NacosContextRefresher - [Nacos Config] Listening config: dataId=xiaohashu-auth.yaml, group=DEFAULT_GROUP
2025-07-24 16:34:09.116 [main] INFO  com.alibaba.nacos.client.config.impl.ClientWorker - [fixed-127.0.0.1_8848] [subscribe] xiaohashu-auth-dev.yaml+DEFAULT_GROUP
2025-07-24 16:34:09.116 [main] INFO  com.alibaba.nacos.client.config.impl.CacheData - [fixed-127.0.0.1_8848] [add-listener] ok, tenant=, dataId=xiaohashu-auth-dev.yaml, group=DEFAULT_GROUP, cnt=1
2025-07-24 16:34:09.116 [main] INFO  c.a.cloud.nacos.refresh.NacosContextRefresher - [Nacos Config] Listening config: dataId=xiaohashu-auth-dev.yaml, group=DEFAULT_GROUP
2025-07-24 16:34:09.117 [main] INFO  com.alibaba.nacos.client.config.impl.ClientWorker - [fixed-127.0.0.1_8848] [subscribe] xiaohashu-auth+DEFAULT_GROUP
2025-07-24 16:34:09.117 [main] INFO  com.alibaba.nacos.client.config.impl.CacheData - [fixed-127.0.0.1_8848] [add-listener] ok, tenant=, dataId=xiaohashu-auth, group=DEFAULT_GROUP, cnt=1
2025-07-24 16:34:09.117 [main] INFO  c.a.cloud.nacos.refresh.NacosContextRefresher - [Nacos Config] Listening config: dataId=xiaohashu-auth, group=DEFAULT_GROUP
2025-07-24 16:34:38.104 [nacos-grpc-client-executor-127.0.0.1-21] INFO  com.alibaba.nacos.common.remote.client - [49393ff0-864b-49c0-a192-58a52e558a78_config-0] Receive server push request, request = ConfigChangeNotifyRequest, requestId = 6
2025-07-24 16:34:38.104 [nacos-grpc-client-executor-127.0.0.1-21] INFO  com.alibaba.nacos.client.config.impl.ClientWorker - [49393ff0-864b-49c0-a192-58a52e558a78_config-0] [server-push] config changed. dataId=xiaohashu-auth, group=DEFAULT_GROUP,tenant=null
2025-07-24 16:34:38.104 [nacos-grpc-client-executor-127.0.0.1-21] INFO  com.alibaba.nacos.common.remote.client - [49393ff0-864b-49c0-a192-58a52e558a78_config-0] Ack server push request, request = ConfigChangeNotifyRequest, requestId = 6
2025-07-24 16:34:38.115 [com.alibaba.nacos.client.Worker] INFO  com.alibaba.nacos.client.config.impl.ClientWorker - [fixed-127.0.0.1_8848] [data-received] dataId=xiaohashu-auth, group=DEFAULT_GROUP, tenant=, md5=ba7ed39f96dc159ece379fd487addae7, content=rate-limit:
  api:
    limit: 8888, type=yaml
2025-07-24 16:34:38.117 [com.alibaba.nacos.client.Worker] INFO  com.alibaba.nacos.client.config.impl.CacheData - [fixed-127.0.0.1_8848] [notify-listener] time cost=1ms in ClientWorker, dataId=xiaohashu-auth, group=DEFAULT_GROUP, md5=ba7ed39f96dc159ece379fd487addae7, listener=com.alibaba.cloud.nacos.refresh.NacosContextRefresher$1@1c33a0fe 
2025-07-24 16:34:38.117 [nacos.client.cachedata.internal.notifier] INFO  com.alibaba.nacos.client.config.impl.CacheData - [fixed-127.0.0.1_8848] [notify-context] dataId=xiaohashu-auth, group=DEFAULT_GROUP, md5=ba7ed39f96dc159ece379fd487addae7
2025-07-24 16:34:39.225 [nacos.client.cachedata.internal.notifier] INFO  org.springframework.cloud.commons.util.InetUtils - Cannot determine local hostname
2025-07-24 16:34:39.244 [nacos.client.cachedata.internal.notifier] WARN  com.alibaba.nacos.client.logging.NacosLogging - Load Logback Configuration of Nacos fail, message: Could not initialize Logback Nacos logging from classpath:nacos-logback.xml
2025-07-24 16:34:39.248 [nacos.client.cachedata.internal.notifier] WARN  com.alibaba.nacos.client.logging.NacosLogging - Load Logback Configuration of Nacos fail, message: Could not initialize Logback Nacos logging from classpath:nacos-logback.xml
2025-07-24 16:34:39.266 [nacos.client.cachedata.internal.notifier] WARN  com.alibaba.nacos.client.logging.NacosLogging - Load Logback Configuration of Nacos fail, message: Could not initialize Logback Nacos logging from classpath:nacos-logback.xml
2025-07-24 16:34:39.277 [nacos.client.cachedata.internal.notifier] WARN  c.a.cloud.nacos.client.NacosPropertySourceBuilder - Ignore the empty nacos configuration and get it based on dataId[xiaohashu-auth.yaml] & group[DEFAULT_GROUP]
2025-07-24 16:34:39.282 [nacos.client.cachedata.internal.notifier] INFO  o.s.c.b.c.PropertySourceBootstrapConfiguration - Located property source: [BootstrapPropertySource {name='bootstrapProperties-xiaohashu-auth-dev.yaml,DEFAULT_GROUP'}, BootstrapPropertySource {name='bootstrapProperties-xiaohashu-auth.yaml,DEFAULT_GROUP'}, BootstrapPropertySource {name='bootstrapProperties-xiaohashu-auth,DEFAULT_GROUP'}]
2025-07-24 16:34:39.284 [nacos.client.cachedata.internal.notifier] WARN  com.alibaba.nacos.client.logging.NacosLogging - Load Logback Configuration of Nacos fail, message: Could not initialize Logback Nacos logging from classpath:nacos-logback.xml
2025-07-24 16:34:39.284 [nacos.client.cachedata.internal.notifier] INFO  org.springframework.boot.SpringApplication - The following 1 profile is active: "dev"
2025-07-24 16:34:39.288 [nacos.client.cachedata.internal.notifier] INFO  org.springframework.boot.SpringApplication - Started application in 1.169 seconds (process running for 39.404)
2025-07-24 16:34:39.318 [nacos.client.cachedata.internal.notifier] INFO  com.alibaba.druid.pool.DruidDataSource - {dataSource-1} closing ...
2025-07-24 16:34:39.323 [nacos.client.cachedata.internal.notifier] INFO  com.alibaba.druid.pool.DruidDataSource - {dataSource-1} closed
2025-07-24 16:34:39.346 [nacos.client.cachedata.internal.notifier] INFO  o.s.cloud.endpoint.event.RefreshEventListener - Refresh keys changed: [rate-limit.api.limit]
2025-07-24 16:34:39.346 [nacos.client.cachedata.internal.notifier] INFO  com.alibaba.nacos.client.config.impl.CacheData - [fixed-127.0.0.1_8848] [notify-ok] dataId=xiaohashu-auth, group=DEFAULT_GROUP, md5=ba7ed39f96dc159ece379fd487addae7, listener=com.alibaba.cloud.nacos.refresh.NacosContextRefresher$1@1c33a0fe ,cost=1229 millis.
2025-07-24 16:35:12.940 [Thread-9] WARN  com.alibaba.nacos.common.notify.NotifyCenter - [NotifyCenter] Start destroying Publisher
2025-07-24 16:35:12.940 [Thread-2] WARN  c.alibaba.nacos.common.http.HttpClientBeanHolder - [HttpClientBeanHolder] Start destroying common HttpClient
2025-07-24 16:35:12.940 [Thread-9] WARN  com.alibaba.nacos.common.notify.NotifyCenter - [NotifyCenter] Destruction of the end
2025-07-24 16:35:12.941 [Thread-2] WARN  c.alibaba.nacos.common.http.HttpClientBeanHolder - [HttpClientBeanHolder] Destruction of the end
2025-07-24 16:35:13.085 [SpringApplicationShutdownHook] INFO  com.alibaba.druid.pool.DruidDataSource - {dataSource-1} closing ...
2025-07-24 16:35:16.378 [main] WARN  com.alibaba.nacos.client.logging.NacosLogging - Load Logback Configuration of Nacos fail, message: Could not initialize Logback Nacos logging from classpath:nacos-logback.xml
2025-07-24 16:35:16.434 [main] WARN  com.alibaba.nacos.client.logging.NacosLogging - Load Logback Configuration of Nacos fail, message: Could not initialize Logback Nacos logging from classpath:nacos-logback.xml
2025-07-24 16:35:16.617 [main] INFO  com.alibaba.cloud.nacos.NacosConfigProperties - set nacos config namespace 'public' to ''
2025-07-24 16:35:16.620 [main] WARN  com.alibaba.nacos.client.logging.NacosLogging - Load Logback Configuration of Nacos fail, message: Could not initialize Logback Nacos logging from classpath:nacos-logback.xml
2025-07-24 16:35:16.622 [main] INFO  com.alibaba.nacos.client.utils.ParamUtil - [settings] [req-serv] nacos-server port:8848
2025-07-24 16:35:16.622 [main] INFO  com.alibaba.nacos.client.utils.ParamUtil - [settings] [http-client] connect timeout:1000
2025-07-24 16:35:16.623 [main] INFO  com.alibaba.nacos.client.utils.ParamUtil - PER_TASK_CONFIG_SIZE: 3000.0
2025-07-24 16:35:16.649 [main] INFO  c.a.n.p.auth.spi.client.ClientAuthPluginManager - [ClientAuthPluginManager] Load ClientAuthService com.alibaba.nacos.client.auth.impl.NacosClientAuthServiceImpl success.
2025-07-24 16:35:16.649 [main] INFO  c.a.n.p.auth.spi.client.ClientAuthPluginManager - [ClientAuthPluginManager] Load ClientAuthService com.alibaba.nacos.client.auth.ram.RamClientAuthServiceImpl success.
2025-07-24 16:35:16.652 [main] INFO  c.a.n.client.auth.ram.identify.CredentialWatcher - null No credential found
2025-07-24 16:35:17.841 [main] WARN  com.alibaba.nacos.client.logging.NacosLogging - Load Logback Configuration of Nacos fail, message: Could not initialize Logback Nacos logging from classpath:nacos-logback.xml
2025-07-24 16:35:17.853 [main] INFO  c.a.n.client.config.impl.LocalConfigInfoProcessor - LOCAL_SNAPSHOT_PATH:C:\Users\50723\nacos\config
2025-07-24 16:35:17.856 [main] INFO  com.alibaba.nacos.common.remote.client - [RpcClientFactory] create a new rpc client of 9c7ac47a-357e-425a-a437-c73e5ed55da0_config-0
2025-07-24 16:35:17.875 [main] INFO  com.alibaba.nacos.common.remote.client - [9c7ac47a-357e-425a-a437-c73e5ed55da0_config-0] Register server push request handler:com.alibaba.nacos.client.config.impl.ClientWorker$ConfigRpcTransportClient$$Lambda$584/0x000001ae8138f9a8
2025-07-24 16:35:17.876 [main] INFO  com.alibaba.nacos.common.remote.client - [9c7ac47a-357e-425a-a437-c73e5ed55da0_config-0] Register server push request handler:com.alibaba.nacos.client.config.impl.ClientWorker$ConfigRpcTransportClient$$Lambda$585/0x000001ae8138fdc8
2025-07-24 16:35:17.876 [main] INFO  com.alibaba.nacos.common.remote.client - [9c7ac47a-357e-425a-a437-c73e5ed55da0_config-0] Registry connection listener to current client:com.alibaba.nacos.client.config.impl.ClientWorker$ConfigRpcTransportClient$1
2025-07-24 16:35:17.876 [main] INFO  com.alibaba.nacos.common.remote.client - [9c7ac47a-357e-425a-a437-c73e5ed55da0_config-0] RpcClient init, ServerListFactory = com.alibaba.nacos.client.config.impl.ClientWorker$ConfigRpcTransportClient$2
2025-07-24 16:35:17.883 [main] INFO  com.alibaba.nacos.common.remote.client - [9c7ac47a-357e-425a-a437-c73e5ed55da0_config-0] Try to connect to server on start up, server: {serverIp = '127.0.0.1', server main port = 8848}
2025-07-24 16:35:17.908 [main] INFO  c.a.nacos.common.remote.client.grpc.GrpcClient - grpc client connection server:127.0.0.1 ip,serverPort:9848,grpcTslConfig:{"sslProvider":"OPENSSL","enableTls":false,"mutualAuthEnable":false,"trustAll":false}
2025-07-24 16:35:18.641 [main] INFO  com.alibaba.nacos.common.remote.client - [9c7ac47a-357e-425a-a437-c73e5ed55da0_config-0] Success to connect to server [127.0.0.1:8848] on start up, connectionId = 1753346118452_127.0.0.1_63409
2025-07-24 16:35:18.642 [com.alibaba.nacos.client.remote.worker] INFO  com.alibaba.nacos.common.remote.client - [9c7ac47a-357e-425a-a437-c73e5ed55da0_config-0] Notify connected event to listeners.
2025-07-24 16:35:18.642 [com.alibaba.nacos.client.remote.worker] INFO  com.alibaba.nacos.client.config.impl.ClientWorker - [9c7ac47a-357e-425a-a437-c73e5ed55da0_config-0] Connected,notify listen context...
2025-07-24 16:35:18.642 [main] INFO  com.alibaba.nacos.common.remote.client - [9c7ac47a-357e-425a-a437-c73e5ed55da0_config-0] Register server push request handler:com.alibaba.nacos.common.remote.client.RpcClient$ConnectResetRequestHandler
2025-07-24 16:35:18.642 [main] INFO  com.alibaba.nacos.common.remote.client - [9c7ac47a-357e-425a-a437-c73e5ed55da0_config-0] Register server push request handler:com.alibaba.nacos.common.remote.client.RpcClient$$Lambda$605/0x000001ae814d77a0
2025-07-24 16:35:18.683 [main] INFO  com.alibaba.nacos.client.config.impl.Limiter - limitTime:5.0
2025-07-24 16:35:18.692 [main] INFO  com.alibaba.nacos.client.config.utils.JvmUtil - isMultiInstance:false
2025-07-24 16:35:18.701 [main] WARN  c.a.cloud.nacos.client.NacosPropertySourceBuilder - Ignore the empty nacos configuration and get it based on dataId[xiaohashu-auth.yaml] & group[DEFAULT_GROUP]
2025-07-24 16:35:18.707 [main] INFO  o.s.c.b.c.PropertySourceBootstrapConfiguration - Located property source: [BootstrapPropertySource {name='bootstrapProperties-xiaohashu-auth-dev.yaml,DEFAULT_GROUP'}, BootstrapPropertySource {name='bootstrapProperties-xiaohashu-auth.yaml,DEFAULT_GROUP'}, BootstrapPropertySource {name='bootstrapProperties-xiaohashu-auth,DEFAULT_GROUP'}]
2025-07-24 16:35:18.725 [main] WARN  com.alibaba.nacos.client.logging.NacosLogging - Load Logback Configuration of Nacos fail, message: Could not initialize Logback Nacos logging from classpath:nacos-logback.xml
2025-07-24 16:35:18.726 [main] INFO  c.q.xiaohashu.auth.XiaohashuAuthApplication - The following 1 profile is active: "dev"
2025-07-24 16:35:19.189 [main] INFO  o.s.d.r.config.RepositoryConfigurationDelegate - Multiple Spring Data modules found, entering strict repository configuration mode
2025-07-24 16:35:19.191 [main] INFO  o.s.d.r.config.RepositoryConfigurationDelegate - Bootstrapping Spring Data Redis repositories in DEFAULT mode.
2025-07-24 16:35:19.209 [main] INFO  o.s.d.r.config.RepositoryConfigurationDelegate - Finished Spring Data repository scanning in 7 ms. Found 0 Redis repository interfaces.
2025-07-24 16:35:19.300 [main] INFO  o.springframework.cloud.context.scope.GenericScope - BeanFactory id=57c138be-63e8-3e7b-83c1-d8f9c012e04a
2025-07-24 16:35:19.726 [main] INFO  o.s.boot.web.embedded.tomcat.TomcatWebServer - Tomcat initialized with port(s): 8080 (http)
2025-07-24 16:35:19.738 [main] INFO  org.apache.catalina.core.StandardService - Starting service [Tomcat]
2025-07-24 16:35:19.739 [main] INFO  org.apache.catalina.core.StandardEngine - Starting Servlet engine: [Apache Tomcat/10.1.5]
2025-07-24 16:35:19.813 [main] INFO  o.a.c.core.ContainerBase.[Tomcat].[localhost].[/] - Initializing Spring embedded WebApplicationContext
2025-07-24 16:35:19.813 [main] INFO  o.s.b.w.s.c.ServletWebServerApplicationContext - Root WebApplicationContext: initialization completed in 1075 ms
2025-07-24 16:35:19.932 [main] INFO  c.a.d.s.b.a.DruidDataSourceAutoConfigure - Init DruidDataSource
2025-07-24 16:35:20.213 [main] INFO  com.alibaba.druid.pool.DruidDataSource - {dataSource-1} inited
2025-07-24 16:35:22.026 [main] INFO  org.springframework.cloud.commons.util.InetUtils - Cannot determine local hostname
2025-07-24 16:35:22.085 [main] INFO  o.s.boot.web.embedded.tomcat.TomcatWebServer - Tomcat started on port(s): 8080 (http) with context path ''
2025-07-24 16:35:23.185 [main] INFO  org.springframework.cloud.commons.util.InetUtils - Cannot determine local hostname
2025-07-24 16:35:23.199 [main] INFO  c.q.xiaohashu.auth.XiaohashuAuthApplication - Started XiaohashuAuthApplication in 8.434 seconds (process running for 8.954)
2025-07-24 16:35:23.200 [main] INFO  c.q.x.auth.runner.PushRolePermissions2RedisRunner - ==> 服务启动，开始同步角色权限数据到 Redis 中...
2025-07-24 16:35:23.499 [main] WARN  c.q.x.auth.runner.PushRolePermissions2RedisRunner - ==> 角色权限数据已经同步至 Redis 中，不再同步...
2025-07-24 16:35:23.501 [main] INFO  com.alibaba.nacos.client.config.impl.CacheData - nacos.cache.data.init.snapshot = true 
2025-07-24 16:35:23.502 [main] INFO  com.alibaba.nacos.client.config.impl.ClientWorker - [fixed-127.0.0.1_8848] [subscribe] xiaohashu-auth.yaml+DEFAULT_GROUP
2025-07-24 16:35:23.507 [main] INFO  com.alibaba.nacos.client.config.impl.CacheData - [fixed-127.0.0.1_8848] [add-listener] ok, tenant=, dataId=xiaohashu-auth.yaml, group=DEFAULT_GROUP, cnt=1
2025-07-24 16:35:23.508 [main] INFO  c.a.cloud.nacos.refresh.NacosContextRefresher - [Nacos Config] Listening config: dataId=xiaohashu-auth.yaml, group=DEFAULT_GROUP
2025-07-24 16:35:23.509 [main] INFO  com.alibaba.nacos.client.config.impl.ClientWorker - [fixed-127.0.0.1_8848] [subscribe] xiaohashu-auth-dev.yaml+DEFAULT_GROUP
2025-07-24 16:35:23.509 [main] INFO  com.alibaba.nacos.client.config.impl.CacheData - [fixed-127.0.0.1_8848] [add-listener] ok, tenant=, dataId=xiaohashu-auth-dev.yaml, group=DEFAULT_GROUP, cnt=1
2025-07-24 16:35:23.509 [main] INFO  c.a.cloud.nacos.refresh.NacosContextRefresher - [Nacos Config] Listening config: dataId=xiaohashu-auth-dev.yaml, group=DEFAULT_GROUP
2025-07-24 16:35:23.511 [main] INFO  com.alibaba.nacos.client.config.impl.ClientWorker - [fixed-127.0.0.1_8848] [subscribe] xiaohashu-auth+DEFAULT_GROUP
2025-07-24 16:35:23.511 [main] INFO  com.alibaba.nacos.client.config.impl.CacheData - [fixed-127.0.0.1_8848] [add-listener] ok, tenant=, dataId=xiaohashu-auth, group=DEFAULT_GROUP, cnt=1
2025-07-24 16:35:23.511 [main] INFO  c.a.cloud.nacos.refresh.NacosContextRefresher - [Nacos Config] Listening config: dataId=xiaohashu-auth, group=DEFAULT_GROUP
2025-07-24 16:35:25.635 [http-nio-8080-exec-1] INFO  o.a.c.core.ContainerBase.[Tomcat].[localhost].[/] - Initializing Spring DispatcherServlet 'dispatcherServlet'
2025-07-24 16:35:25.635 [http-nio-8080-exec-1] INFO  org.springframework.web.servlet.DispatcherServlet - Initializing Servlet 'dispatcherServlet'
2025-07-24 16:35:25.636 [http-nio-8080-exec-1] INFO  org.springframework.web.servlet.DispatcherServlet - Completed initialization in 1 ms
2025-07-24 16:35:25.660 [http-nio-8080-exec-1] INFO  c.q.xiaohashu.auth.alarm.impl.MailAlarmHelper - ==> 【邮件告警】：系统出错啦，犬小哈这个月绩效没了，速度上线解决问题！null
2025-07-24 16:35:42.572 [http-nio-8080-exec-2] INFO  c.q.xiaohashu.auth.alarm.impl.MailAlarmHelper - ==> 【邮件告警】：系统出错啦，犬小哈这个月绩效没了，速度上线解决问题！null
2025-07-24 16:36:08.287 [Thread-9] WARN  com.alibaba.nacos.common.notify.NotifyCenter - [NotifyCenter] Start destroying Publisher
2025-07-24 16:36:08.287 [Thread-2] WARN  c.alibaba.nacos.common.http.HttpClientBeanHolder - [HttpClientBeanHolder] Start destroying common HttpClient
2025-07-24 16:36:08.288 [Thread-9] WARN  com.alibaba.nacos.common.notify.NotifyCenter - [NotifyCenter] Destruction of the end
2025-07-24 16:36:08.288 [Thread-2] WARN  c.alibaba.nacos.common.http.HttpClientBeanHolder - [HttpClientBeanHolder] Destruction of the end
2025-07-24 16:36:08.436 [SpringApplicationShutdownHook] INFO  com.alibaba.druid.pool.DruidDataSource - {dataSource-1} closing ...
2025-07-24 16:36:08.441 [SpringApplicationShutdownHook] INFO  com.alibaba.druid.pool.DruidDataSource - {dataSource-1} closed
2025-07-24 16:36:11.799 [main] WARN  com.alibaba.nacos.client.logging.NacosLogging - Load Logback Configuration of Nacos fail, message: Could not initialize Logback Nacos logging from classpath:nacos-logback.xml
2025-07-24 16:36:11.858 [main] WARN  com.alibaba.nacos.client.logging.NacosLogging - Load Logback Configuration of Nacos fail, message: Could not initialize Logback Nacos logging from classpath:nacos-logback.xml
2025-07-24 16:36:12.052 [main] INFO  com.alibaba.cloud.nacos.NacosConfigProperties - set nacos config namespace 'public' to ''
2025-07-24 16:36:12.055 [main] WARN  com.alibaba.nacos.client.logging.NacosLogging - Load Logback Configuration of Nacos fail, message: Could not initialize Logback Nacos logging from classpath:nacos-logback.xml
2025-07-24 16:36:12.057 [main] INFO  com.alibaba.nacos.client.utils.ParamUtil - [settings] [req-serv] nacos-server port:8848
2025-07-24 16:36:12.057 [main] INFO  com.alibaba.nacos.client.utils.ParamUtil - [settings] [http-client] connect timeout:1000
2025-07-24 16:36:12.058 [main] INFO  com.alibaba.nacos.client.utils.ParamUtil - PER_TASK_CONFIG_SIZE: 3000.0
2025-07-24 16:36:12.082 [main] INFO  c.a.n.p.auth.spi.client.ClientAuthPluginManager - [ClientAuthPluginManager] Load ClientAuthService com.alibaba.nacos.client.auth.impl.NacosClientAuthServiceImpl success.
2025-07-24 16:36:12.082 [main] INFO  c.a.n.p.auth.spi.client.ClientAuthPluginManager - [ClientAuthPluginManager] Load ClientAuthService com.alibaba.nacos.client.auth.ram.RamClientAuthServiceImpl success.
2025-07-24 16:36:12.085 [main] INFO  c.a.n.client.auth.ram.identify.CredentialWatcher - null No credential found
2025-07-24 16:36:13.274 [main] WARN  com.alibaba.nacos.client.logging.NacosLogging - Load Logback Configuration of Nacos fail, message: Could not initialize Logback Nacos logging from classpath:nacos-logback.xml
2025-07-24 16:36:13.286 [main] INFO  c.a.n.client.config.impl.LocalConfigInfoProcessor - LOCAL_SNAPSHOT_PATH:C:\Users\50723\nacos\config
2025-07-24 16:36:13.289 [main] INFO  com.alibaba.nacos.common.remote.client - [RpcClientFactory] create a new rpc client of 11110df2-f401-4ed2-8811-17b79921baae_config-0
2025-07-24 16:36:13.307 [main] INFO  com.alibaba.nacos.common.remote.client - [11110df2-f401-4ed2-8811-17b79921baae_config-0] Register server push request handler:com.alibaba.nacos.client.config.impl.ClientWorker$ConfigRpcTransportClient$$Lambda$584/0x00000205cf38fa00
2025-07-24 16:36:13.307 [main] INFO  com.alibaba.nacos.common.remote.client - [11110df2-f401-4ed2-8811-17b79921baae_config-0] Register server push request handler:com.alibaba.nacos.client.config.impl.ClientWorker$ConfigRpcTransportClient$$Lambda$585/0x00000205cf390000
2025-07-24 16:36:13.308 [main] INFO  com.alibaba.nacos.common.remote.client - [11110df2-f401-4ed2-8811-17b79921baae_config-0] Registry connection listener to current client:com.alibaba.nacos.client.config.impl.ClientWorker$ConfigRpcTransportClient$1
2025-07-24 16:36:13.308 [main] INFO  com.alibaba.nacos.common.remote.client - [11110df2-f401-4ed2-8811-17b79921baae_config-0] RpcClient init, ServerListFactory = com.alibaba.nacos.client.config.impl.ClientWorker$ConfigRpcTransportClient$2
2025-07-24 16:36:13.315 [main] INFO  com.alibaba.nacos.common.remote.client - [11110df2-f401-4ed2-8811-17b79921baae_config-0] Try to connect to server on start up, server: {serverIp = '127.0.0.1', server main port = 8848}
2025-07-24 16:36:13.342 [main] INFO  c.a.nacos.common.remote.client.grpc.GrpcClient - grpc client connection server:127.0.0.1 ip,serverPort:9848,grpcTslConfig:{"sslProvider":"OPENSSL","enableTls":false,"mutualAuthEnable":false,"trustAll":false}
2025-07-24 16:36:14.085 [main] INFO  com.alibaba.nacos.common.remote.client - [11110df2-f401-4ed2-8811-17b79921baae_config-0] Success to connect to server [127.0.0.1:8848] on start up, connectionId = 1753346173894_127.0.0.1_63451
2025-07-24 16:36:14.086 [com.alibaba.nacos.client.remote.worker] INFO  com.alibaba.nacos.common.remote.client - [11110df2-f401-4ed2-8811-17b79921baae_config-0] Notify connected event to listeners.
2025-07-24 16:36:14.086 [com.alibaba.nacos.client.remote.worker] INFO  com.alibaba.nacos.client.config.impl.ClientWorker - [11110df2-f401-4ed2-8811-17b79921baae_config-0] Connected,notify listen context...
2025-07-24 16:36:14.087 [main] INFO  com.alibaba.nacos.common.remote.client - [11110df2-f401-4ed2-8811-17b79921baae_config-0] Register server push request handler:com.alibaba.nacos.common.remote.client.RpcClient$ConnectResetRequestHandler
2025-07-24 16:36:14.087 [main] INFO  com.alibaba.nacos.common.remote.client - [11110df2-f401-4ed2-8811-17b79921baae_config-0] Register server push request handler:com.alibaba.nacos.common.remote.client.RpcClient$$Lambda$605/0x00000205cf4d78f0
2025-07-24 16:36:14.127 [main] INFO  com.alibaba.nacos.client.config.impl.Limiter - limitTime:5.0
2025-07-24 16:36:14.138 [main] INFO  com.alibaba.nacos.client.config.utils.JvmUtil - isMultiInstance:false
2025-07-24 16:36:14.147 [main] WARN  c.a.cloud.nacos.client.NacosPropertySourceBuilder - Ignore the empty nacos configuration and get it based on dataId[xiaohashu-auth.yaml] & group[DEFAULT_GROUP]
2025-07-24 16:36:14.152 [main] INFO  o.s.c.b.c.PropertySourceBootstrapConfiguration - Located property source: [BootstrapPropertySource {name='bootstrapProperties-xiaohashu-auth-dev.yaml,DEFAULT_GROUP'}, BootstrapPropertySource {name='bootstrapProperties-xiaohashu-auth.yaml,DEFAULT_GROUP'}, BootstrapPropertySource {name='bootstrapProperties-xiaohashu-auth,DEFAULT_GROUP'}]
2025-07-24 16:36:14.170 [main] WARN  com.alibaba.nacos.client.logging.NacosLogging - Load Logback Configuration of Nacos fail, message: Could not initialize Logback Nacos logging from classpath:nacos-logback.xml
2025-07-24 16:36:14.170 [main] INFO  c.q.xiaohashu.auth.XiaohashuAuthApplication - The following 1 profile is active: "dev"
2025-07-24 16:36:14.692 [main] INFO  o.s.d.r.config.RepositoryConfigurationDelegate - Multiple Spring Data modules found, entering strict repository configuration mode
2025-07-24 16:36:14.694 [main] INFO  o.s.d.r.config.RepositoryConfigurationDelegate - Bootstrapping Spring Data Redis repositories in DEFAULT mode.
2025-07-24 16:36:14.714 [main] INFO  o.s.d.r.config.RepositoryConfigurationDelegate - Finished Spring Data repository scanning in 8 ms. Found 0 Redis repository interfaces.
2025-07-24 16:36:14.818 [main] INFO  o.springframework.cloud.context.scope.GenericScope - BeanFactory id=57c138be-63e8-3e7b-83c1-d8f9c012e04a
2025-07-24 16:36:15.261 [main] INFO  o.s.boot.web.embedded.tomcat.TomcatWebServer - Tomcat initialized with port(s): 8080 (http)
2025-07-24 16:36:15.271 [main] INFO  org.apache.catalina.core.StandardService - Starting service [Tomcat]
2025-07-24 16:36:15.271 [main] INFO  org.apache.catalina.core.StandardEngine - Starting Servlet engine: [Apache Tomcat/10.1.5]
2025-07-24 16:36:15.331 [main] INFO  o.a.c.core.ContainerBase.[Tomcat].[localhost].[/] - Initializing Spring embedded WebApplicationContext
2025-07-24 16:36:15.332 [main] INFO  o.s.b.w.s.c.ServletWebServerApplicationContext - Root WebApplicationContext: initialization completed in 1148 ms
2025-07-24 16:36:15.431 [main] INFO  c.a.d.s.b.a.DruidDataSourceAutoConfigure - Init DruidDataSource
2025-07-24 16:36:15.701 [main] INFO  com.alibaba.druid.pool.DruidDataSource - {dataSource-1} inited
2025-07-24 16:36:17.559 [main] INFO  org.springframework.cloud.commons.util.InetUtils - Cannot determine local hostname
2025-07-24 16:36:17.627 [main] INFO  o.s.boot.web.embedded.tomcat.TomcatWebServer - Tomcat started on port(s): 8080 (http) with context path ''
2025-07-24 16:36:18.734 [main] INFO  org.springframework.cloud.commons.util.InetUtils - Cannot determine local hostname
2025-07-24 16:36:18.753 [main] INFO  c.q.xiaohashu.auth.XiaohashuAuthApplication - Started XiaohashuAuthApplication in 8.631 seconds (process running for 9.223)
2025-07-24 16:36:18.754 [main] INFO  c.q.x.auth.runner.PushRolePermissions2RedisRunner - ==> 服务启动，开始同步角色权限数据到 Redis 中...
2025-07-24 16:36:19.080 [main] WARN  c.q.x.auth.runner.PushRolePermissions2RedisRunner - ==> 角色权限数据已经同步至 Redis 中，不再同步...
2025-07-24 16:36:19.082 [main] INFO  com.alibaba.nacos.client.config.impl.CacheData - nacos.cache.data.init.snapshot = true 
2025-07-24 16:36:19.083 [main] INFO  com.alibaba.nacos.client.config.impl.ClientWorker - [fixed-127.0.0.1_8848] [subscribe] xiaohashu-auth.yaml+DEFAULT_GROUP
2025-07-24 16:36:19.089 [main] INFO  com.alibaba.nacos.client.config.impl.CacheData - [fixed-127.0.0.1_8848] [add-listener] ok, tenant=, dataId=xiaohashu-auth.yaml, group=DEFAULT_GROUP, cnt=1
2025-07-24 16:36:19.090 [main] INFO  c.a.cloud.nacos.refresh.NacosContextRefresher - [Nacos Config] Listening config: dataId=xiaohashu-auth.yaml, group=DEFAULT_GROUP
2025-07-24 16:36:19.091 [main] INFO  com.alibaba.nacos.client.config.impl.ClientWorker - [fixed-127.0.0.1_8848] [subscribe] xiaohashu-auth-dev.yaml+DEFAULT_GROUP
2025-07-24 16:36:19.092 [main] INFO  com.alibaba.nacos.client.config.impl.CacheData - [fixed-127.0.0.1_8848] [add-listener] ok, tenant=, dataId=xiaohashu-auth-dev.yaml, group=DEFAULT_GROUP, cnt=1
2025-07-24 16:36:19.092 [main] INFO  c.a.cloud.nacos.refresh.NacosContextRefresher - [Nacos Config] Listening config: dataId=xiaohashu-auth-dev.yaml, group=DEFAULT_GROUP
2025-07-24 16:36:19.094 [main] INFO  com.alibaba.nacos.client.config.impl.ClientWorker - [fixed-127.0.0.1_8848] [subscribe] xiaohashu-auth+DEFAULT_GROUP
2025-07-24 16:36:19.094 [main] INFO  com.alibaba.nacos.client.config.impl.CacheData - [fixed-127.0.0.1_8848] [add-listener] ok, tenant=, dataId=xiaohashu-auth, group=DEFAULT_GROUP, cnt=1
2025-07-24 16:36:19.094 [main] INFO  c.a.cloud.nacos.refresh.NacosContextRefresher - [Nacos Config] Listening config: dataId=xiaohashu-auth, group=DEFAULT_GROUP
2025-07-24 16:36:36.190 [http-nio-8080-exec-1] INFO  o.a.c.core.ContainerBase.[Tomcat].[localhost].[/] - Initializing Spring DispatcherServlet 'dispatcherServlet'
2025-07-24 16:36:36.191 [http-nio-8080-exec-1] INFO  org.springframework.web.servlet.DispatcherServlet - Initializing Servlet 'dispatcherServlet'
2025-07-24 16:36:36.192 [http-nio-8080-exec-1] INFO  org.springframework.web.servlet.DispatcherServlet - Completed initialization in 1 ms
2025-07-24 16:36:36.215 [http-nio-8080-exec-1] INFO  c.q.xiaohashu.auth.alarm.impl.MailAlarmHelper - ==> 【邮件告警】：系统出错啦，犬小哈这个月绩效没了，速度上线解决问题！null
2025-07-24 16:37:37.250 [nacos-grpc-client-executor-127.0.0.1-35] INFO  com.alibaba.nacos.common.remote.client - [11110df2-f401-4ed2-8811-17b79921baae_config-0] Receive server push request, request = ConfigChangeNotifyRequest, requestId = 7
2025-07-24 16:37:37.250 [nacos-grpc-client-executor-127.0.0.1-35] INFO  com.alibaba.nacos.client.config.impl.ClientWorker - [11110df2-f401-4ed2-8811-17b79921baae_config-0] [server-push] config changed. dataId=xiaohashu-auth-dev.yaml, group=DEFAULT_GROUP,tenant=null
2025-07-24 16:37:37.250 [nacos-grpc-client-executor-127.0.0.1-35] INFO  com.alibaba.nacos.common.remote.client - [11110df2-f401-4ed2-8811-17b79921baae_config-0] Ack server push request, request = ConfigChangeNotifyRequest, requestId = 7
2025-07-24 16:37:37.259 [com.alibaba.nacos.client.Worker] INFO  com.alibaba.nacos.client.config.impl.ClientWorker - [fixed-127.0.0.1_8848] [data-received] dataId=xiaohashu-auth-dev.yaml, group=DEFAULT_GROUP, tenant=, md5=dac09f270f414503bdcfe03ed1d338f9, content=alarm:
  type: sms # 告警类型, type=yaml
2025-07-24 16:37:37.260 [com.alibaba.nacos.client.Worker] INFO  com.alibaba.nacos.client.config.impl.CacheData - [fixed-127.0.0.1_8848] [notify-listener] time cost=0ms in ClientWorker, dataId=xiaohashu-auth-dev.yaml, group=DEFAULT_GROUP, md5=dac09f270f414503bdcfe03ed1d338f9, listener=com.alibaba.cloud.nacos.refresh.NacosContextRefresher$1@555d732e 
2025-07-24 16:37:37.260 [nacos.client.cachedata.internal.notifier] INFO  com.alibaba.nacos.client.config.impl.CacheData - [fixed-127.0.0.1_8848] [notify-context] dataId=xiaohashu-auth-dev.yaml, group=DEFAULT_GROUP, md5=dac09f270f414503bdcfe03ed1d338f9
2025-07-24 16:37:38.373 [nacos.client.cachedata.internal.notifier] INFO  org.springframework.cloud.commons.util.InetUtils - Cannot determine local hostname
2025-07-24 16:37:38.398 [nacos.client.cachedata.internal.notifier] WARN  com.alibaba.nacos.client.logging.NacosLogging - Load Logback Configuration of Nacos fail, message: Could not initialize Logback Nacos logging from classpath:nacos-logback.xml
2025-07-24 16:37:38.401 [nacos.client.cachedata.internal.notifier] WARN  com.alibaba.nacos.client.logging.NacosLogging - Load Logback Configuration of Nacos fail, message: Could not initialize Logback Nacos logging from classpath:nacos-logback.xml
2025-07-24 16:37:38.418 [nacos.client.cachedata.internal.notifier] WARN  com.alibaba.nacos.client.logging.NacosLogging - Load Logback Configuration of Nacos fail, message: Could not initialize Logback Nacos logging from classpath:nacos-logback.xml
2025-07-24 16:37:38.430 [nacos.client.cachedata.internal.notifier] WARN  c.a.cloud.nacos.client.NacosPropertySourceBuilder - Ignore the empty nacos configuration and get it based on dataId[xiaohashu-auth.yaml] & group[DEFAULT_GROUP]
2025-07-24 16:37:38.434 [nacos.client.cachedata.internal.notifier] INFO  o.s.c.b.c.PropertySourceBootstrapConfiguration - Located property source: [BootstrapPropertySource {name='bootstrapProperties-xiaohashu-auth-dev.yaml,DEFAULT_GROUP'}, BootstrapPropertySource {name='bootstrapProperties-xiaohashu-auth.yaml,DEFAULT_GROUP'}, BootstrapPropertySource {name='bootstrapProperties-xiaohashu-auth,DEFAULT_GROUP'}]
2025-07-24 16:37:38.436 [nacos.client.cachedata.internal.notifier] WARN  com.alibaba.nacos.client.logging.NacosLogging - Load Logback Configuration of Nacos fail, message: Could not initialize Logback Nacos logging from classpath:nacos-logback.xml
2025-07-24 16:37:38.436 [nacos.client.cachedata.internal.notifier] INFO  org.springframework.boot.SpringApplication - The following 1 profile is active: "dev"
2025-07-24 16:37:38.440 [nacos.client.cachedata.internal.notifier] INFO  org.springframework.boot.SpringApplication - Started application in 1.176 seconds (process running for 88.909)
2025-07-24 16:37:38.471 [nacos.client.cachedata.internal.notifier] INFO  com.alibaba.druid.pool.DruidDataSource - {dataSource-1} closing ...
2025-07-24 16:37:38.477 [nacos.client.cachedata.internal.notifier] INFO  com.alibaba.druid.pool.DruidDataSource - {dataSource-1} closed
2025-07-24 16:37:38.496 [nacos.client.cachedata.internal.notifier] INFO  o.s.cloud.endpoint.event.RefreshEventListener - Refresh keys changed: [alarm.type]
2025-07-24 16:37:38.496 [nacos.client.cachedata.internal.notifier] INFO  com.alibaba.nacos.client.config.impl.CacheData - [fixed-127.0.0.1_8848] [notify-ok] dataId=xiaohashu-auth-dev.yaml, group=DEFAULT_GROUP, md5=dac09f270f414503bdcfe03ed1d338f9, listener=com.alibaba.cloud.nacos.refresh.NacosContextRefresher$1@555d732e ,cost=1236 millis.
2025-07-24 16:37:45.439 [http-nio-8080-exec-3] INFO  c.q.xiaohashu.auth.alarm.impl.SmsAlarmHelper - ==> 【短信告警】：系统出错啦，犬小哈这个月绩效没了，速度上线解决问题！null
2025-07-24 16:39:21.510 [Thread-2] WARN  c.alibaba.nacos.common.http.HttpClientBeanHolder - [HttpClientBeanHolder] Start destroying common HttpClient
2025-07-24 16:39:21.510 [Thread-9] WARN  com.alibaba.nacos.common.notify.NotifyCenter - [NotifyCenter] Start destroying Publisher
2025-07-24 16:39:21.510 [Thread-9] WARN  com.alibaba.nacos.common.notify.NotifyCenter - [NotifyCenter] Destruction of the end
2025-07-24 16:39:21.511 [Thread-2] WARN  c.alibaba.nacos.common.http.HttpClientBeanHolder - [HttpClientBeanHolder] Destruction of the end
2025-07-24 16:39:21.661 [SpringApplicationShutdownHook] INFO  com.alibaba.druid.pool.DruidDataSource - {dataSource-1} closing ...
2025-07-24 16:39:30.260 [main] WARN  com.alibaba.nacos.client.logging.NacosLogging - Load Logback Configuration of Nacos fail, message: Could not initialize Logback Nacos logging from classpath:nacos-logback.xml
2025-07-24 16:39:30.331 [main] WARN  com.alibaba.nacos.client.logging.NacosLogging - Load Logback Configuration of Nacos fail, message: Could not initialize Logback Nacos logging from classpath:nacos-logback.xml
2025-07-24 16:39:30.519 [main] WARN  com.alibaba.nacos.client.logging.NacosLogging - Load Logback Configuration of Nacos fail, message: Could not initialize Logback Nacos logging from classpath:nacos-logback.xml
2025-07-24 16:39:30.520 [main] INFO  com.alibaba.nacos.client.utils.ParamUtil - [settings] [req-serv] nacos-server port:8848
2025-07-24 16:39:30.520 [main] INFO  com.alibaba.nacos.client.utils.ParamUtil - [settings] [http-client] connect timeout:1000
2025-07-24 16:39:30.521 [main] INFO  com.alibaba.nacos.client.utils.ParamUtil - PER_TASK_CONFIG_SIZE: 3000.0
2025-07-24 16:39:30.544 [main] INFO  c.a.n.p.auth.spi.client.ClientAuthPluginManager - [ClientAuthPluginManager] Load ClientAuthService com.alibaba.nacos.client.auth.impl.NacosClientAuthServiceImpl success.
2025-07-24 16:39:30.544 [main] INFO  c.a.n.p.auth.spi.client.ClientAuthPluginManager - [ClientAuthPluginManager] Load ClientAuthService com.alibaba.nacos.client.auth.ram.RamClientAuthServiceImpl success.
2025-07-24 16:39:30.547 [main] INFO  c.a.n.client.auth.ram.identify.CredentialWatcher - null No credential found
2025-07-24 16:39:31.727 [main] WARN  com.alibaba.nacos.client.logging.NacosLogging - Load Logback Configuration of Nacos fail, message: Could not initialize Logback Nacos logging from classpath:nacos-logback.xml
2025-07-24 16:39:31.738 [main] INFO  c.a.n.client.config.impl.LocalConfigInfoProcessor - LOCAL_SNAPSHOT_PATH:C:\Users\50723\nacos\config
2025-07-24 16:39:31.742 [main] INFO  com.alibaba.nacos.common.remote.client - [RpcClientFactory] create a new rpc client of 8c4603eb-ecfb-41e1-a2de-6276b5688c06_config-0
2025-07-24 16:39:31.762 [main] INFO  com.alibaba.nacos.common.remote.client - [8c4603eb-ecfb-41e1-a2de-6276b5688c06_config-0] Register server push request handler:com.alibaba.nacos.client.config.impl.ClientWorker$ConfigRpcTransportClient$$Lambda$584/0x000002298138fc18
2025-07-24 16:39:31.762 [main] INFO  com.alibaba.nacos.common.remote.client - [8c4603eb-ecfb-41e1-a2de-6276b5688c06_config-0] Register server push request handler:com.alibaba.nacos.client.config.impl.ClientWorker$ConfigRpcTransportClient$$Lambda$585/0x0000022981390200
2025-07-24 16:39:31.762 [main] INFO  com.alibaba.nacos.common.remote.client - [8c4603eb-ecfb-41e1-a2de-6276b5688c06_config-0] Registry connection listener to current client:com.alibaba.nacos.client.config.impl.ClientWorker$ConfigRpcTransportClient$1
2025-07-24 16:39:31.763 [main] INFO  com.alibaba.nacos.common.remote.client - [8c4603eb-ecfb-41e1-a2de-6276b5688c06_config-0] RpcClient init, ServerListFactory = com.alibaba.nacos.client.config.impl.ClientWorker$ConfigRpcTransportClient$2
2025-07-24 16:39:31.770 [main] INFO  com.alibaba.nacos.common.remote.client - [8c4603eb-ecfb-41e1-a2de-6276b5688c06_config-0] Try to connect to server on start up, server: {serverIp = '127.0.0.1', server main port = 8848}
2025-07-24 16:39:31.796 [main] INFO  c.a.nacos.common.remote.client.grpc.GrpcClient - grpc client connection server:127.0.0.1 ip,serverPort:9848,grpcTslConfig:{"sslProvider":"OPENSSL","enableTls":false,"mutualAuthEnable":false,"trustAll":false}
2025-07-24 16:39:32.530 [main] INFO  com.alibaba.nacos.common.remote.client - [8c4603eb-ecfb-41e1-a2de-6276b5688c06_config-0] Success to connect to server [127.0.0.1:8848] on start up, connectionId = 1753346372342_127.0.0.1_63623
2025-07-24 16:39:32.531 [com.alibaba.nacos.client.remote.worker] INFO  com.alibaba.nacos.common.remote.client - [8c4603eb-ecfb-41e1-a2de-6276b5688c06_config-0] Notify connected event to listeners.
2025-07-24 16:39:32.531 [com.alibaba.nacos.client.remote.worker] INFO  com.alibaba.nacos.client.config.impl.ClientWorker - [8c4603eb-ecfb-41e1-a2de-6276b5688c06_config-0] Connected,notify listen context...
2025-07-24 16:39:32.531 [main] INFO  com.alibaba.nacos.common.remote.client - [8c4603eb-ecfb-41e1-a2de-6276b5688c06_config-0] Register server push request handler:com.alibaba.nacos.common.remote.client.RpcClient$ConnectResetRequestHandler
2025-07-24 16:39:32.531 [main] INFO  com.alibaba.nacos.common.remote.client - [8c4603eb-ecfb-41e1-a2de-6276b5688c06_config-0] Register server push request handler:com.alibaba.nacos.common.remote.client.RpcClient$$Lambda$605/0x00000229814d8228
2025-07-24 16:39:32.576 [main] INFO  com.alibaba.nacos.client.config.impl.Limiter - limitTime:5.0
2025-07-24 16:39:32.588 [main] INFO  com.alibaba.nacos.client.config.utils.JvmUtil - isMultiInstance:false
2025-07-24 16:39:32.599 [main] WARN  c.a.cloud.nacos.client.NacosPropertySourceBuilder - Ignore the empty nacos configuration and get it based on dataId[xiaohashu-auth.yaml] & group[DEFAULT_GROUP]
2025-07-24 16:39:32.607 [main] INFO  o.s.c.b.c.PropertySourceBootstrapConfiguration - Located property source: [BootstrapPropertySource {name='bootstrapProperties-xiaohashu-auth-dev.yaml,DEFAULT_GROUP'}, BootstrapPropertySource {name='bootstrapProperties-xiaohashu-auth.yaml,DEFAULT_GROUP'}, BootstrapPropertySource {name='bootstrapProperties-xiaohashu-auth,DEFAULT_GROUP'}]
2025-07-24 16:39:32.631 [main] WARN  com.alibaba.nacos.client.logging.NacosLogging - Load Logback Configuration of Nacos fail, message: Could not initialize Logback Nacos logging from classpath:nacos-logback.xml
2025-07-24 16:39:32.632 [main] INFO  c.q.xiaohashu.auth.XiaohashuAuthApplication - The following 1 profile is active: "dev"
2025-07-24 16:39:33.250 [main] INFO  o.s.d.r.config.RepositoryConfigurationDelegate - Multiple Spring Data modules found, entering strict repository configuration mode
2025-07-24 16:39:33.252 [main] INFO  o.s.d.r.config.RepositoryConfigurationDelegate - Bootstrapping Spring Data Redis repositories in DEFAULT mode.
2025-07-24 16:39:33.273 [main] INFO  o.s.d.r.config.RepositoryConfigurationDelegate - Finished Spring Data repository scanning in 9 ms. Found 0 Redis repository interfaces.
2025-07-24 16:39:33.377 [main] INFO  o.springframework.cloud.context.scope.GenericScope - BeanFactory id=57c138be-63e8-3e7b-83c1-d8f9c012e04a
2025-07-24 16:39:33.827 [main] INFO  o.s.boot.web.embedded.tomcat.TomcatWebServer - Tomcat initialized with port(s): 8080 (http)
2025-07-24 16:39:33.836 [main] INFO  org.apache.catalina.core.StandardService - Starting service [Tomcat]
2025-07-24 16:39:33.837 [main] INFO  org.apache.catalina.core.StandardEngine - Starting Servlet engine: [Apache Tomcat/10.1.5]
2025-07-24 16:39:33.896 [main] INFO  o.a.c.core.ContainerBase.[Tomcat].[localhost].[/] - Initializing Spring embedded WebApplicationContext
2025-07-24 16:39:33.897 [main] INFO  o.s.b.w.s.c.ServletWebServerApplicationContext - Root WebApplicationContext: initialization completed in 1249 ms
2025-07-24 16:39:34.001 [main] INFO  c.a.d.s.b.a.DruidDataSourceAutoConfigure - Init DruidDataSource
2025-07-24 16:39:34.269 [main] INFO  com.alibaba.druid.pool.DruidDataSource - {dataSource-1} inited
2025-07-24 16:39:36.141 [main] INFO  org.springframework.cloud.commons.util.InetUtils - Cannot determine local hostname
2025-07-24 16:39:36.203 [main] INFO  o.s.boot.web.embedded.tomcat.TomcatWebServer - Tomcat started on port(s): 8080 (http) with context path ''
2025-07-24 16:39:37.296 [main] INFO  org.springframework.cloud.commons.util.InetUtils - Cannot determine local hostname
2025-07-24 16:39:37.309 [main] INFO  c.q.xiaohashu.auth.XiaohashuAuthApplication - Started XiaohashuAuthApplication in 8.696 seconds (process running for 9.222)
2025-07-24 16:39:37.310 [main] INFO  c.q.x.auth.runner.PushRolePermissions2RedisRunner - ==> 服务启动，开始同步角色权限数据到 Redis 中...
2025-07-24 16:39:37.630 [main] WARN  c.q.x.auth.runner.PushRolePermissions2RedisRunner - ==> 角色权限数据已经同步至 Redis 中，不再同步...
2025-07-24 16:39:37.633 [main] INFO  com.alibaba.nacos.client.config.impl.CacheData - nacos.cache.data.init.snapshot = true 
2025-07-24 16:39:37.633 [main] INFO  com.alibaba.nacos.client.config.impl.ClientWorker - [fixed-xiaohashu-127.0.0.1_8848] [subscribe] xiaohashu-auth.yaml+DEFAULT_GROUP+xiaohashu
2025-07-24 16:39:37.639 [main] INFO  com.alibaba.nacos.client.config.impl.CacheData - [fixed-xiaohashu-127.0.0.1_8848] [add-listener] ok, tenant=xiaohashu, dataId=xiaohashu-auth.yaml, group=DEFAULT_GROUP, cnt=1
2025-07-24 16:39:37.639 [main] INFO  c.a.cloud.nacos.refresh.NacosContextRefresher - [Nacos Config] Listening config: dataId=xiaohashu-auth.yaml, group=DEFAULT_GROUP
2025-07-24 16:39:37.641 [main] INFO  com.alibaba.nacos.client.config.impl.ClientWorker - [fixed-xiaohashu-127.0.0.1_8848] [subscribe] xiaohashu-auth-dev.yaml+DEFAULT_GROUP+xiaohashu
2025-07-24 16:39:37.641 [main] INFO  com.alibaba.nacos.client.config.impl.CacheData - [fixed-xiaohashu-127.0.0.1_8848] [add-listener] ok, tenant=xiaohashu, dataId=xiaohashu-auth-dev.yaml, group=DEFAULT_GROUP, cnt=1
2025-07-24 16:39:37.641 [main] INFO  c.a.cloud.nacos.refresh.NacosContextRefresher - [Nacos Config] Listening config: dataId=xiaohashu-auth-dev.yaml, group=DEFAULT_GROUP
2025-07-24 16:39:37.643 [main] INFO  com.alibaba.nacos.client.config.impl.ClientWorker - [fixed-xiaohashu-127.0.0.1_8848] [subscribe] xiaohashu-auth+DEFAULT_GROUP+xiaohashu
2025-07-24 16:39:37.643 [main] INFO  com.alibaba.nacos.client.config.impl.CacheData - [fixed-xiaohashu-127.0.0.1_8848] [add-listener] ok, tenant=xiaohashu, dataId=xiaohashu-auth, group=DEFAULT_GROUP, cnt=1
2025-07-24 16:39:37.643 [main] INFO  c.a.cloud.nacos.refresh.NacosContextRefresher - [Nacos Config] Listening config: dataId=xiaohashu-auth, group=DEFAULT_GROUP
2025-07-24 16:45:30.698 [Thread-9] WARN  com.alibaba.nacos.common.notify.NotifyCenter - [NotifyCenter] Start destroying Publisher
2025-07-24 16:45:30.698 [Thread-2] WARN  c.alibaba.nacos.common.http.HttpClientBeanHolder - [HttpClientBeanHolder] Start destroying common HttpClient
2025-07-24 16:45:30.698 [Thread-9] WARN  com.alibaba.nacos.common.notify.NotifyCenter - [NotifyCenter] Destruction of the end
2025-07-24 16:45:30.699 [Thread-2] WARN  c.alibaba.nacos.common.http.HttpClientBeanHolder - [HttpClientBeanHolder] Destruction of the end
2025-07-24 16:45:30.855 [SpringApplicationShutdownHook] INFO  com.alibaba.druid.pool.DruidDataSource - {dataSource-1} closing ...
2025-07-24 16:45:30.860 [SpringApplicationShutdownHook] INFO  com.alibaba.druid.pool.DruidDataSource - {dataSource-1} closed
2025-07-24 16:45:39.246 [main] WARN  com.alibaba.nacos.client.logging.NacosLogging - Load Logback Configuration of Nacos fail, message: Could not initialize Logback Nacos logging from classpath:nacos-logback.xml
2025-07-24 16:45:39.301 [main] WARN  com.alibaba.nacos.client.logging.NacosLogging - Load Logback Configuration of Nacos fail, message: Could not initialize Logback Nacos logging from classpath:nacos-logback.xml
2025-07-24 16:45:39.506 [main] WARN  com.alibaba.nacos.client.logging.NacosLogging - Load Logback Configuration of Nacos fail, message: Could not initialize Logback Nacos logging from classpath:nacos-logback.xml
2025-07-24 16:45:39.507 [main] INFO  com.alibaba.nacos.client.utils.ParamUtil - [settings] [req-serv] nacos-server port:8848
2025-07-24 16:45:39.507 [main] INFO  com.alibaba.nacos.client.utils.ParamUtil - [settings] [http-client] connect timeout:1000
2025-07-24 16:45:39.508 [main] INFO  com.alibaba.nacos.client.utils.ParamUtil - PER_TASK_CONFIG_SIZE: 3000.0
2025-07-24 16:45:39.534 [main] INFO  c.a.n.p.auth.spi.client.ClientAuthPluginManager - [ClientAuthPluginManager] Load ClientAuthService com.alibaba.nacos.client.auth.impl.NacosClientAuthServiceImpl success.
2025-07-24 16:45:39.534 [main] INFO  c.a.n.p.auth.spi.client.ClientAuthPluginManager - [ClientAuthPluginManager] Load ClientAuthService com.alibaba.nacos.client.auth.ram.RamClientAuthServiceImpl success.
2025-07-24 16:45:39.537 [main] INFO  c.a.n.client.auth.ram.identify.CredentialWatcher - null No credential found
2025-07-24 16:45:40.807 [main] WARN  com.alibaba.nacos.client.logging.NacosLogging - Load Logback Configuration of Nacos fail, message: Could not initialize Logback Nacos logging from classpath:nacos-logback.xml
2025-07-24 16:45:40.830 [main] INFO  c.a.n.client.config.impl.LocalConfigInfoProcessor - LOCAL_SNAPSHOT_PATH:C:\Users\50723\nacos\config
2025-07-24 16:45:40.836 [main] INFO  com.alibaba.nacos.common.remote.client - [RpcClientFactory] create a new rpc client of 67dd9fd6-9a1f-4732-9da1-04926896fdef_config-0
2025-07-24 16:45:40.867 [main] INFO  com.alibaba.nacos.common.remote.client - [67dd9fd6-9a1f-4732-9da1-04926896fdef_config-0] Register server push request handler:com.alibaba.nacos.client.config.impl.ClientWorker$ConfigRpcTransportClient$$Lambda$584/0x000002e28f391830
2025-07-24 16:45:40.867 [main] INFO  com.alibaba.nacos.common.remote.client - [67dd9fd6-9a1f-4732-9da1-04926896fdef_config-0] Register server push request handler:com.alibaba.nacos.client.config.impl.ClientWorker$ConfigRpcTransportClient$$Lambda$585/0x000002e28f391c50
2025-07-24 16:45:40.868 [main] INFO  com.alibaba.nacos.common.remote.client - [67dd9fd6-9a1f-4732-9da1-04926896fdef_config-0] Registry connection listener to current client:com.alibaba.nacos.client.config.impl.ClientWorker$ConfigRpcTransportClient$1
2025-07-24 16:45:40.869 [main] INFO  com.alibaba.nacos.common.remote.client - [67dd9fd6-9a1f-4732-9da1-04926896fdef_config-0] RpcClient init, ServerListFactory = com.alibaba.nacos.client.config.impl.ClientWorker$ConfigRpcTransportClient$2
2025-07-24 16:45:40.882 [main] INFO  com.alibaba.nacos.common.remote.client - [67dd9fd6-9a1f-4732-9da1-04926896fdef_config-0] Try to connect to server on start up, server: {serverIp = '127.0.0.1', server main port = 8848}
2025-07-24 16:45:40.932 [main] INFO  c.a.nacos.common.remote.client.grpc.GrpcClient - grpc client connection server:127.0.0.1 ip,serverPort:9848,grpcTslConfig:{"sslProvider":"OPENSSL","enableTls":false,"mutualAuthEnable":false,"trustAll":false}
2025-07-24 16:45:42.061 [main] INFO  com.alibaba.nacos.common.remote.client - [67dd9fd6-9a1f-4732-9da1-04926896fdef_config-0] Success to connect to server [127.0.0.1:8848] on start up, connectionId = 1753346741856_127.0.0.1_63963
2025-07-24 16:45:42.062 [com.alibaba.nacos.client.remote.worker] INFO  com.alibaba.nacos.common.remote.client - [67dd9fd6-9a1f-4732-9da1-04926896fdef_config-0] Notify connected event to listeners.
2025-07-24 16:45:42.062 [com.alibaba.nacos.client.remote.worker] INFO  com.alibaba.nacos.client.config.impl.ClientWorker - [67dd9fd6-9a1f-4732-9da1-04926896fdef_config-0] Connected,notify listen context...
2025-07-24 16:45:42.062 [main] INFO  com.alibaba.nacos.common.remote.client - [67dd9fd6-9a1f-4732-9da1-04926896fdef_config-0] Register server push request handler:com.alibaba.nacos.common.remote.client.RpcClient$ConnectResetRequestHandler
2025-07-24 16:45:42.062 [main] INFO  com.alibaba.nacos.common.remote.client - [67dd9fd6-9a1f-4732-9da1-04926896fdef_config-0] Register server push request handler:com.alibaba.nacos.common.remote.client.RpcClient$$Lambda$605/0x000002e28f4d9ad0
2025-07-24 16:45:42.114 [main] INFO  com.alibaba.nacos.client.config.impl.Limiter - limitTime:5.0
2025-07-24 16:45:42.127 [main] INFO  com.alibaba.nacos.client.config.utils.JvmUtil - isMultiInstance:false
2025-07-24 16:45:42.139 [main] WARN  c.a.cloud.nacos.client.NacosPropertySourceBuilder - Ignore the empty nacos configuration and get it based on dataId[xiaohashu-auth.yaml] & group[DEFAULT_GROUP]
2025-07-24 16:45:42.147 [main] INFO  o.s.c.b.c.PropertySourceBootstrapConfiguration - Located property source: [BootstrapPropertySource {name='bootstrapProperties-xiaohashu-auth-dev.yaml,DEFAULT_GROUP'}, BootstrapPropertySource {name='bootstrapProperties-xiaohashu-auth.yaml,DEFAULT_GROUP'}, BootstrapPropertySource {name='bootstrapProperties-xiaohashu-auth,DEFAULT_GROUP'}]
2025-07-24 16:45:42.171 [main] WARN  com.alibaba.nacos.client.logging.NacosLogging - Load Logback Configuration of Nacos fail, message: Could not initialize Logback Nacos logging from classpath:nacos-logback.xml
2025-07-24 16:45:42.172 [main] INFO  c.q.xiaohashu.auth.XiaohashuAuthApplication - The following 1 profile is active: "dev"
2025-07-24 16:45:42.981 [main] INFO  o.s.d.r.config.RepositoryConfigurationDelegate - Multiple Spring Data modules found, entering strict repository configuration mode
2025-07-24 16:45:42.984 [main] INFO  o.s.d.r.config.RepositoryConfigurationDelegate - Bootstrapping Spring Data Redis repositories in DEFAULT mode.
2025-07-24 16:45:43.006 [main] INFO  o.s.d.r.config.RepositoryConfigurationDelegate - Finished Spring Data repository scanning in 9 ms. Found 0 Redis repository interfaces.
2025-07-24 16:45:43.137 [main] INFO  o.springframework.cloud.context.scope.GenericScope - BeanFactory id=ce825f38-1723-3926-b5a2-fd0182ae3fd6
2025-07-24 16:45:43.621 [main] INFO  o.s.boot.web.embedded.tomcat.TomcatWebServer - Tomcat initialized with port(s): 8080 (http)
2025-07-24 16:45:43.629 [main] INFO  org.apache.catalina.core.StandardService - Starting service [Tomcat]
2025-07-24 16:45:43.630 [main] INFO  org.apache.catalina.core.StandardEngine - Starting Servlet engine: [Apache Tomcat/10.1.5]
2025-07-24 16:45:43.696 [main] INFO  o.a.c.core.ContainerBase.[Tomcat].[localhost].[/] - Initializing Spring embedded WebApplicationContext
2025-07-24 16:45:43.697 [main] INFO  o.s.b.w.s.c.ServletWebServerApplicationContext - Root WebApplicationContext: initialization completed in 1510 ms
2025-07-24 16:45:43.791 [main] INFO  c.a.d.s.b.a.DruidDataSourceAutoConfigure - Init DruidDataSource
2025-07-24 16:45:44.065 [main] INFO  com.alibaba.druid.pool.DruidDataSource - {dataSource-1} inited
2025-07-24 16:45:45.877 [main] INFO  org.springframework.cloud.commons.util.InetUtils - Cannot determine local hostname
2025-07-24 16:45:47.121 [main] INFO  org.springframework.cloud.commons.util.InetUtils - Cannot determine local hostname
2025-07-24 16:45:47.195 [main] INFO  o.s.boot.web.embedded.tomcat.TomcatWebServer - Tomcat started on port(s): 8080 (http) with context path ''
2025-07-24 16:45:47.199 [main] INFO  com.alibaba.nacos.client.naming - initializer namespace from ans.namespace attribute : null
2025-07-24 16:45:47.199 [main] INFO  com.alibaba.nacos.client.naming - initializer namespace from ALIBABA_ALIWARE_NAMESPACE attribute :null
2025-07-24 16:45:47.199 [main] INFO  com.alibaba.nacos.client.naming - initializer namespace from namespace attribute :null
2025-07-24 16:45:47.206 [main] INFO  c.a.n.p.auth.spi.client.ClientAuthPluginManager - [ClientAuthPluginManager] Load ClientAuthService com.alibaba.nacos.client.auth.impl.NacosClientAuthServiceImpl success.
2025-07-24 16:45:47.206 [main] INFO  c.a.n.p.auth.spi.client.ClientAuthPluginManager - [ClientAuthPluginManager] Load ClientAuthService com.alibaba.nacos.client.auth.ram.RamClientAuthServiceImpl success.
2025-07-24 16:45:47.209 [main] INFO  com.alibaba.nacos.common.remote.client - [RpcClientFactory] create a new rpc client of 8241c526-7ed5-4781-910c-f221dc06c503
2025-07-24 16:45:47.211 [main] INFO  com.alibaba.nacos.common.remote.client - [8241c526-7ed5-4781-910c-f221dc06c503] RpcClient init, ServerListFactory = com.alibaba.nacos.client.naming.core.ServerListManager
2025-07-24 16:45:47.211 [main] INFO  com.alibaba.nacos.common.remote.client - [8241c526-7ed5-4781-910c-f221dc06c503] Registry connection listener to current client:com.alibaba.nacos.client.naming.remote.gprc.redo.NamingGrpcRedoService
2025-07-24 16:45:47.211 [main] INFO  com.alibaba.nacos.common.remote.client - [8241c526-7ed5-4781-910c-f221dc06c503] Register server push request handler:com.alibaba.nacos.client.naming.remote.gprc.NamingPushRequestHandler
2025-07-24 16:45:47.212 [main] INFO  com.alibaba.nacos.common.remote.client - [8241c526-7ed5-4781-910c-f221dc06c503] Try to connect to server on start up, server: {serverIp = '127.0.0.1', server main port = 8848}
2025-07-24 16:45:47.212 [main] INFO  c.a.nacos.common.remote.client.grpc.GrpcClient - grpc client connection server:127.0.0.1 ip,serverPort:9848,grpcTslConfig:{"sslProvider":"OPENSSL","enableTls":false,"mutualAuthEnable":false,"trustAll":false}
2025-07-24 16:45:47.322 [main] INFO  com.alibaba.nacos.common.remote.client - [8241c526-7ed5-4781-910c-f221dc06c503] Success to connect to server [127.0.0.1:8848] on start up, connectionId = 1753346747216_127.0.0.1_63979
2025-07-24 16:45:47.322 [main] INFO  com.alibaba.nacos.common.remote.client - [8241c526-7ed5-4781-910c-f221dc06c503] Register server push request handler:com.alibaba.nacos.common.remote.client.RpcClient$ConnectResetRequestHandler
2025-07-24 16:45:47.322 [com.alibaba.nacos.client.remote.worker] INFO  com.alibaba.nacos.common.remote.client - [8241c526-7ed5-4781-910c-f221dc06c503] Notify connected event to listeners.
2025-07-24 16:45:47.322 [main] INFO  com.alibaba.nacos.common.remote.client - [8241c526-7ed5-4781-910c-f221dc06c503] Register server push request handler:com.alibaba.nacos.common.remote.client.RpcClient$$Lambda$605/0x000002e28f4d9ad0
2025-07-24 16:45:47.322 [com.alibaba.nacos.client.remote.worker] INFO  com.alibaba.nacos.client.naming - Grpc connection connect
2025-07-24 16:45:47.325 [main] INFO  com.alibaba.nacos.client.naming - [REGISTER-SERVICE] xiaohashu registering service xiaohashu-auth with instance Instance{instanceId='null', ip='192.168.93.1', port=8080, weight=1.0, healthy=true, enabled=true, ephemeral=true, clusterName='DEFAULT', serviceName='null', metadata={IPv6=[2409:8931:477:1db0:2585:23ed:9f05:56f6], preserved.register.source=SPRING_CLOUD}}
2025-07-24 16:45:47.361 [main] INFO  c.a.cloud.nacos.registry.NacosServiceRegistry - nacos registry, DEFAULT_GROUP xiaohashu-auth 192.168.93.1:8080 register finished
2025-07-24 16:45:48.466 [main] INFO  org.springframework.cloud.commons.util.InetUtils - Cannot determine local hostname
2025-07-24 16:45:48.480 [main] INFO  c.q.xiaohashu.auth.XiaohashuAuthApplication - Started XiaohashuAuthApplication in 10.871 seconds (process running for 11.39)
2025-07-24 16:45:48.481 [main] INFO  c.q.x.auth.runner.PushRolePermissions2RedisRunner - ==> 服务启动，开始同步角色权限数据到 Redis 中...
2025-07-24 16:45:48.790 [main] WARN  c.q.x.auth.runner.PushRolePermissions2RedisRunner - ==> 角色权限数据已经同步至 Redis 中，不再同步...
2025-07-24 16:45:48.793 [main] INFO  com.alibaba.nacos.client.config.impl.CacheData - nacos.cache.data.init.snapshot = true 
2025-07-24 16:45:48.793 [main] INFO  com.alibaba.nacos.client.config.impl.ClientWorker - [fixed-xiaohashu-127.0.0.1_8848] [subscribe] xiaohashu-auth.yaml+DEFAULT_GROUP+xiaohashu
2025-07-24 16:45:48.801 [main] INFO  com.alibaba.nacos.client.config.impl.CacheData - [fixed-xiaohashu-127.0.0.1_8848] [add-listener] ok, tenant=xiaohashu, dataId=xiaohashu-auth.yaml, group=DEFAULT_GROUP, cnt=1
2025-07-24 16:45:48.802 [main] INFO  c.a.cloud.nacos.refresh.NacosContextRefresher - [Nacos Config] Listening config: dataId=xiaohashu-auth.yaml, group=DEFAULT_GROUP
2025-07-24 16:45:48.811 [main] INFO  com.alibaba.nacos.client.config.impl.ClientWorker - [fixed-xiaohashu-127.0.0.1_8848] [subscribe] xiaohashu-auth-dev.yaml+DEFAULT_GROUP+xiaohashu
2025-07-24 16:45:48.811 [main] INFO  com.alibaba.nacos.client.config.impl.CacheData - [fixed-xiaohashu-127.0.0.1_8848] [add-listener] ok, tenant=xiaohashu, dataId=xiaohashu-auth-dev.yaml, group=DEFAULT_GROUP, cnt=1
2025-07-24 16:45:48.811 [main] INFO  c.a.cloud.nacos.refresh.NacosContextRefresher - [Nacos Config] Listening config: dataId=xiaohashu-auth-dev.yaml, group=DEFAULT_GROUP
2025-07-24 16:45:48.812 [main] INFO  com.alibaba.nacos.client.config.impl.ClientWorker - [fixed-xiaohashu-127.0.0.1_8848] [subscribe] xiaohashu-auth+DEFAULT_GROUP+xiaohashu
2025-07-24 16:45:48.812 [main] INFO  com.alibaba.nacos.client.config.impl.CacheData - [fixed-xiaohashu-127.0.0.1_8848] [add-listener] ok, tenant=xiaohashu, dataId=xiaohashu-auth, group=DEFAULT_GROUP, cnt=1
2025-07-24 16:45:48.812 [main] INFO  c.a.cloud.nacos.refresh.NacosContextRefresher - [Nacos Config] Listening config: dataId=xiaohashu-auth, group=DEFAULT_GROUP
2025-07-24 16:47:22.905 [http-nio-8080-exec-2] INFO  o.a.c.core.ContainerBase.[Tomcat].[localhost].[/] - Initializing Spring DispatcherServlet 'dispatcherServlet'
2025-07-24 16:47:22.905 [http-nio-8080-exec-2] INFO  org.springframework.web.servlet.DispatcherServlet - Initializing Servlet 'dispatcherServlet'
2025-07-24 16:47:22.906 [http-nio-8080-exec-2] INFO  org.springframework.web.servlet.DispatcherServlet - Completed initialization in 1 ms
2025-07-24 16:47:22.962 [http-nio-8080-exec-2] DEBUG c.q.x.a.domain.mapper.UserDOMapper.selectByPhone - ==>  Preparing: select id,password,phone,status from t_user where phone=?
2025-07-24 16:47:23.121 [http-nio-8080-exec-2] DEBUG c.q.x.a.domain.mapper.UserDOMapper.selectByPhone - ==> Parameters: 18011119108(String)
2025-07-24 16:47:23.138 [http-nio-8080-exec-2] DEBUG c.q.x.a.domain.mapper.UserDOMapper.selectByPhone - <==      Total: 1
2025-07-24 16:47:23.187 [http-nio-8080-exec-2] DEBUG c.q.x.a.domain.mapper.UserDOMapper.selectByPhone - ==>  Preparing: select id,password,phone,status from t_user where phone=?
2025-07-24 16:47:23.188 [http-nio-8080-exec-2] DEBUG c.q.x.a.domain.mapper.UserDOMapper.selectByPhone - ==> Parameters: 18011119108(String)
2025-07-24 16:47:23.189 [http-nio-8080-exec-2] DEBUG c.q.x.a.domain.mapper.UserDOMapper.selectByPhone - <==      Total: 1
2025-07-24 16:47:26.256 [http-nio-8080-exec-3] DEBUG c.q.x.a.domain.mapper.UserDOMapper.selectByPhone - ==>  Preparing: select id,password,phone,status from t_user where phone=?
2025-07-24 16:47:26.257 [http-nio-8080-exec-3] DEBUG c.q.x.a.domain.mapper.UserDOMapper.selectByPhone - ==> Parameters: 18011119108(String)
2025-07-24 16:47:26.259 [http-nio-8080-exec-3] DEBUG c.q.x.a.domain.mapper.UserDOMapper.selectByPhone - <==      Total: 1
2025-07-24 16:47:26.268 [http-nio-8080-exec-3] DEBUG c.q.x.a.domain.mapper.UserDOMapper.selectByPhone - ==>  Preparing: select id,password,phone,status from t_user where phone=?
2025-07-24 16:47:26.269 [http-nio-8080-exec-3] DEBUG c.q.x.a.domain.mapper.UserDOMapper.selectByPhone - ==> Parameters: 18011119108(String)
2025-07-24 16:47:26.270 [http-nio-8080-exec-3] DEBUG c.q.x.a.domain.mapper.UserDOMapper.selectByPhone - <==      Total: 1
2025-07-24 17:01:57.973 [Thread-9] WARN  com.alibaba.nacos.common.notify.NotifyCenter - [NotifyCenter] Start destroying Publisher
2025-07-24 17:01:57.973 [Thread-2] WARN  c.alibaba.nacos.common.http.HttpClientBeanHolder - [HttpClientBeanHolder] Start destroying common HttpClient
2025-07-24 17:01:57.974 [Thread-9] WARN  com.alibaba.nacos.common.notify.NotifyCenter - [NotifyCenter] Destruction of the end
2025-07-24 17:01:57.974 [Thread-2] WARN  c.alibaba.nacos.common.http.HttpClientBeanHolder - [HttpClientBeanHolder] Destruction of the end
2025-07-24 17:01:58.005 [SpringApplicationShutdownHook] INFO  c.a.cloud.nacos.registry.NacosServiceRegistry - De-registering from Nacos Server now...
2025-07-24 17:01:58.005 [SpringApplicationShutdownHook] INFO  com.alibaba.nacos.client.naming - [DEREGISTER-SERVICE] xiaohashu deregistering service xiaohashu-auth with instance: Instance{instanceId='null', ip='192.168.93.1', port=8080, weight=1.0, healthy=true, enabled=true, ephemeral=true, clusterName='DEFAULT', serviceName='null', metadata={}}
2025-07-24 17:01:58.009 [SpringApplicationShutdownHook] INFO  c.a.cloud.nacos.registry.NacosServiceRegistry - De-registration finished.
2025-07-24 17:01:58.010 [SpringApplicationShutdownHook] INFO  com.alibaba.nacos.client.naming - com.alibaba.nacos.client.naming.cache.ServiceInfoHolder do shutdown begin
2025-07-24 17:01:58.010 [SpringApplicationShutdownHook] INFO  com.alibaba.nacos.client.naming - com.alibaba.nacos.client.naming.backups.FailoverReactor do shutdown begin
2025-07-24 17:01:58.010 [SpringApplicationShutdownHook] INFO  com.alibaba.nacos.client.naming - com.alibaba.nacos.client.naming.backups.FailoverReactor do shutdown stop
2025-07-24 17:01:58.010 [SpringApplicationShutdownHook] INFO  com.alibaba.nacos.client.naming - com.alibaba.nacos.client.naming.cache.ServiceInfoHolder do shutdown stop
2025-07-24 17:01:58.010 [SpringApplicationShutdownHook] INFO  com.alibaba.nacos.client.naming - com.alibaba.nacos.client.naming.remote.NamingClientProxyDelegate do shutdown begin
2025-07-24 17:01:58.010 [SpringApplicationShutdownHook] INFO  com.alibaba.nacos.client.naming - com.alibaba.nacos.client.naming.core.ServiceInfoUpdateService do shutdown begin
2025-07-24 17:01:58.010 [SpringApplicationShutdownHook] INFO  com.alibaba.nacos.client.naming - com.alibaba.nacos.client.naming.core.ServiceInfoUpdateService do shutdown stop
2025-07-24 17:01:58.010 [SpringApplicationShutdownHook] INFO  com.alibaba.nacos.client.naming - com.alibaba.nacos.client.naming.core.ServerListManager do shutdown begin
2025-07-24 17:01:58.010 [SpringApplicationShutdownHook] WARN  com.alibaba.nacos.client.naming - [NamingHttpClientManager] Start destroying NacosRestTemplate
2025-07-24 17:01:58.010 [SpringApplicationShutdownHook] WARN  com.alibaba.nacos.client.naming - [NamingHttpClientManager] Destruction of the end
2025-07-24 17:01:58.010 [SpringApplicationShutdownHook] INFO  com.alibaba.nacos.client.naming - com.alibaba.nacos.client.naming.core.ServerListManager do shutdown stop
2025-07-24 17:01:58.010 [SpringApplicationShutdownHook] INFO  com.alibaba.nacos.client.naming - com.alibaba.nacos.client.naming.remote.http.NamingHttpClientProxy do shutdown begin
2025-07-24 17:01:58.010 [SpringApplicationShutdownHook] WARN  com.alibaba.nacos.client.naming - [NamingHttpClientManager] Start destroying NacosRestTemplate
2025-07-24 17:01:58.010 [SpringApplicationShutdownHook] WARN  com.alibaba.nacos.client.naming - [NamingHttpClientManager] Destruction of the end
2025-07-24 17:01:58.010 [SpringApplicationShutdownHook] INFO  com.alibaba.nacos.client.naming - com.alibaba.nacos.client.naming.remote.http.NamingHttpClientProxy do shutdown stop
2025-07-24 17:01:58.010 [SpringApplicationShutdownHook] INFO  com.alibaba.nacos.common.remote.client - Shutdown rpc client, set status to shutdown
2025-07-24 17:01:58.010 [SpringApplicationShutdownHook] INFO  com.alibaba.nacos.common.remote.client - Shutdown client event executor java.util.concurrent.ScheduledThreadPoolExecutor@797e7811[Running, pool size = 2, active threads = 2, queued tasks = 0, completed tasks = 0]
2025-07-24 17:01:58.011 [SpringApplicationShutdownHook] INFO  com.alibaba.nacos.common.remote.client - Close current connection 1753346747216_127.0.0.1_63979
2025-07-24 17:01:58.013 [nacos-grpc-client-executor-127.0.0.1-206] INFO  c.a.nacos.common.remote.client.grpc.GrpcClient - [1753346747216_127.0.0.1_63979]Ignore complete event,isRunning:false,isAbandon=false
2025-07-24 17:01:58.016 [SpringApplicationShutdownHook] INFO  c.a.nacos.common.remote.client.grpc.GrpcClient - Shutdown grpc executor java.util.concurrent.ThreadPoolExecutor@37ac4c42[Running, pool size = 4, active threads = 0, queued tasks = 0, completed tasks = 207]
2025-07-24 17:01:58.016 [SpringApplicationShutdownHook] INFO  com.alibaba.nacos.client.naming - Shutdown grpc redo service executor java.util.concurrent.ScheduledThreadPoolExecutor@19bbf716[Running, pool size = 1, active threads = 0, queued tasks = 1, completed tasks = 322]
2025-07-24 17:01:58.016 [SpringApplicationShutdownHook] INFO  c.a.n.client.auth.ram.identify.CredentialWatcher - [null] CredentialWatcher is stopped
2025-07-24 17:01:58.016 [SpringApplicationShutdownHook] INFO  c.a.n.client.auth.ram.identify.CredentialService - [null] CredentialService is freed
2025-07-24 17:01:58.016 [SpringApplicationShutdownHook] INFO  com.alibaba.nacos.client.naming - com.alibaba.nacos.client.naming.remote.NamingClientProxyDelegate do shutdown stop
2025-07-24 17:01:58.145 [SpringApplicationShutdownHook] INFO  com.alibaba.druid.pool.DruidDataSource - {dataSource-1} closing ...
2025-07-24 17:01:58.147 [SpringApplicationShutdownHook] INFO  com.alibaba.druid.pool.DruidDataSource - {dataSource-1} closed
2025-07-24 17:02:04.429 [main] WARN  com.alibaba.nacos.client.logging.NacosLogging - Load Logback Configuration of Nacos fail, message: Could not initialize Logback Nacos logging from classpath:nacos-logback.xml
2025-07-24 17:02:04.485 [main] WARN  com.alibaba.nacos.client.logging.NacosLogging - Load Logback Configuration of Nacos fail, message: Could not initialize Logback Nacos logging from classpath:nacos-logback.xml
2025-07-24 17:02:04.671 [main] WARN  com.alibaba.nacos.client.logging.NacosLogging - Load Logback Configuration of Nacos fail, message: Could not initialize Logback Nacos logging from classpath:nacos-logback.xml
2025-07-24 17:02:04.672 [main] INFO  com.alibaba.nacos.client.utils.ParamUtil - [settings] [req-serv] nacos-server port:8848
2025-07-24 17:02:04.672 [main] INFO  com.alibaba.nacos.client.utils.ParamUtil - [settings] [http-client] connect timeout:1000
2025-07-24 17:02:04.673 [main] INFO  com.alibaba.nacos.client.utils.ParamUtil - PER_TASK_CONFIG_SIZE: 3000.0
2025-07-24 17:02:04.696 [main] INFO  c.a.n.p.auth.spi.client.ClientAuthPluginManager - [ClientAuthPluginManager] Load ClientAuthService com.alibaba.nacos.client.auth.impl.NacosClientAuthServiceImpl success.
2025-07-24 17:02:04.696 [main] INFO  c.a.n.p.auth.spi.client.ClientAuthPluginManager - [ClientAuthPluginManager] Load ClientAuthService com.alibaba.nacos.client.auth.ram.RamClientAuthServiceImpl success.
2025-07-24 17:02:04.699 [main] INFO  c.a.n.client.auth.ram.identify.CredentialWatcher - null No credential found
2025-07-24 17:02:05.885 [main] WARN  com.alibaba.nacos.client.logging.NacosLogging - Load Logback Configuration of Nacos fail, message: Could not initialize Logback Nacos logging from classpath:nacos-logback.xml
2025-07-24 17:02:05.897 [main] INFO  c.a.n.client.config.impl.LocalConfigInfoProcessor - LOCAL_SNAPSHOT_PATH:C:\Users\50723\nacos\config
2025-07-24 17:02:05.900 [main] INFO  com.alibaba.nacos.common.remote.client - [RpcClientFactory] create a new rpc client of 577a994e-a623-4880-b802-68729d5bb372_config-0
2025-07-24 17:02:05.919 [main] INFO  com.alibaba.nacos.common.remote.client - [577a994e-a623-4880-b802-68729d5bb372_config-0] Register server push request handler:com.alibaba.nacos.client.config.impl.ClientWorker$ConfigRpcTransportClient$$Lambda$584/0x000001d0cc390658
2025-07-24 17:02:05.919 [main] INFO  com.alibaba.nacos.common.remote.client - [577a994e-a623-4880-b802-68729d5bb372_config-0] Register server push request handler:com.alibaba.nacos.client.config.impl.ClientWorker$ConfigRpcTransportClient$$Lambda$585/0x000001d0cc390a78
2025-07-24 17:02:05.920 [main] INFO  com.alibaba.nacos.common.remote.client - [577a994e-a623-4880-b802-68729d5bb372_config-0] Registry connection listener to current client:com.alibaba.nacos.client.config.impl.ClientWorker$ConfigRpcTransportClient$1
2025-07-24 17:02:05.920 [main] INFO  com.alibaba.nacos.common.remote.client - [577a994e-a623-4880-b802-68729d5bb372_config-0] RpcClient init, ServerListFactory = com.alibaba.nacos.client.config.impl.ClientWorker$ConfigRpcTransportClient$2
2025-07-24 17:02:05.928 [main] INFO  com.alibaba.nacos.common.remote.client - [577a994e-a623-4880-b802-68729d5bb372_config-0] Try to connect to server on start up, server: {serverIp = '127.0.0.1', server main port = 8848}
2025-07-24 17:02:05.957 [main] INFO  c.a.nacos.common.remote.client.grpc.GrpcClient - grpc client connection server:127.0.0.1 ip,serverPort:9848,grpcTslConfig:{"sslProvider":"OPENSSL","enableTls":false,"mutualAuthEnable":false,"trustAll":false}
2025-07-24 17:02:06.736 [main] INFO  com.alibaba.nacos.common.remote.client - [577a994e-a623-4880-b802-68729d5bb372_config-0] Success to connect to server [127.0.0.1:8848] on start up, connectionId = 1753347726541_127.0.0.1_64649
2025-07-24 17:02:06.737 [com.alibaba.nacos.client.remote.worker] INFO  com.alibaba.nacos.common.remote.client - [577a994e-a623-4880-b802-68729d5bb372_config-0] Notify connected event to listeners.
2025-07-24 17:02:06.737 [com.alibaba.nacos.client.remote.worker] INFO  com.alibaba.nacos.client.config.impl.ClientWorker - [577a994e-a623-4880-b802-68729d5bb372_config-0] Connected,notify listen context...
2025-07-24 17:02:06.737 [main] INFO  com.alibaba.nacos.common.remote.client - [577a994e-a623-4880-b802-68729d5bb372_config-0] Register server push request handler:com.alibaba.nacos.common.remote.client.RpcClient$ConnectResetRequestHandler
2025-07-24 17:02:06.737 [main] INFO  com.alibaba.nacos.common.remote.client - [577a994e-a623-4880-b802-68729d5bb372_config-0] Register server push request handler:com.alibaba.nacos.common.remote.client.RpcClient$$Lambda$605/0x000001d0cc4d8668
2025-07-24 17:02:06.778 [main] INFO  com.alibaba.nacos.client.config.impl.Limiter - limitTime:5.0
2025-07-24 17:02:06.789 [main] INFO  com.alibaba.nacos.client.config.utils.JvmUtil - isMultiInstance:false
2025-07-24 17:02:06.799 [main] WARN  c.a.cloud.nacos.client.NacosPropertySourceBuilder - Ignore the empty nacos configuration and get it based on dataId[xiaohashu-auth.yaml] & group[DEFAULT_GROUP]
2025-07-24 17:02:06.805 [main] INFO  o.s.c.b.c.PropertySourceBootstrapConfiguration - Located property source: [BootstrapPropertySource {name='bootstrapProperties-xiaohashu-auth-dev.yaml,DEFAULT_GROUP'}, BootstrapPropertySource {name='bootstrapProperties-xiaohashu-auth.yaml,DEFAULT_GROUP'}, BootstrapPropertySource {name='bootstrapProperties-xiaohashu-auth,DEFAULT_GROUP'}]
2025-07-24 17:02:06.824 [main] WARN  com.alibaba.nacos.client.logging.NacosLogging - Load Logback Configuration of Nacos fail, message: Could not initialize Logback Nacos logging from classpath:nacos-logback.xml
2025-07-24 17:02:06.825 [main] INFO  c.q.xiaohashu.auth.XiaohashuAuthApplication - The following 1 profile is active: "dev"
2025-07-24 17:02:07.399 [main] INFO  o.s.d.r.config.RepositoryConfigurationDelegate - Multiple Spring Data modules found, entering strict repository configuration mode
2025-07-24 17:02:07.401 [main] INFO  o.s.d.r.config.RepositoryConfigurationDelegate - Bootstrapping Spring Data Redis repositories in DEFAULT mode.
2025-07-24 17:02:07.422 [main] INFO  o.s.d.r.config.RepositoryConfigurationDelegate - Finished Spring Data repository scanning in 9 ms. Found 0 Redis repository interfaces.
2025-07-24 17:02:07.541 [main] INFO  o.springframework.cloud.context.scope.GenericScope - BeanFactory id=ce825f38-1723-3926-b5a2-fd0182ae3fd6
2025-07-24 17:02:07.974 [main] INFO  o.s.boot.web.embedded.tomcat.TomcatWebServer - Tomcat initialized with port(s): 8080 (http)
2025-07-24 17:02:07.983 [main] INFO  org.apache.catalina.core.StandardService - Starting service [Tomcat]
2025-07-24 17:02:07.983 [main] INFO  org.apache.catalina.core.StandardEngine - Starting Servlet engine: [Apache Tomcat/10.1.5]
2025-07-24 17:02:08.042 [main] INFO  o.a.c.core.ContainerBase.[Tomcat].[localhost].[/] - Initializing Spring embedded WebApplicationContext
2025-07-24 17:02:08.043 [main] INFO  o.s.b.w.s.c.ServletWebServerApplicationContext - Root WebApplicationContext: initialization completed in 1206 ms
2025-07-24 17:02:08.147 [main] INFO  c.a.d.s.b.a.DruidDataSourceAutoConfigure - Init DruidDataSource
2025-07-24 17:02:08.416 [main] INFO  com.alibaba.druid.pool.DruidDataSource - {dataSource-1} inited
2025-07-24 17:02:10.171 [main] INFO  org.springframework.cloud.commons.util.InetUtils - Cannot determine local hostname
2025-07-24 17:02:11.426 [main] INFO  org.springframework.cloud.commons.util.InetUtils - Cannot determine local hostname
2025-07-24 17:02:11.488 [main] INFO  o.s.boot.web.embedded.tomcat.TomcatWebServer - Tomcat started on port(s): 8080 (http) with context path ''
2025-07-24 17:02:11.492 [main] INFO  com.alibaba.nacos.client.naming - initializer namespace from ans.namespace attribute : null
2025-07-24 17:02:11.492 [main] INFO  com.alibaba.nacos.client.naming - initializer namespace from ALIBABA_ALIWARE_NAMESPACE attribute :null
2025-07-24 17:02:11.492 [main] INFO  com.alibaba.nacos.client.naming - initializer namespace from namespace attribute :null
2025-07-24 17:02:11.499 [main] INFO  c.a.n.p.auth.spi.client.ClientAuthPluginManager - [ClientAuthPluginManager] Load ClientAuthService com.alibaba.nacos.client.auth.impl.NacosClientAuthServiceImpl success.
2025-07-24 17:02:11.499 [main] INFO  c.a.n.p.auth.spi.client.ClientAuthPluginManager - [ClientAuthPluginManager] Load ClientAuthService com.alibaba.nacos.client.auth.ram.RamClientAuthServiceImpl success.
2025-07-24 17:02:11.503 [main] INFO  com.alibaba.nacos.common.remote.client - [RpcClientFactory] create a new rpc client of a41907b2-425f-4729-98ff-e1e63a7df8c0
2025-07-24 17:02:11.504 [main] INFO  com.alibaba.nacos.common.remote.client - [a41907b2-425f-4729-98ff-e1e63a7df8c0] RpcClient init, ServerListFactory = com.alibaba.nacos.client.naming.core.ServerListManager
2025-07-24 17:02:11.505 [main] INFO  com.alibaba.nacos.common.remote.client - [a41907b2-425f-4729-98ff-e1e63a7df8c0] Registry connection listener to current client:com.alibaba.nacos.client.naming.remote.gprc.redo.NamingGrpcRedoService
2025-07-24 17:02:11.505 [main] INFO  com.alibaba.nacos.common.remote.client - [a41907b2-425f-4729-98ff-e1e63a7df8c0] Register server push request handler:com.alibaba.nacos.client.naming.remote.gprc.NamingPushRequestHandler
2025-07-24 17:02:11.505 [main] INFO  com.alibaba.nacos.common.remote.client - [a41907b2-425f-4729-98ff-e1e63a7df8c0] Try to connect to server on start up, server: {serverIp = '127.0.0.1', server main port = 8848}
2025-07-24 17:02:11.505 [main] INFO  c.a.nacos.common.remote.client.grpc.GrpcClient - grpc client connection server:127.0.0.1 ip,serverPort:9848,grpcTslConfig:{"sslProvider":"OPENSSL","enableTls":false,"mutualAuthEnable":false,"trustAll":false}
2025-07-24 17:02:11.621 [main] INFO  com.alibaba.nacos.common.remote.client - [a41907b2-425f-4729-98ff-e1e63a7df8c0] Success to connect to server [127.0.0.1:8848] on start up, connectionId = 1753347731510_127.0.0.1_64657
2025-07-24 17:02:11.621 [main] INFO  com.alibaba.nacos.common.remote.client - [a41907b2-425f-4729-98ff-e1e63a7df8c0] Register server push request handler:com.alibaba.nacos.common.remote.client.RpcClient$ConnectResetRequestHandler
2025-07-24 17:02:11.621 [com.alibaba.nacos.client.remote.worker] INFO  com.alibaba.nacos.common.remote.client - [a41907b2-425f-4729-98ff-e1e63a7df8c0] Notify connected event to listeners.
2025-07-24 17:02:11.621 [main] INFO  com.alibaba.nacos.common.remote.client - [a41907b2-425f-4729-98ff-e1e63a7df8c0] Register server push request handler:com.alibaba.nacos.common.remote.client.RpcClient$$Lambda$605/0x000001d0cc4d8668
2025-07-24 17:02:11.621 [com.alibaba.nacos.client.remote.worker] INFO  com.alibaba.nacos.client.naming - Grpc connection connect
2025-07-24 17:02:11.622 [main] INFO  com.alibaba.nacos.client.naming - [REGISTER-SERVICE] xiaohashu registering service xiaohashu-auth with instance Instance{instanceId='null', ip='192.168.93.1', port=8080, weight=1.0, healthy=true, enabled=true, ephemeral=true, clusterName='DEFAULT', serviceName='null', metadata={IPv6=[2409:8931:477:1db0:2585:23ed:9f05:56f6], preserved.register.source=SPRING_CLOUD}}
2025-07-24 17:02:11.632 [main] INFO  c.a.cloud.nacos.registry.NacosServiceRegistry - nacos registry, DEFAULT_GROUP xiaohashu-auth 192.168.93.1:8080 register finished
2025-07-24 17:02:12.731 [main] INFO  org.springframework.cloud.commons.util.InetUtils - Cannot determine local hostname
2025-07-24 17:02:12.745 [main] INFO  c.q.xiaohashu.auth.XiaohashuAuthApplication - Started XiaohashuAuthApplication in 9.906 seconds (process running for 10.372)
2025-07-24 17:02:12.746 [main] INFO  c.q.x.auth.runner.PushRolePermissions2RedisRunner - ==> 服务启动，开始同步角色权限数据到 Redis 中...
2025-07-24 17:02:13.055 [main] WARN  c.q.x.auth.runner.PushRolePermissions2RedisRunner - ==> 角色权限数据已经同步至 Redis 中，不再同步...
2025-07-24 17:02:13.058 [main] INFO  com.alibaba.nacos.client.config.impl.CacheData - nacos.cache.data.init.snapshot = true 
2025-07-24 17:02:13.058 [main] INFO  com.alibaba.nacos.client.config.impl.ClientWorker - [fixed-xiaohashu-127.0.0.1_8848] [subscribe] xiaohashu-auth.yaml+DEFAULT_GROUP+xiaohashu
2025-07-24 17:02:13.064 [main] INFO  com.alibaba.nacos.client.config.impl.CacheData - [fixed-xiaohashu-127.0.0.1_8848] [add-listener] ok, tenant=xiaohashu, dataId=xiaohashu-auth.yaml, group=DEFAULT_GROUP, cnt=1
2025-07-24 17:02:13.064 [main] INFO  c.a.cloud.nacos.refresh.NacosContextRefresher - [Nacos Config] Listening config: dataId=xiaohashu-auth.yaml, group=DEFAULT_GROUP
2025-07-24 17:02:13.066 [main] INFO  com.alibaba.nacos.client.config.impl.ClientWorker - [fixed-xiaohashu-127.0.0.1_8848] [subscribe] xiaohashu-auth-dev.yaml+DEFAULT_GROUP+xiaohashu
2025-07-24 17:02:13.066 [main] INFO  com.alibaba.nacos.client.config.impl.CacheData - [fixed-xiaohashu-127.0.0.1_8848] [add-listener] ok, tenant=xiaohashu, dataId=xiaohashu-auth-dev.yaml, group=DEFAULT_GROUP, cnt=1
2025-07-24 17:02:13.066 [main] INFO  c.a.cloud.nacos.refresh.NacosContextRefresher - [Nacos Config] Listening config: dataId=xiaohashu-auth-dev.yaml, group=DEFAULT_GROUP
2025-07-24 17:02:13.067 [main] INFO  com.alibaba.nacos.client.config.impl.ClientWorker - [fixed-xiaohashu-127.0.0.1_8848] [subscribe] xiaohashu-auth+DEFAULT_GROUP+xiaohashu
2025-07-24 17:02:13.068 [main] INFO  com.alibaba.nacos.client.config.impl.CacheData - [fixed-xiaohashu-127.0.0.1_8848] [add-listener] ok, tenant=xiaohashu, dataId=xiaohashu-auth, group=DEFAULT_GROUP, cnt=1
2025-07-24 17:02:13.068 [main] INFO  c.a.cloud.nacos.refresh.NacosContextRefresher - [Nacos Config] Listening config: dataId=xiaohashu-auth, group=DEFAULT_GROUP
2025-07-24 17:02:22.534 [http-nio-8080-exec-1] INFO  o.a.c.core.ContainerBase.[Tomcat].[localhost].[/] - Initializing Spring DispatcherServlet 'dispatcherServlet'
2025-07-24 17:02:22.534 [http-nio-8080-exec-1] INFO  org.springframework.web.servlet.DispatcherServlet - Initializing Servlet 'dispatcherServlet'
2025-07-24 17:02:22.535 [http-nio-8080-exec-1] INFO  org.springframework.web.servlet.DispatcherServlet - Completed initialization in 1 ms
2025-07-24 17:02:29.759 [http-nio-8080-exec-3] INFO  c.q.xiaohashu.auth.alarm.impl.SmsAlarmHelper - ==> 【短信告警】：系统出错啦，犬小哈这个月绩效没了，速度上线解决问题！null
2025-07-24 17:03:41.150 [http-nio-8080-exec-10] DEBUG c.q.x.a.domain.mapper.UserDOMapper.selectByPhone - ==>  Preparing: select id,password,phone,status from t_user where phone=?
2025-07-24 17:03:41.280 [http-nio-8080-exec-10] DEBUG c.q.x.a.domain.mapper.UserDOMapper.selectByPhone - ==> Parameters: 18011119108(String)
2025-07-24 17:03:41.334 [http-nio-8080-exec-10] DEBUG c.q.x.a.domain.mapper.UserDOMapper.selectByPhone - <==      Total: 1
2025-07-24 17:03:41.389 [http-nio-8080-exec-10] DEBUG c.q.x.a.domain.mapper.UserDOMapper.selectByPhone - ==>  Preparing: select id,password,phone,status from t_user where phone=?
2025-07-24 17:03:41.390 [http-nio-8080-exec-10] DEBUG c.q.x.a.domain.mapper.UserDOMapper.selectByPhone - ==> Parameters: 18011119108(String)
2025-07-24 17:03:41.391 [http-nio-8080-exec-10] DEBUG c.q.x.a.domain.mapper.UserDOMapper.selectByPhone - <==      Total: 1
2025-07-24 17:04:01.750 [Thread-2] WARN  c.alibaba.nacos.common.http.HttpClientBeanHolder - [HttpClientBeanHolder] Start destroying common HttpClient
2025-07-24 17:04:01.750 [Thread-9] WARN  com.alibaba.nacos.common.notify.NotifyCenter - [NotifyCenter] Start destroying Publisher
2025-07-24 17:04:01.750 [Thread-9] WARN  com.alibaba.nacos.common.notify.NotifyCenter - [NotifyCenter] Destruction of the end
2025-07-24 17:04:01.751 [Thread-2] WARN  c.alibaba.nacos.common.http.HttpClientBeanHolder - [HttpClientBeanHolder] Destruction of the end
2025-07-24 17:04:01.778 [SpringApplicationShutdownHook] INFO  c.a.cloud.nacos.registry.NacosServiceRegistry - De-registering from Nacos Server now...
2025-07-24 17:04:01.778 [SpringApplicationShutdownHook] INFO  com.alibaba.nacos.client.naming - [DEREGISTER-SERVICE] xiaohashu deregistering service xiaohashu-auth with instance: Instance{instanceId='null', ip='192.168.93.1', port=8080, weight=1.0, healthy=true, enabled=true, ephemeral=true, clusterName='DEFAULT', serviceName='null', metadata={}}
2025-07-24 17:04:01.781 [SpringApplicationShutdownHook] INFO  c.a.cloud.nacos.registry.NacosServiceRegistry - De-registration finished.
2025-07-24 17:04:01.782 [SpringApplicationShutdownHook] INFO  com.alibaba.nacos.client.naming - com.alibaba.nacos.client.naming.cache.ServiceInfoHolder do shutdown begin
2025-07-24 17:04:01.782 [SpringApplicationShutdownHook] INFO  com.alibaba.nacos.client.naming - com.alibaba.nacos.client.naming.backups.FailoverReactor do shutdown begin
2025-07-24 17:04:01.782 [SpringApplicationShutdownHook] INFO  com.alibaba.nacos.client.naming - com.alibaba.nacos.client.naming.backups.FailoverReactor do shutdown stop
2025-07-24 17:04:01.782 [SpringApplicationShutdownHook] INFO  com.alibaba.nacos.client.naming - com.alibaba.nacos.client.naming.cache.ServiceInfoHolder do shutdown stop
2025-07-24 17:04:01.782 [SpringApplicationShutdownHook] INFO  com.alibaba.nacos.client.naming - com.alibaba.nacos.client.naming.remote.NamingClientProxyDelegate do shutdown begin
2025-07-24 17:04:01.782 [SpringApplicationShutdownHook] INFO  com.alibaba.nacos.client.naming - com.alibaba.nacos.client.naming.core.ServiceInfoUpdateService do shutdown begin
2025-07-24 17:04:01.782 [SpringApplicationShutdownHook] INFO  com.alibaba.nacos.client.naming - com.alibaba.nacos.client.naming.core.ServiceInfoUpdateService do shutdown stop
2025-07-24 17:04:01.782 [SpringApplicationShutdownHook] INFO  com.alibaba.nacos.client.naming - com.alibaba.nacos.client.naming.core.ServerListManager do shutdown begin
2025-07-24 17:04:01.782 [SpringApplicationShutdownHook] WARN  com.alibaba.nacos.client.naming - [NamingHttpClientManager] Start destroying NacosRestTemplate
2025-07-24 17:04:01.782 [SpringApplicationShutdownHook] WARN  com.alibaba.nacos.client.naming - [NamingHttpClientManager] Destruction of the end
2025-07-24 17:04:01.782 [SpringApplicationShutdownHook] INFO  com.alibaba.nacos.client.naming - com.alibaba.nacos.client.naming.core.ServerListManager do shutdown stop
2025-07-24 17:04:01.782 [SpringApplicationShutdownHook] INFO  com.alibaba.nacos.client.naming - com.alibaba.nacos.client.naming.remote.http.NamingHttpClientProxy do shutdown begin
2025-07-24 17:04:01.782 [SpringApplicationShutdownHook] WARN  com.alibaba.nacos.client.naming - [NamingHttpClientManager] Start destroying NacosRestTemplate
2025-07-24 17:04:01.782 [SpringApplicationShutdownHook] WARN  com.alibaba.nacos.client.naming - [NamingHttpClientManager] Destruction of the end
2025-07-24 17:04:01.782 [SpringApplicationShutdownHook] INFO  com.alibaba.nacos.client.naming - com.alibaba.nacos.client.naming.remote.http.NamingHttpClientProxy do shutdown stop
2025-07-24 17:04:01.782 [SpringApplicationShutdownHook] INFO  com.alibaba.nacos.common.remote.client - Shutdown rpc client, set status to shutdown
2025-07-24 17:04:01.782 [SpringApplicationShutdownHook] INFO  com.alibaba.nacos.common.remote.client - Shutdown client event executor java.util.concurrent.ScheduledThreadPoolExecutor@7e283427[Running, pool size = 2, active threads = 2, queued tasks = 0, completed tasks = 0]
2025-07-24 17:04:01.783 [SpringApplicationShutdownHook] INFO  com.alibaba.nacos.common.remote.client - Close current connection 1753347731510_127.0.0.1_64657
2025-07-24 17:04:01.785 [SpringApplicationShutdownHook] INFO  c.a.nacos.common.remote.client.grpc.GrpcClient - Shutdown grpc executor java.util.concurrent.ThreadPoolExecutor@4c1d6fda[Running, pool size = 4, active threads = 0, queued tasks = 0, completed tasks = 35]
2025-07-24 17:04:01.785 [SpringApplicationShutdownHook] INFO  com.alibaba.nacos.client.naming - Shutdown grpc redo service executor java.util.concurrent.ScheduledThreadPoolExecutor@59343f5f[Running, pool size = 1, active threads = 0, queued tasks = 1, completed tasks = 36]
2025-07-24 17:04:01.786 [SpringApplicationShutdownHook] INFO  c.a.n.client.auth.ram.identify.CredentialWatcher - [null] CredentialWatcher is stopped
2025-07-24 17:04:01.786 [SpringApplicationShutdownHook] INFO  c.a.n.client.auth.ram.identify.CredentialService - [null] CredentialService is freed
2025-07-24 17:04:01.786 [SpringApplicationShutdownHook] INFO  com.alibaba.nacos.client.naming - com.alibaba.nacos.client.naming.remote.NamingClientProxyDelegate do shutdown stop
2025-07-24 17:04:01.905 [SpringApplicationShutdownHook] INFO  com.alibaba.druid.pool.DruidDataSource - {dataSource-1} closing ...
2025-07-24 17:04:01.910 [SpringApplicationShutdownHook] INFO  com.alibaba.druid.pool.DruidDataSource - {dataSource-1} closed
2025-07-24 17:04:06.783 [main] WARN  com.alibaba.nacos.client.logging.NacosLogging - Load Logback Configuration of Nacos fail, message: Could not initialize Logback Nacos logging from classpath:nacos-logback.xml
2025-07-24 17:04:06.836 [main] WARN  com.alibaba.nacos.client.logging.NacosLogging - Load Logback Configuration of Nacos fail, message: Could not initialize Logback Nacos logging from classpath:nacos-logback.xml
2025-07-24 17:04:07.016 [main] WARN  com.alibaba.nacos.client.logging.NacosLogging - Load Logback Configuration of Nacos fail, message: Could not initialize Logback Nacos logging from classpath:nacos-logback.xml
2025-07-24 17:04:07.017 [main] INFO  com.alibaba.nacos.client.utils.ParamUtil - [settings] [req-serv] nacos-server port:8848
2025-07-24 17:04:07.017 [main] INFO  com.alibaba.nacos.client.utils.ParamUtil - [settings] [http-client] connect timeout:1000
2025-07-24 17:04:07.018 [main] INFO  com.alibaba.nacos.client.utils.ParamUtil - PER_TASK_CONFIG_SIZE: 3000.0
2025-07-24 17:04:07.041 [main] INFO  c.a.n.p.auth.spi.client.ClientAuthPluginManager - [ClientAuthPluginManager] Load ClientAuthService com.alibaba.nacos.client.auth.impl.NacosClientAuthServiceImpl success.
2025-07-24 17:04:07.041 [main] INFO  c.a.n.p.auth.spi.client.ClientAuthPluginManager - [ClientAuthPluginManager] Load ClientAuthService com.alibaba.nacos.client.auth.ram.RamClientAuthServiceImpl success.
2025-07-24 17:04:07.044 [main] INFO  c.a.n.client.auth.ram.identify.CredentialWatcher - null No credential found
2025-07-24 17:04:08.231 [main] WARN  com.alibaba.nacos.client.logging.NacosLogging - Load Logback Configuration of Nacos fail, message: Could not initialize Logback Nacos logging from classpath:nacos-logback.xml
2025-07-24 17:04:08.243 [main] INFO  c.a.n.client.config.impl.LocalConfigInfoProcessor - LOCAL_SNAPSHOT_PATH:C:\Users\50723\nacos\config
2025-07-24 17:04:08.250 [main] INFO  com.alibaba.nacos.common.remote.client - [RpcClientFactory] create a new rpc client of a4ef088c-3eee-4bf7-84c5-c42a31584b30_config-0
2025-07-24 17:04:08.265 [main] INFO  com.alibaba.nacos.common.remote.client - [a4ef088c-3eee-4bf7-84c5-c42a31584b30_config-0] Register server push request handler:com.alibaba.nacos.client.config.impl.ClientWorker$ConfigRpcTransportClient$$Lambda$584/0x00000261ba3915b0
2025-07-24 17:04:08.266 [main] INFO  com.alibaba.nacos.common.remote.client - [a4ef088c-3eee-4bf7-84c5-c42a31584b30_config-0] Register server push request handler:com.alibaba.nacos.client.config.impl.ClientWorker$ConfigRpcTransportClient$$Lambda$585/0x00000261ba3919d0
2025-07-24 17:04:08.266 [main] INFO  com.alibaba.nacos.common.remote.client - [a4ef088c-3eee-4bf7-84c5-c42a31584b30_config-0] Registry connection listener to current client:com.alibaba.nacos.client.config.impl.ClientWorker$ConfigRpcTransportClient$1
2025-07-24 17:04:08.266 [main] INFO  com.alibaba.nacos.common.remote.client - [a4ef088c-3eee-4bf7-84c5-c42a31584b30_config-0] RpcClient init, ServerListFactory = com.alibaba.nacos.client.config.impl.ClientWorker$ConfigRpcTransportClient$2
2025-07-24 17:04:08.273 [main] INFO  com.alibaba.nacos.common.remote.client - [a4ef088c-3eee-4bf7-84c5-c42a31584b30_config-0] Try to connect to server on start up, server: {serverIp = '127.0.0.1', server main port = 8848}
2025-07-24 17:04:08.300 [main] INFO  c.a.nacos.common.remote.client.grpc.GrpcClient - grpc client connection server:127.0.0.1 ip,serverPort:9848,grpcTslConfig:{"sslProvider":"OPENSSL","enableTls":false,"mutualAuthEnable":false,"trustAll":false}
2025-07-24 17:04:09.001 [main] INFO  com.alibaba.nacos.common.remote.client - [a4ef088c-3eee-4bf7-84c5-c42a31584b30_config-0] Success to connect to server [127.0.0.1:8848] on start up, connectionId = 1753347848828_127.0.0.1_64726
2025-07-24 17:04:09.002 [com.alibaba.nacos.client.remote.worker] INFO  com.alibaba.nacos.common.remote.client - [a4ef088c-3eee-4bf7-84c5-c42a31584b30_config-0] Notify connected event to listeners.
2025-07-24 17:04:09.002 [com.alibaba.nacos.client.remote.worker] INFO  com.alibaba.nacos.client.config.impl.ClientWorker - [a4ef088c-3eee-4bf7-84c5-c42a31584b30_config-0] Connected,notify listen context...
2025-07-24 17:04:09.002 [main] INFO  com.alibaba.nacos.common.remote.client - [a4ef088c-3eee-4bf7-84c5-c42a31584b30_config-0] Register server push request handler:com.alibaba.nacos.common.remote.client.RpcClient$ConnectResetRequestHandler
2025-07-24 17:04:09.003 [main] INFO  com.alibaba.nacos.common.remote.client - [a4ef088c-3eee-4bf7-84c5-c42a31584b30_config-0] Register server push request handler:com.alibaba.nacos.common.remote.client.RpcClient$$Lambda$605/0x00000261ba4d91e8
2025-07-24 17:04:09.042 [main] INFO  com.alibaba.nacos.client.config.impl.Limiter - limitTime:5.0
2025-07-24 17:04:09.053 [main] INFO  com.alibaba.nacos.client.config.utils.JvmUtil - isMultiInstance:false
2025-07-24 17:04:09.062 [main] WARN  c.a.cloud.nacos.client.NacosPropertySourceBuilder - Ignore the empty nacos configuration and get it based on dataId[xiaohashu-auth.yaml] & group[DEFAULT_GROUP]
2025-07-24 17:04:09.067 [main] INFO  o.s.c.b.c.PropertySourceBootstrapConfiguration - Located property source: [BootstrapPropertySource {name='bootstrapProperties-xiaohashu-auth-dev.yaml,DEFAULT_GROUP'}, BootstrapPropertySource {name='bootstrapProperties-xiaohashu-auth.yaml,DEFAULT_GROUP'}, BootstrapPropertySource {name='bootstrapProperties-xiaohashu-auth,DEFAULT_GROUP'}]
2025-07-24 17:04:09.085 [main] WARN  com.alibaba.nacos.client.logging.NacosLogging - Load Logback Configuration of Nacos fail, message: Could not initialize Logback Nacos logging from classpath:nacos-logback.xml
2025-07-24 17:04:09.085 [main] INFO  c.q.xiaohashu.auth.XiaohashuAuthApplication - The following 1 profile is active: "dev"
2025-07-24 17:04:09.594 [main] INFO  o.s.d.r.config.RepositoryConfigurationDelegate - Multiple Spring Data modules found, entering strict repository configuration mode
2025-07-24 17:04:09.596 [main] INFO  o.s.d.r.config.RepositoryConfigurationDelegate - Bootstrapping Spring Data Redis repositories in DEFAULT mode.
2025-07-24 17:04:09.613 [main] INFO  o.s.d.r.config.RepositoryConfigurationDelegate - Finished Spring Data repository scanning in 7 ms. Found 0 Redis repository interfaces.
2025-07-24 17:04:09.707 [main] INFO  o.springframework.cloud.context.scope.GenericScope - BeanFactory id=ce825f38-1723-3926-b5a2-fd0182ae3fd6
2025-07-24 17:04:10.106 [main] INFO  o.s.boot.web.embedded.tomcat.TomcatWebServer - Tomcat initialized with port(s): 8080 (http)
2025-07-24 17:04:10.114 [main] INFO  org.apache.catalina.core.StandardService - Starting service [Tomcat]
2025-07-24 17:04:10.115 [main] INFO  org.apache.catalina.core.StandardEngine - Starting Servlet engine: [Apache Tomcat/10.1.5]
2025-07-24 17:04:10.169 [main] INFO  o.a.c.core.ContainerBase.[Tomcat].[localhost].[/] - Initializing Spring embedded WebApplicationContext
2025-07-24 17:04:10.170 [main] INFO  o.s.b.w.s.c.ServletWebServerApplicationContext - Root WebApplicationContext: initialization completed in 1072 ms
2025-07-24 17:04:10.253 [main] INFO  c.a.d.s.b.a.DruidDataSourceAutoConfigure - Init DruidDataSource
2025-07-24 17:04:10.506 [main] INFO  com.alibaba.druid.pool.DruidDataSource - {dataSource-1} inited
2025-07-24 17:04:12.223 [main] INFO  org.springframework.cloud.commons.util.InetUtils - Cannot determine local hostname
2025-07-24 17:04:13.463 [main] INFO  org.springframework.cloud.commons.util.InetUtils - Cannot determine local hostname
2025-07-24 17:04:13.522 [main] INFO  o.s.boot.web.embedded.tomcat.TomcatWebServer - Tomcat started on port(s): 8080 (http) with context path ''
2025-07-24 17:04:13.525 [main] INFO  com.alibaba.nacos.client.naming - initializer namespace from ans.namespace attribute : null
2025-07-24 17:04:13.526 [main] INFO  com.alibaba.nacos.client.naming - initializer namespace from ALIBABA_ALIWARE_NAMESPACE attribute :null
2025-07-24 17:04:13.526 [main] INFO  com.alibaba.nacos.client.naming - initializer namespace from namespace attribute :null
2025-07-24 17:04:13.533 [main] INFO  c.a.n.p.auth.spi.client.ClientAuthPluginManager - [ClientAuthPluginManager] Load ClientAuthService com.alibaba.nacos.client.auth.impl.NacosClientAuthServiceImpl success.
2025-07-24 17:04:13.533 [main] INFO  c.a.n.p.auth.spi.client.ClientAuthPluginManager - [ClientAuthPluginManager] Load ClientAuthService com.alibaba.nacos.client.auth.ram.RamClientAuthServiceImpl success.
2025-07-24 17:04:13.536 [main] INFO  com.alibaba.nacos.common.remote.client - [RpcClientFactory] create a new rpc client of a212e26d-6923-4bcc-b3b1-0e48d8691704
2025-07-24 17:04:13.538 [main] INFO  com.alibaba.nacos.common.remote.client - [a212e26d-6923-4bcc-b3b1-0e48d8691704] RpcClient init, ServerListFactory = com.alibaba.nacos.client.naming.core.ServerListManager
2025-07-24 17:04:13.538 [main] INFO  com.alibaba.nacos.common.remote.client - [a212e26d-6923-4bcc-b3b1-0e48d8691704] Registry connection listener to current client:com.alibaba.nacos.client.naming.remote.gprc.redo.NamingGrpcRedoService
2025-07-24 17:04:13.538 [main] INFO  com.alibaba.nacos.common.remote.client - [a212e26d-6923-4bcc-b3b1-0e48d8691704] Register server push request handler:com.alibaba.nacos.client.naming.remote.gprc.NamingPushRequestHandler
2025-07-24 17:04:13.538 [main] INFO  com.alibaba.nacos.common.remote.client - [a212e26d-6923-4bcc-b3b1-0e48d8691704] Try to connect to server on start up, server: {serverIp = '127.0.0.1', server main port = 8848}
2025-07-24 17:04:13.538 [main] INFO  c.a.nacos.common.remote.client.grpc.GrpcClient - grpc client connection server:127.0.0.1 ip,serverPort:9848,grpcTslConfig:{"sslProvider":"OPENSSL","enableTls":false,"mutualAuthEnable":false,"trustAll":false}
2025-07-24 17:04:13.649 [main] INFO  com.alibaba.nacos.common.remote.client - [a212e26d-6923-4bcc-b3b1-0e48d8691704] Success to connect to server [127.0.0.1:8848] on start up, connectionId = 1753347853542_127.0.0.1_64732
2025-07-24 17:04:13.649 [main] INFO  com.alibaba.nacos.common.remote.client - [a212e26d-6923-4bcc-b3b1-0e48d8691704] Register server push request handler:com.alibaba.nacos.common.remote.client.RpcClient$ConnectResetRequestHandler
2025-07-24 17:04:13.649 [com.alibaba.nacos.client.remote.worker] INFO  com.alibaba.nacos.common.remote.client - [a212e26d-6923-4bcc-b3b1-0e48d8691704] Notify connected event to listeners.
2025-07-24 17:04:13.649 [main] INFO  com.alibaba.nacos.common.remote.client - [a212e26d-6923-4bcc-b3b1-0e48d8691704] Register server push request handler:com.alibaba.nacos.common.remote.client.RpcClient$$Lambda$605/0x00000261ba4d91e8
2025-07-24 17:04:13.649 [com.alibaba.nacos.client.remote.worker] INFO  com.alibaba.nacos.client.naming - Grpc connection connect
2025-07-24 17:04:13.651 [main] INFO  com.alibaba.nacos.client.naming - [REGISTER-SERVICE] xiaohashu registering service xiaohashu-auth with instance Instance{instanceId='null', ip='192.168.93.1', port=8080, weight=1.0, healthy=true, enabled=true, ephemeral=true, clusterName='DEFAULT', serviceName='null', metadata={IPv6=[2409:8931:477:1db0:2585:23ed:9f05:56f6], preserved.register.source=SPRING_CLOUD}}
2025-07-24 17:04:13.659 [main] INFO  c.a.cloud.nacos.registry.NacosServiceRegistry - nacos registry, DEFAULT_GROUP xiaohashu-auth 192.168.93.1:8080 register finished
2025-07-24 17:04:14.760 [main] INFO  org.springframework.cloud.commons.util.InetUtils - Cannot determine local hostname
2025-07-24 17:04:14.773 [main] INFO  c.q.xiaohashu.auth.XiaohashuAuthApplication - Started XiaohashuAuthApplication in 9.546 seconds (process running for 10.053)
2025-07-24 17:04:14.774 [main] INFO  c.q.x.auth.runner.PushRolePermissions2RedisRunner - ==> 服务启动，开始同步角色权限数据到 Redis 中...
2025-07-24 17:04:15.082 [main] WARN  c.q.x.auth.runner.PushRolePermissions2RedisRunner - ==> 角色权限数据已经同步至 Redis 中，不再同步...
2025-07-24 17:04:15.084 [main] INFO  com.alibaba.nacos.client.config.impl.CacheData - nacos.cache.data.init.snapshot = true 
2025-07-24 17:04:15.084 [main] INFO  com.alibaba.nacos.client.config.impl.ClientWorker - [fixed-xiaohashu-127.0.0.1_8848] [subscribe] xiaohashu-auth.yaml+DEFAULT_GROUP+xiaohashu
2025-07-24 17:04:15.091 [main] INFO  com.alibaba.nacos.client.config.impl.CacheData - [fixed-xiaohashu-127.0.0.1_8848] [add-listener] ok, tenant=xiaohashu, dataId=xiaohashu-auth.yaml, group=DEFAULT_GROUP, cnt=1
2025-07-24 17:04:15.091 [main] INFO  c.a.cloud.nacos.refresh.NacosContextRefresher - [Nacos Config] Listening config: dataId=xiaohashu-auth.yaml, group=DEFAULT_GROUP
2025-07-24 17:04:15.093 [main] INFO  com.alibaba.nacos.client.config.impl.ClientWorker - [fixed-xiaohashu-127.0.0.1_8848] [subscribe] xiaohashu-auth-dev.yaml+DEFAULT_GROUP+xiaohashu
2025-07-24 17:04:15.093 [main] INFO  com.alibaba.nacos.client.config.impl.CacheData - [fixed-xiaohashu-127.0.0.1_8848] [add-listener] ok, tenant=xiaohashu, dataId=xiaohashu-auth-dev.yaml, group=DEFAULT_GROUP, cnt=1
2025-07-24 17:04:15.093 [main] INFO  c.a.cloud.nacos.refresh.NacosContextRefresher - [Nacos Config] Listening config: dataId=xiaohashu-auth-dev.yaml, group=DEFAULT_GROUP
2025-07-24 17:04:15.094 [main] INFO  com.alibaba.nacos.client.config.impl.ClientWorker - [fixed-xiaohashu-127.0.0.1_8848] [subscribe] xiaohashu-auth+DEFAULT_GROUP+xiaohashu
2025-07-24 17:04:15.094 [main] INFO  com.alibaba.nacos.client.config.impl.CacheData - [fixed-xiaohashu-127.0.0.1_8848] [add-listener] ok, tenant=xiaohashu, dataId=xiaohashu-auth, group=DEFAULT_GROUP, cnt=1
2025-07-24 17:04:15.094 [main] INFO  c.a.cloud.nacos.refresh.NacosContextRefresher - [Nacos Config] Listening config: dataId=xiaohashu-auth, group=DEFAULT_GROUP
2025-07-24 17:04:18.690 [http-nio-8080-exec-1] INFO  o.a.c.core.ContainerBase.[Tomcat].[localhost].[/] - Initializing Spring DispatcherServlet 'dispatcherServlet'
2025-07-24 17:04:18.690 [http-nio-8080-exec-1] INFO  org.springframework.web.servlet.DispatcherServlet - Initializing Servlet 'dispatcherServlet'
2025-07-24 17:04:18.691 [http-nio-8080-exec-1] INFO  org.springframework.web.servlet.DispatcherServlet - Completed initialization in 1 ms
2025-07-24 17:04:18.714 [http-nio-8080-exec-1] INFO  c.q.xiaohashu.auth.alarm.impl.SmsAlarmHelper - ==> 【短信告警】：系统出错啦，犬小哈这个月绩效没了，速度上线解决问题！null
2025-07-24 17:04:35.889 [http-nio-8080-exec-3] DEBUG c.q.x.a.domain.mapper.UserDOMapper.selectByPhone - ==>  Preparing: select id,password,phone,status from t_user where phone=?
2025-07-24 17:04:36.031 [http-nio-8080-exec-3] DEBUG c.q.x.a.domain.mapper.UserDOMapper.selectByPhone - ==> Parameters: 18011119108(String)
2025-07-24 17:04:36.060 [http-nio-8080-exec-3] DEBUG c.q.x.a.domain.mapper.UserDOMapper.selectByPhone - <==      Total: 1
2025-07-24 17:04:36.124 [http-nio-8080-exec-3] DEBUG c.q.x.a.domain.mapper.UserDOMapper.selectByPhone - ==>  Preparing: select id,password,phone,status from t_user where phone=?
2025-07-24 17:04:36.125 [http-nio-8080-exec-3] DEBUG c.q.x.a.domain.mapper.UserDOMapper.selectByPhone - ==> Parameters: 18011119108(String)
2025-07-24 17:04:36.127 [http-nio-8080-exec-3] DEBUG c.q.x.a.domain.mapper.UserDOMapper.selectByPhone - <==      Total: 1
2025-07-24 17:04:46.308 [http-nio-8080-exec-7] DEBUG c.q.x.a.domain.mapper.UserDOMapper.selectByPhone - ==>  Preparing: select id,password,phone,status from t_user where phone=?
2025-07-24 17:04:46.308 [http-nio-8080-exec-7] DEBUG c.q.x.a.domain.mapper.UserDOMapper.selectByPhone - ==> Parameters: 18011119108(String)
2025-07-24 17:04:46.309 [http-nio-8080-exec-7] DEBUG c.q.x.a.domain.mapper.UserDOMapper.selectByPhone - <==      Total: 1
2025-07-24 17:04:46.318 [http-nio-8080-exec-7] DEBUG c.q.x.a.domain.mapper.UserDOMapper.selectByPhone - ==>  Preparing: select id,password,phone,status from t_user where phone=?
2025-07-24 17:04:46.319 [http-nio-8080-exec-7] DEBUG c.q.x.a.domain.mapper.UserDOMapper.selectByPhone - ==> Parameters: 18011119108(String)
2025-07-24 17:04:46.320 [http-nio-8080-exec-7] DEBUG c.q.x.a.domain.mapper.UserDOMapper.selectByPhone - <==      Total: 1
2025-07-24 17:05:06.207 [http-nio-8080-exec-6] INFO  c.q.f.b.operationlog.aspect.ApiOperationLogAspect - ====== 请求开始: [账号登出], 入参: , 请求类: UserController, 请求方法: logout =================================== 
2025-07-24 17:05:06.208 [http-nio-8080-exec-6] INFO  c.q.f.b.operationlog.aspect.ApiOperationLogAspect - ====== 请求结束: [账号登出], 耗时: 1ms, 出参: {"success":true,"message":null,"errorCode":null,"data":null} =================================== 
2025-07-24 17:12:40.743 [Thread-2] WARN  c.alibaba.nacos.common.http.HttpClientBeanHolder - [HttpClientBeanHolder] Start destroying common HttpClient
2025-07-24 17:12:40.743 [Thread-9] WARN  com.alibaba.nacos.common.notify.NotifyCenter - [NotifyCenter] Start destroying Publisher
2025-07-24 17:12:40.743 [Thread-9] WARN  com.alibaba.nacos.common.notify.NotifyCenter - [NotifyCenter] Destruction of the end
2025-07-24 17:12:40.744 [Thread-2] WARN  c.alibaba.nacos.common.http.HttpClientBeanHolder - [HttpClientBeanHolder] Destruction of the end
2025-07-24 17:12:40.775 [SpringApplicationShutdownHook] INFO  c.a.cloud.nacos.registry.NacosServiceRegistry - De-registering from Nacos Server now...
2025-07-24 17:12:40.776 [SpringApplicationShutdownHook] INFO  com.alibaba.nacos.client.naming - [DEREGISTER-SERVICE] xiaohashu deregistering service xiaohashu-auth with instance: Instance{instanceId='null', ip='192.168.93.1', port=8080, weight=1.0, healthy=true, enabled=true, ephemeral=true, clusterName='DEFAULT', serviceName='null', metadata={}}
2025-07-24 17:12:40.779 [SpringApplicationShutdownHook] INFO  c.a.cloud.nacos.registry.NacosServiceRegistry - De-registration finished.
2025-07-24 17:12:40.779 [SpringApplicationShutdownHook] INFO  com.alibaba.nacos.client.naming - com.alibaba.nacos.client.naming.cache.ServiceInfoHolder do shutdown begin
2025-07-24 17:12:40.779 [SpringApplicationShutdownHook] INFO  com.alibaba.nacos.client.naming - com.alibaba.nacos.client.naming.backups.FailoverReactor do shutdown begin
2025-07-24 17:12:40.780 [SpringApplicationShutdownHook] INFO  com.alibaba.nacos.client.naming - com.alibaba.nacos.client.naming.backups.FailoverReactor do shutdown stop
2025-07-24 17:12:40.780 [SpringApplicationShutdownHook] INFO  com.alibaba.nacos.client.naming - com.alibaba.nacos.client.naming.cache.ServiceInfoHolder do shutdown stop
2025-07-24 17:12:40.780 [SpringApplicationShutdownHook] INFO  com.alibaba.nacos.client.naming - com.alibaba.nacos.client.naming.remote.NamingClientProxyDelegate do shutdown begin
2025-07-24 17:12:40.780 [SpringApplicationShutdownHook] INFO  com.alibaba.nacos.client.naming - com.alibaba.nacos.client.naming.core.ServiceInfoUpdateService do shutdown begin
2025-07-24 17:12:40.780 [SpringApplicationShutdownHook] INFO  com.alibaba.nacos.client.naming - com.alibaba.nacos.client.naming.core.ServiceInfoUpdateService do shutdown stop
2025-07-24 17:12:40.780 [SpringApplicationShutdownHook] INFO  com.alibaba.nacos.client.naming - com.alibaba.nacos.client.naming.core.ServerListManager do shutdown begin
2025-07-24 17:12:40.780 [SpringApplicationShutdownHook] WARN  com.alibaba.nacos.client.naming - [NamingHttpClientManager] Start destroying NacosRestTemplate
2025-07-24 17:12:40.780 [SpringApplicationShutdownHook] WARN  com.alibaba.nacos.client.naming - [NamingHttpClientManager] Destruction of the end
2025-07-24 17:12:40.780 [SpringApplicationShutdownHook] INFO  com.alibaba.nacos.client.naming - com.alibaba.nacos.client.naming.core.ServerListManager do shutdown stop
2025-07-24 17:12:40.780 [SpringApplicationShutdownHook] INFO  com.alibaba.nacos.client.naming - com.alibaba.nacos.client.naming.remote.http.NamingHttpClientProxy do shutdown begin
2025-07-24 17:12:40.780 [SpringApplicationShutdownHook] WARN  com.alibaba.nacos.client.naming - [NamingHttpClientManager] Start destroying NacosRestTemplate
2025-07-24 17:12:40.780 [SpringApplicationShutdownHook] WARN  com.alibaba.nacos.client.naming - [NamingHttpClientManager] Destruction of the end
2025-07-24 17:12:40.780 [SpringApplicationShutdownHook] INFO  com.alibaba.nacos.client.naming - com.alibaba.nacos.client.naming.remote.http.NamingHttpClientProxy do shutdown stop
2025-07-24 17:12:40.780 [SpringApplicationShutdownHook] INFO  com.alibaba.nacos.common.remote.client - Shutdown rpc client, set status to shutdown
2025-07-24 17:12:40.780 [SpringApplicationShutdownHook] INFO  com.alibaba.nacos.common.remote.client - Shutdown client event executor java.util.concurrent.ScheduledThreadPoolExecutor@7558a2bf[Running, pool size = 2, active threads = 2, queued tasks = 0, completed tasks = 0]
2025-07-24 17:12:40.780 [SpringApplicationShutdownHook] INFO  com.alibaba.nacos.common.remote.client - Close current connection 1753347853542_127.0.0.1_64732
2025-07-24 17:12:40.782 [SpringApplicationShutdownHook] INFO  c.a.nacos.common.remote.client.grpc.GrpcClient - Shutdown grpc executor java.util.concurrent.ThreadPoolExecutor@74314016[Running, pool size = 3, active threads = 0, queued tasks = 0, completed tasks = 116]
2025-07-24 17:12:40.782 [SpringApplicationShutdownHook] INFO  com.alibaba.nacos.client.naming - Shutdown grpc redo service executor java.util.concurrent.ScheduledThreadPoolExecutor@7ba3a1a3[Running, pool size = 1, active threads = 0, queued tasks = 1, completed tasks = 168]
2025-07-24 17:12:40.783 [SpringApplicationShutdownHook] INFO  c.a.n.client.auth.ram.identify.CredentialWatcher - [null] CredentialWatcher is stopped
2025-07-24 17:12:40.783 [SpringApplicationShutdownHook] INFO  c.a.n.client.auth.ram.identify.CredentialService - [null] CredentialService is freed
2025-07-24 17:12:40.783 [SpringApplicationShutdownHook] INFO  com.alibaba.nacos.client.naming - com.alibaba.nacos.client.naming.remote.NamingClientProxyDelegate do shutdown stop
2025-07-24 17:12:40.904 [SpringApplicationShutdownHook] INFO  com.alibaba.druid.pool.DruidDataSource - {dataSource-1} closing ...
2025-07-24 17:12:40.910 [SpringApplicationShutdownHook] INFO  com.alibaba.druid.pool.DruidDataSource - {dataSource-1} closed
2025-07-24 17:12:49.813 [main] WARN  com.alibaba.nacos.client.logging.NacosLogging - Load Logback Configuration of Nacos fail, message: Could not initialize Logback Nacos logging from classpath:nacos-logback.xml
2025-07-24 17:12:49.885 [main] WARN  com.alibaba.nacos.client.logging.NacosLogging - Load Logback Configuration of Nacos fail, message: Could not initialize Logback Nacos logging from classpath:nacos-logback.xml
2025-07-24 17:12:50.139 [main] WARN  com.alibaba.nacos.client.logging.NacosLogging - Load Logback Configuration of Nacos fail, message: Could not initialize Logback Nacos logging from classpath:nacos-logback.xml
2025-07-24 17:12:50.141 [main] INFO  com.alibaba.nacos.client.utils.ParamUtil - [settings] [req-serv] nacos-server port:8848
2025-07-24 17:12:50.141 [main] INFO  com.alibaba.nacos.client.utils.ParamUtil - [settings] [http-client] connect timeout:1000
2025-07-24 17:12:50.142 [main] INFO  com.alibaba.nacos.client.utils.ParamUtil - PER_TASK_CONFIG_SIZE: 3000.0
2025-07-24 17:12:50.171 [main] INFO  c.a.n.p.auth.spi.client.ClientAuthPluginManager - [ClientAuthPluginManager] Load ClientAuthService com.alibaba.nacos.client.auth.impl.NacosClientAuthServiceImpl success.
2025-07-24 17:12:50.171 [main] INFO  c.a.n.p.auth.spi.client.ClientAuthPluginManager - [ClientAuthPluginManager] Load ClientAuthService com.alibaba.nacos.client.auth.ram.RamClientAuthServiceImpl success.
2025-07-24 17:12:50.174 [main] INFO  c.a.n.client.auth.ram.identify.CredentialWatcher - null No credential found
2025-07-24 17:12:51.419 [main] WARN  com.alibaba.nacos.client.logging.NacosLogging - Load Logback Configuration of Nacos fail, message: Could not initialize Logback Nacos logging from classpath:nacos-logback.xml
2025-07-24 17:12:51.443 [main] INFO  c.a.n.client.config.impl.LocalConfigInfoProcessor - LOCAL_SNAPSHOT_PATH:C:\Users\50723\nacos\config
2025-07-24 17:12:51.447 [main] INFO  com.alibaba.nacos.common.remote.client - [RpcClientFactory] create a new rpc client of 8b807cf8-d500-4279-aa6d-161dbd5e0c6c_config-0
2025-07-24 17:12:51.474 [main] INFO  com.alibaba.nacos.common.remote.client - [8b807cf8-d500-4279-aa6d-161dbd5e0c6c_config-0] Register server push request handler:com.alibaba.nacos.client.config.impl.ClientWorker$ConfigRpcTransportClient$$Lambda$584/0x000001f59a390a90
2025-07-24 17:12:51.475 [main] INFO  com.alibaba.nacos.common.remote.client - [8b807cf8-d500-4279-aa6d-161dbd5e0c6c_config-0] Register server push request handler:com.alibaba.nacos.client.config.impl.ClientWorker$ConfigRpcTransportClient$$Lambda$585/0x000001f59a390eb0
2025-07-24 17:12:51.475 [main] INFO  com.alibaba.nacos.common.remote.client - [8b807cf8-d500-4279-aa6d-161dbd5e0c6c_config-0] Registry connection listener to current client:com.alibaba.nacos.client.config.impl.ClientWorker$ConfigRpcTransportClient$1
2025-07-24 17:12:51.476 [main] INFO  com.alibaba.nacos.common.remote.client - [8b807cf8-d500-4279-aa6d-161dbd5e0c6c_config-0] RpcClient init, ServerListFactory = com.alibaba.nacos.client.config.impl.ClientWorker$ConfigRpcTransportClient$2
2025-07-24 17:12:51.485 [main] INFO  com.alibaba.nacos.common.remote.client - [8b807cf8-d500-4279-aa6d-161dbd5e0c6c_config-0] Try to connect to server on start up, server: {serverIp = '127.0.0.1', server main port = 8848}
2025-07-24 17:12:51.523 [main] INFO  c.a.nacos.common.remote.client.grpc.GrpcClient - grpc client connection server:127.0.0.1 ip,serverPort:9848,grpcTslConfig:{"sslProvider":"OPENSSL","enableTls":false,"mutualAuthEnable":false,"trustAll":false}
2025-07-24 17:12:52.342 [main] INFO  com.alibaba.nacos.common.remote.client - [8b807cf8-d500-4279-aa6d-161dbd5e0c6c_config-0] Success to connect to server [127.0.0.1:8848] on start up, connectionId = 1753348372162_127.0.0.1_65112
2025-07-24 17:12:52.343 [com.alibaba.nacos.client.remote.worker] INFO  com.alibaba.nacos.common.remote.client - [8b807cf8-d500-4279-aa6d-161dbd5e0c6c_config-0] Notify connected event to listeners.
2025-07-24 17:12:52.343 [com.alibaba.nacos.client.remote.worker] INFO  com.alibaba.nacos.client.config.impl.ClientWorker - [8b807cf8-d500-4279-aa6d-161dbd5e0c6c_config-0] Connected,notify listen context...
2025-07-24 17:12:52.343 [main] INFO  com.alibaba.nacos.common.remote.client - [8b807cf8-d500-4279-aa6d-161dbd5e0c6c_config-0] Register server push request handler:com.alibaba.nacos.common.remote.client.RpcClient$ConnectResetRequestHandler
2025-07-24 17:12:52.343 [main] INFO  com.alibaba.nacos.common.remote.client - [8b807cf8-d500-4279-aa6d-161dbd5e0c6c_config-0] Register server push request handler:com.alibaba.nacos.common.remote.client.RpcClient$$Lambda$605/0x000001f59a4da4e0
2025-07-24 17:12:52.383 [main] INFO  com.alibaba.nacos.client.config.impl.Limiter - limitTime:5.0
2025-07-24 17:12:52.394 [main] INFO  com.alibaba.nacos.client.config.utils.JvmUtil - isMultiInstance:false
2025-07-24 17:12:52.406 [main] WARN  c.a.cloud.nacos.client.NacosPropertySourceBuilder - Ignore the empty nacos configuration and get it based on dataId[xiaohashu-auth.yaml] & group[DEFAULT_GROUP]
2025-07-24 17:12:52.412 [main] INFO  o.s.c.b.c.PropertySourceBootstrapConfiguration - Located property source: [BootstrapPropertySource {name='bootstrapProperties-xiaohashu-auth-dev.yaml,DEFAULT_GROUP'}, BootstrapPropertySource {name='bootstrapProperties-xiaohashu-auth.yaml,DEFAULT_GROUP'}, BootstrapPropertySource {name='bootstrapProperties-xiaohashu-auth,DEFAULT_GROUP'}]
2025-07-24 17:12:52.431 [main] WARN  com.alibaba.nacos.client.logging.NacosLogging - Load Logback Configuration of Nacos fail, message: Could not initialize Logback Nacos logging from classpath:nacos-logback.xml
2025-07-24 17:12:52.432 [main] INFO  c.q.xiaohashu.auth.XiaohashuAuthApplication - The following 1 profile is active: "dev"
2025-07-24 17:12:52.975 [main] INFO  o.s.d.r.config.RepositoryConfigurationDelegate - Multiple Spring Data modules found, entering strict repository configuration mode
2025-07-24 17:12:52.978 [main] INFO  o.s.d.r.config.RepositoryConfigurationDelegate - Bootstrapping Spring Data Redis repositories in DEFAULT mode.
2025-07-24 17:12:53.002 [main] INFO  o.s.d.r.config.RepositoryConfigurationDelegate - Finished Spring Data repository scanning in 10 ms. Found 0 Redis repository interfaces.
2025-07-24 17:12:53.142 [main] INFO  o.springframework.cloud.context.scope.GenericScope - BeanFactory id=ce825f38-1723-3926-b5a2-fd0182ae3fd6
2025-07-24 17:12:53.564 [main] INFO  o.s.boot.web.embedded.tomcat.TomcatWebServer - Tomcat initialized with port(s): 8080 (http)
2025-07-24 17:12:53.572 [main] INFO  org.apache.catalina.core.StandardService - Starting service [Tomcat]
2025-07-24 17:12:53.573 [main] INFO  org.apache.catalina.core.StandardEngine - Starting Servlet engine: [Apache Tomcat/10.1.5]
2025-07-24 17:12:53.633 [main] INFO  o.a.c.core.ContainerBase.[Tomcat].[localhost].[/] - Initializing Spring embedded WebApplicationContext
2025-07-24 17:12:53.633 [main] INFO  o.s.b.w.s.c.ServletWebServerApplicationContext - Root WebApplicationContext: initialization completed in 1189 ms
2025-07-24 17:12:53.729 [main] INFO  c.a.d.s.b.a.DruidDataSourceAutoConfigure - Init DruidDataSource
2025-07-24 17:12:53.996 [main] INFO  com.alibaba.druid.pool.DruidDataSource - {dataSource-1} inited
2025-07-24 17:12:55.798 [main] INFO  org.springframework.cloud.commons.util.InetUtils - Cannot determine local hostname
2025-07-24 17:12:57.065 [main] INFO  org.springframework.cloud.commons.util.InetUtils - Cannot determine local hostname
2025-07-24 17:12:57.125 [main] INFO  o.s.boot.web.embedded.tomcat.TomcatWebServer - Tomcat started on port(s): 8080 (http) with context path ''
2025-07-24 17:12:57.128 [main] INFO  com.alibaba.nacos.client.naming - initializer namespace from ans.namespace attribute : null
2025-07-24 17:12:57.128 [main] INFO  com.alibaba.nacos.client.naming - initializer namespace from ALIBABA_ALIWARE_NAMESPACE attribute :null
2025-07-24 17:12:57.129 [main] INFO  com.alibaba.nacos.client.naming - initializer namespace from namespace attribute :null
2025-07-24 17:12:57.135 [main] INFO  c.a.n.p.auth.spi.client.ClientAuthPluginManager - [ClientAuthPluginManager] Load ClientAuthService com.alibaba.nacos.client.auth.impl.NacosClientAuthServiceImpl success.
2025-07-24 17:12:57.135 [main] INFO  c.a.n.p.auth.spi.client.ClientAuthPluginManager - [ClientAuthPluginManager] Load ClientAuthService com.alibaba.nacos.client.auth.ram.RamClientAuthServiceImpl success.
2025-07-24 17:12:57.138 [main] INFO  com.alibaba.nacos.common.remote.client - [RpcClientFactory] create a new rpc client of 1af18d26-cca2-4d12-9cac-c2d26aeff3a5
2025-07-24 17:12:57.140 [main] INFO  com.alibaba.nacos.common.remote.client - [1af18d26-cca2-4d12-9cac-c2d26aeff3a5] RpcClient init, ServerListFactory = com.alibaba.nacos.client.naming.core.ServerListManager
2025-07-24 17:12:57.140 [main] INFO  com.alibaba.nacos.common.remote.client - [1af18d26-cca2-4d12-9cac-c2d26aeff3a5] Registry connection listener to current client:com.alibaba.nacos.client.naming.remote.gprc.redo.NamingGrpcRedoService
2025-07-24 17:12:57.140 [main] INFO  com.alibaba.nacos.common.remote.client - [1af18d26-cca2-4d12-9cac-c2d26aeff3a5] Register server push request handler:com.alibaba.nacos.client.naming.remote.gprc.NamingPushRequestHandler
2025-07-24 17:12:57.140 [main] INFO  com.alibaba.nacos.common.remote.client - [1af18d26-cca2-4d12-9cac-c2d26aeff3a5] Try to connect to server on start up, server: {serverIp = '127.0.0.1', server main port = 8848}
2025-07-24 17:12:57.141 [main] INFO  c.a.nacos.common.remote.client.grpc.GrpcClient - grpc client connection server:127.0.0.1 ip,serverPort:9848,grpcTslConfig:{"sslProvider":"OPENSSL","enableTls":false,"mutualAuthEnable":false,"trustAll":false}
2025-07-24 17:12:57.251 [main] INFO  com.alibaba.nacos.common.remote.client - [1af18d26-cca2-4d12-9cac-c2d26aeff3a5] Success to connect to server [127.0.0.1:8848] on start up, connectionId = 1753348377144_127.0.0.1_65121
2025-07-24 17:12:57.251 [main] INFO  com.alibaba.nacos.common.remote.client - [1af18d26-cca2-4d12-9cac-c2d26aeff3a5] Register server push request handler:com.alibaba.nacos.common.remote.client.RpcClient$ConnectResetRequestHandler
2025-07-24 17:12:57.251 [com.alibaba.nacos.client.remote.worker] INFO  com.alibaba.nacos.common.remote.client - [1af18d26-cca2-4d12-9cac-c2d26aeff3a5] Notify connected event to listeners.
2025-07-24 17:12:57.251 [main] INFO  com.alibaba.nacos.common.remote.client - [1af18d26-cca2-4d12-9cac-c2d26aeff3a5] Register server push request handler:com.alibaba.nacos.common.remote.client.RpcClient$$Lambda$605/0x000001f59a4da4e0
2025-07-24 17:12:57.251 [com.alibaba.nacos.client.remote.worker] INFO  com.alibaba.nacos.client.naming - Grpc connection connect
2025-07-24 17:12:57.252 [main] INFO  com.alibaba.nacos.client.naming - [REGISTER-SERVICE] xiaohashu registering service xiaohashu-auth with instance Instance{instanceId='null', ip='192.168.93.1', port=8080, weight=1.0, healthy=true, enabled=true, ephemeral=true, clusterName='DEFAULT', serviceName='null', metadata={IPv6=[2409:8931:477:1db0:2585:23ed:9f05:56f6], preserved.register.source=SPRING_CLOUD}}
2025-07-24 17:12:57.261 [main] INFO  c.a.cloud.nacos.registry.NacosServiceRegistry - nacos registry, DEFAULT_GROUP xiaohashu-auth 192.168.93.1:8080 register finished
2025-07-24 17:12:58.355 [main] INFO  org.springframework.cloud.commons.util.InetUtils - Cannot determine local hostname
2025-07-24 17:12:58.368 [main] INFO  c.q.xiaohashu.auth.XiaohashuAuthApplication - Started XiaohashuAuthApplication in 10.133 seconds (process running for 10.63)
2025-07-24 17:12:58.369 [main] INFO  c.q.x.auth.runner.PushRolePermissions2RedisRunner - ==> 服务启动，开始同步角色权限数据到 Redis 中...
2025-07-24 17:12:58.666 [main] WARN  c.q.x.auth.runner.PushRolePermissions2RedisRunner - ==> 角色权限数据已经同步至 Redis 中，不再同步...
2025-07-24 17:12:58.668 [main] INFO  com.alibaba.nacos.client.config.impl.CacheData - nacos.cache.data.init.snapshot = true 
2025-07-24 17:12:58.669 [main] INFO  com.alibaba.nacos.client.config.impl.ClientWorker - [fixed-xiaohashu-127.0.0.1_8848] [subscribe] xiaohashu-auth.yaml+DEFAULT_GROUP+xiaohashu
2025-07-24 17:12:58.675 [main] INFO  com.alibaba.nacos.client.config.impl.CacheData - [fixed-xiaohashu-127.0.0.1_8848] [add-listener] ok, tenant=xiaohashu, dataId=xiaohashu-auth.yaml, group=DEFAULT_GROUP, cnt=1
2025-07-24 17:12:58.675 [main] INFO  c.a.cloud.nacos.refresh.NacosContextRefresher - [Nacos Config] Listening config: dataId=xiaohashu-auth.yaml, group=DEFAULT_GROUP
2025-07-24 17:12:58.676 [main] INFO  com.alibaba.nacos.client.config.impl.ClientWorker - [fixed-xiaohashu-127.0.0.1_8848] [subscribe] xiaohashu-auth-dev.yaml+DEFAULT_GROUP+xiaohashu
2025-07-24 17:12:58.677 [main] INFO  com.alibaba.nacos.client.config.impl.CacheData - [fixed-xiaohashu-127.0.0.1_8848] [add-listener] ok, tenant=xiaohashu, dataId=xiaohashu-auth-dev.yaml, group=DEFAULT_GROUP, cnt=1
2025-07-24 17:12:58.677 [main] INFO  c.a.cloud.nacos.refresh.NacosContextRefresher - [Nacos Config] Listening config: dataId=xiaohashu-auth-dev.yaml, group=DEFAULT_GROUP
2025-07-24 17:12:58.678 [main] INFO  com.alibaba.nacos.client.config.impl.ClientWorker - [fixed-xiaohashu-127.0.0.1_8848] [subscribe] xiaohashu-auth+DEFAULT_GROUP+xiaohashu
2025-07-24 17:12:58.678 [main] INFO  com.alibaba.nacos.client.config.impl.CacheData - [fixed-xiaohashu-127.0.0.1_8848] [add-listener] ok, tenant=xiaohashu, dataId=xiaohashu-auth, group=DEFAULT_GROUP, cnt=1
2025-07-24 17:12:58.679 [main] INFO  c.a.cloud.nacos.refresh.NacosContextRefresher - [Nacos Config] Listening config: dataId=xiaohashu-auth, group=DEFAULT_GROUP
2025-07-24 17:13:43.994 [http-nio-8080-exec-1] INFO  o.a.c.core.ContainerBase.[Tomcat].[localhost].[/] - Initializing Spring DispatcherServlet 'dispatcherServlet'
2025-07-24 17:13:43.994 [http-nio-8080-exec-1] INFO  org.springframework.web.servlet.DispatcherServlet - Initializing Servlet 'dispatcherServlet'
2025-07-24 17:13:43.995 [http-nio-8080-exec-1] INFO  org.springframework.web.servlet.DispatcherServlet - Completed initialization in 1 ms
2025-07-24 17:13:44.032 [http-nio-8080-exec-1] INFO  c.q.f.b.operationlog.aspect.ApiOperationLogAspect - ====== 请求开始: [账号登出], 入参: , 请求类: UserController, 请求方法: logout =================================== 
2025-07-24 17:13:44.033 [http-nio-8080-exec-1] INFO  c.q.f.b.operationlog.aspect.ApiOperationLogAspect - ====== 请求结束: [账号登出], 耗时: 1ms, 出参: {"success":true,"message":null,"errorCode":null,"data":null} =================================== 
2025-07-24 17:13:53.656 [http-nio-8080-exec-2] INFO  c.q.f.b.operationlog.aspect.ApiOperationLogAspect - ====== 请求开始: [账号登出], 入参: , 请求类: UserController, 请求方法: logout =================================== 
2025-07-24 17:13:53.656 [http-nio-8080-exec-2] INFO  c.q.f.b.operationlog.aspect.ApiOperationLogAspect - ====== 请求结束: [账号登出], 耗时: 0ms, 出参: {"success":true,"message":null,"errorCode":null,"data":null} =================================== 
2025-07-24 17:14:30.409 [http-nio-8080-exec-4] INFO  c.q.f.b.operationlog.aspect.ApiOperationLogAspect - ====== 请求开始: [账号登出], 入参: , 请求类: UserController, 请求方法: logout =================================== 
2025-07-24 17:14:30.410 [http-nio-8080-exec-4] INFO  c.q.f.b.operationlog.aspect.ApiOperationLogAspect - ====== 请求结束: [账号登出], 耗时: 0ms, 出参: {"success":true,"message":null,"errorCode":null,"data":null} =================================== 
2025-07-24 17:14:35.214 [http-nio-8080-exec-3] INFO  c.q.f.b.operationlog.aspect.ApiOperationLogAspect - ====== 请求开始: [账号登出], 入参: , 请求类: UserController, 请求方法: logout =================================== 
2025-07-24 17:14:35.215 [http-nio-8080-exec-3] INFO  c.q.f.b.operationlog.aspect.ApiOperationLogAspect - ====== 请求结束: [账号登出], 耗时: 1ms, 出参: {"success":true,"message":null,"errorCode":null,"data":null} =================================== 
2025-07-24 17:20:11.562 [http-nio-8080-exec-9] DEBUG c.q.x.a.domain.mapper.UserDOMapper.selectByPhone - ==>  Preparing: select id,password,phone,status from t_user where phone=?
2025-07-24 17:20:11.711 [http-nio-8080-exec-9] DEBUG c.q.x.a.domain.mapper.UserDOMapper.selectByPhone - ==> Parameters: 18888888888(String)
2025-07-24 17:20:11.744 [http-nio-8080-exec-9] DEBUG c.q.x.a.domain.mapper.UserDOMapper.selectByPhone - <==      Total: 1
2025-07-24 17:20:11.806 [http-nio-8080-exec-9] DEBUG c.q.x.a.domain.mapper.UserDOMapper.selectByPhone - ==>  Preparing: select id,password,phone,status from t_user where phone=?
2025-07-24 17:20:11.806 [http-nio-8080-exec-9] DEBUG c.q.x.a.domain.mapper.UserDOMapper.selectByPhone - ==> Parameters: 18888888888(String)
2025-07-24 17:20:11.808 [http-nio-8080-exec-9] DEBUG c.q.x.a.domain.mapper.UserDOMapper.selectByPhone - <==      Total: 1
2025-07-24 17:20:29.753 [http-nio-8080-exec-10] DEBUG c.q.x.a.domain.mapper.UserDOMapper.selectByPhone - ==>  Preparing: select id,password,phone,status from t_user where phone=?
2025-07-24 17:20:29.754 [http-nio-8080-exec-10] DEBUG c.q.x.a.domain.mapper.UserDOMapper.selectByPhone - ==> Parameters: 18888888888(String)
2025-07-24 17:20:29.755 [http-nio-8080-exec-10] DEBUG c.q.x.a.domain.mapper.UserDOMapper.selectByPhone - <==      Total: 1
2025-07-24 17:20:29.767 [http-nio-8080-exec-10] DEBUG c.q.x.a.domain.mapper.UserDOMapper.selectByPhone - ==>  Preparing: select id,password,phone,status from t_user where phone=?
2025-07-24 17:20:29.768 [http-nio-8080-exec-10] DEBUG c.q.x.a.domain.mapper.UserDOMapper.selectByPhone - ==> Parameters: 18888888888(String)
2025-07-24 17:20:29.769 [http-nio-8080-exec-10] DEBUG c.q.x.a.domain.mapper.UserDOMapper.selectByPhone - <==      Total: 1
2025-07-24 17:20:43.677 [Thread-9] WARN  com.alibaba.nacos.common.notify.NotifyCenter - [NotifyCenter] Start destroying Publisher
2025-07-24 17:20:43.677 [Thread-2] WARN  c.alibaba.nacos.common.http.HttpClientBeanHolder - [HttpClientBeanHolder] Start destroying common HttpClient
2025-07-24 17:20:43.677 [Thread-9] WARN  com.alibaba.nacos.common.notify.NotifyCenter - [NotifyCenter] Destruction of the end
2025-07-24 17:20:43.678 [Thread-2] WARN  c.alibaba.nacos.common.http.HttpClientBeanHolder - [HttpClientBeanHolder] Destruction of the end
2025-07-24 17:20:43.707 [SpringApplicationShutdownHook] INFO  c.a.cloud.nacos.registry.NacosServiceRegistry - De-registering from Nacos Server now...
2025-07-24 17:20:43.707 [SpringApplicationShutdownHook] INFO  com.alibaba.nacos.client.naming - [DEREGISTER-SERVICE] xiaohashu deregistering service xiaohashu-auth with instance: Instance{instanceId='null', ip='192.168.93.1', port=8080, weight=1.0, healthy=true, enabled=true, ephemeral=true, clusterName='DEFAULT', serviceName='null', metadata={}}
2025-07-24 17:20:43.711 [SpringApplicationShutdownHook] INFO  c.a.cloud.nacos.registry.NacosServiceRegistry - De-registration finished.
2025-07-24 17:20:43.711 [SpringApplicationShutdownHook] INFO  com.alibaba.nacos.client.naming - com.alibaba.nacos.client.naming.cache.ServiceInfoHolder do shutdown begin
2025-07-24 17:20:43.711 [SpringApplicationShutdownHook] INFO  com.alibaba.nacos.client.naming - com.alibaba.nacos.client.naming.backups.FailoverReactor do shutdown begin
2025-07-24 17:20:43.712 [SpringApplicationShutdownHook] INFO  com.alibaba.nacos.client.naming - com.alibaba.nacos.client.naming.backups.FailoverReactor do shutdown stop
2025-07-24 17:20:43.712 [SpringApplicationShutdownHook] INFO  com.alibaba.nacos.client.naming - com.alibaba.nacos.client.naming.cache.ServiceInfoHolder do shutdown stop
2025-07-24 17:20:43.712 [SpringApplicationShutdownHook] INFO  com.alibaba.nacos.client.naming - com.alibaba.nacos.client.naming.remote.NamingClientProxyDelegate do shutdown begin
2025-07-24 17:20:43.712 [SpringApplicationShutdownHook] INFO  com.alibaba.nacos.client.naming - com.alibaba.nacos.client.naming.core.ServiceInfoUpdateService do shutdown begin
2025-07-24 17:20:43.712 [SpringApplicationShutdownHook] INFO  com.alibaba.nacos.client.naming - com.alibaba.nacos.client.naming.core.ServiceInfoUpdateService do shutdown stop
2025-07-24 17:20:43.712 [SpringApplicationShutdownHook] INFO  com.alibaba.nacos.client.naming - com.alibaba.nacos.client.naming.core.ServerListManager do shutdown begin
2025-07-24 17:20:43.712 [SpringApplicationShutdownHook] WARN  com.alibaba.nacos.client.naming - [NamingHttpClientManager] Start destroying NacosRestTemplate
2025-07-24 17:20:43.712 [SpringApplicationShutdownHook] WARN  com.alibaba.nacos.client.naming - [NamingHttpClientManager] Destruction of the end
2025-07-24 17:20:43.712 [SpringApplicationShutdownHook] INFO  com.alibaba.nacos.client.naming - com.alibaba.nacos.client.naming.core.ServerListManager do shutdown stop
2025-07-24 17:20:43.712 [SpringApplicationShutdownHook] INFO  com.alibaba.nacos.client.naming - com.alibaba.nacos.client.naming.remote.http.NamingHttpClientProxy do shutdown begin
2025-07-24 17:20:43.712 [SpringApplicationShutdownHook] WARN  com.alibaba.nacos.client.naming - [NamingHttpClientManager] Start destroying NacosRestTemplate
2025-07-24 17:20:43.712 [SpringApplicationShutdownHook] WARN  com.alibaba.nacos.client.naming - [NamingHttpClientManager] Destruction of the end
2025-07-24 17:20:43.712 [SpringApplicationShutdownHook] INFO  com.alibaba.nacos.client.naming - com.alibaba.nacos.client.naming.remote.http.NamingHttpClientProxy do shutdown stop
2025-07-24 17:20:43.712 [SpringApplicationShutdownHook] INFO  com.alibaba.nacos.common.remote.client - Shutdown rpc client, set status to shutdown
2025-07-24 17:20:43.712 [SpringApplicationShutdownHook] INFO  com.alibaba.nacos.common.remote.client - Shutdown client event executor java.util.concurrent.ScheduledThreadPoolExecutor@3d993e5[Running, pool size = 2, active threads = 2, queued tasks = 0, completed tasks = 0]
2025-07-24 17:20:43.712 [SpringApplicationShutdownHook] INFO  com.alibaba.nacos.common.remote.client - Close current connection 1753348377144_127.0.0.1_65121
2025-07-24 17:20:43.714 [nacos-grpc-client-executor-127.0.0.1-109] INFO  c.a.nacos.common.remote.client.grpc.GrpcClient - [1753348377144_127.0.0.1_65121]Ignore complete event,isRunning:false,isAbandon=false
2025-07-24 17:20:43.716 [SpringApplicationShutdownHook] INFO  c.a.nacos.common.remote.client.grpc.GrpcClient - Shutdown grpc executor java.util.concurrent.ThreadPoolExecutor@31f06d87[Running, pool size = 6, active threads = 0, queued tasks = 0, completed tasks = 110]
2025-07-24 17:20:43.716 [SpringApplicationShutdownHook] INFO  com.alibaba.nacos.client.naming - Shutdown grpc redo service executor java.util.concurrent.ScheduledThreadPoolExecutor@56657314[Running, pool size = 1, active threads = 0, queued tasks = 1, completed tasks = 155]
2025-07-24 17:20:43.717 [SpringApplicationShutdownHook] INFO  c.a.n.client.auth.ram.identify.CredentialWatcher - [null] CredentialWatcher is stopped
2025-07-24 17:20:43.717 [SpringApplicationShutdownHook] INFO  c.a.n.client.auth.ram.identify.CredentialService - [null] CredentialService is freed
2025-07-24 17:20:43.717 [SpringApplicationShutdownHook] INFO  com.alibaba.nacos.client.naming - com.alibaba.nacos.client.naming.remote.NamingClientProxyDelegate do shutdown stop
2025-07-24 17:20:43.846 [SpringApplicationShutdownHook] INFO  com.alibaba.druid.pool.DruidDataSource - {dataSource-1} closing ...
2025-07-24 17:20:43.852 [SpringApplicationShutdownHook] INFO  com.alibaba.druid.pool.DruidDataSource - {dataSource-1} closed
2025-07-24 17:20:47.485 [main] WARN  com.alibaba.nacos.client.logging.NacosLogging - Load Logback Configuration of Nacos fail, message: Could not initialize Logback Nacos logging from classpath:nacos-logback.xml
2025-07-24 17:20:47.539 [main] WARN  com.alibaba.nacos.client.logging.NacosLogging - Load Logback Configuration of Nacos fail, message: Could not initialize Logback Nacos logging from classpath:nacos-logback.xml
2025-07-24 17:20:47.719 [main] WARN  com.alibaba.nacos.client.logging.NacosLogging - Load Logback Configuration of Nacos fail, message: Could not initialize Logback Nacos logging from classpath:nacos-logback.xml
2025-07-24 17:20:47.721 [main] INFO  com.alibaba.nacos.client.utils.ParamUtil - [settings] [req-serv] nacos-server port:8848
2025-07-24 17:20:47.721 [main] INFO  com.alibaba.nacos.client.utils.ParamUtil - [settings] [http-client] connect timeout:1000
2025-07-24 17:20:47.722 [main] INFO  com.alibaba.nacos.client.utils.ParamUtil - PER_TASK_CONFIG_SIZE: 3000.0
2025-07-24 17:20:47.744 [main] INFO  c.a.n.p.auth.spi.client.ClientAuthPluginManager - [ClientAuthPluginManager] Load ClientAuthService com.alibaba.nacos.client.auth.impl.NacosClientAuthServiceImpl success.
2025-07-24 17:20:47.745 [main] INFO  c.a.n.p.auth.spi.client.ClientAuthPluginManager - [ClientAuthPluginManager] Load ClientAuthService com.alibaba.nacos.client.auth.ram.RamClientAuthServiceImpl success.
2025-07-24 17:20:47.747 [main] INFO  c.a.n.client.auth.ram.identify.CredentialWatcher - null No credential found
2025-07-24 17:20:48.943 [main] WARN  com.alibaba.nacos.client.logging.NacosLogging - Load Logback Configuration of Nacos fail, message: Could not initialize Logback Nacos logging from classpath:nacos-logback.xml
2025-07-24 17:20:48.956 [main] INFO  c.a.n.client.config.impl.LocalConfigInfoProcessor - LOCAL_SNAPSHOT_PATH:C:\Users\50723\nacos\config
2025-07-24 17:20:48.959 [main] INFO  com.alibaba.nacos.common.remote.client - [RpcClientFactory] create a new rpc client of 5e2ed084-2400-4b10-aaf5-aaeef595c05a_config-0
2025-07-24 17:20:48.981 [main] INFO  com.alibaba.nacos.common.remote.client - [5e2ed084-2400-4b10-aaf5-aaeef595c05a_config-0] Register server push request handler:com.alibaba.nacos.client.config.impl.ClientWorker$ConfigRpcTransportClient$$Lambda$584/0x0000018a01390658
2025-07-24 17:20:48.981 [main] INFO  com.alibaba.nacos.common.remote.client - [5e2ed084-2400-4b10-aaf5-aaeef595c05a_config-0] Register server push request handler:com.alibaba.nacos.client.config.impl.ClientWorker$ConfigRpcTransportClient$$Lambda$585/0x0000018a01390a78
2025-07-24 17:20:48.982 [main] INFO  com.alibaba.nacos.common.remote.client - [5e2ed084-2400-4b10-aaf5-aaeef595c05a_config-0] Registry connection listener to current client:com.alibaba.nacos.client.config.impl.ClientWorker$ConfigRpcTransportClient$1
2025-07-24 17:20:48.982 [main] INFO  com.alibaba.nacos.common.remote.client - [5e2ed084-2400-4b10-aaf5-aaeef595c05a_config-0] RpcClient init, ServerListFactory = com.alibaba.nacos.client.config.impl.ClientWorker$ConfigRpcTransportClient$2
2025-07-24 17:20:48.989 [main] INFO  com.alibaba.nacos.common.remote.client - [5e2ed084-2400-4b10-aaf5-aaeef595c05a_config-0] Try to connect to server on start up, server: {serverIp = '127.0.0.1', server main port = 8848}
2025-07-24 17:20:49.016 [main] INFO  c.a.nacos.common.remote.client.grpc.GrpcClient - grpc client connection server:127.0.0.1 ip,serverPort:9848,grpcTslConfig:{"sslProvider":"OPENSSL","enableTls":false,"mutualAuthEnable":false,"trustAll":false}
2025-07-24 17:20:49.742 [main] INFO  com.alibaba.nacos.common.remote.client - [5e2ed084-2400-4b10-aaf5-aaeef595c05a_config-0] Success to connect to server [127.0.0.1:8848] on start up, connectionId = 1753348849569_127.0.0.1_65509
2025-07-24 17:20:49.743 [com.alibaba.nacos.client.remote.worker] INFO  com.alibaba.nacos.common.remote.client - [5e2ed084-2400-4b10-aaf5-aaeef595c05a_config-0] Notify connected event to listeners.
2025-07-24 17:20:49.743 [com.alibaba.nacos.client.remote.worker] INFO  com.alibaba.nacos.client.config.impl.ClientWorker - [5e2ed084-2400-4b10-aaf5-aaeef595c05a_config-0] Connected,notify listen context...
2025-07-24 17:20:49.743 [main] INFO  com.alibaba.nacos.common.remote.client - [5e2ed084-2400-4b10-aaf5-aaeef595c05a_config-0] Register server push request handler:com.alibaba.nacos.common.remote.client.RpcClient$ConnectResetRequestHandler
2025-07-24 17:20:49.744 [main] INFO  com.alibaba.nacos.common.remote.client - [5e2ed084-2400-4b10-aaf5-aaeef595c05a_config-0] Register server push request handler:com.alibaba.nacos.common.remote.client.RpcClient$$Lambda$605/0x0000018a014dca88
2025-07-24 17:20:49.784 [main] INFO  com.alibaba.nacos.client.config.impl.Limiter - limitTime:5.0
2025-07-24 17:20:49.796 [main] INFO  com.alibaba.nacos.client.config.utils.JvmUtil - isMultiInstance:false
2025-07-24 17:20:49.805 [main] WARN  c.a.cloud.nacos.client.NacosPropertySourceBuilder - Ignore the empty nacos configuration and get it based on dataId[xiaohashu-auth.yaml] & group[DEFAULT_GROUP]
2025-07-24 17:20:49.810 [main] INFO  o.s.c.b.c.PropertySourceBootstrapConfiguration - Located property source: [BootstrapPropertySource {name='bootstrapProperties-xiaohashu-auth-dev.yaml,DEFAULT_GROUP'}, BootstrapPropertySource {name='bootstrapProperties-xiaohashu-auth.yaml,DEFAULT_GROUP'}, BootstrapPropertySource {name='bootstrapProperties-xiaohashu-auth,DEFAULT_GROUP'}]
2025-07-24 17:20:49.828 [main] WARN  com.alibaba.nacos.client.logging.NacosLogging - Load Logback Configuration of Nacos fail, message: Could not initialize Logback Nacos logging from classpath:nacos-logback.xml
2025-07-24 17:20:49.828 [main] INFO  c.q.xiaohashu.auth.XiaohashuAuthApplication - The following 1 profile is active: "dev"
2025-07-24 17:20:50.333 [main] INFO  o.s.d.r.config.RepositoryConfigurationDelegate - Multiple Spring Data modules found, entering strict repository configuration mode
2025-07-24 17:20:50.335 [main] INFO  o.s.d.r.config.RepositoryConfigurationDelegate - Bootstrapping Spring Data Redis repositories in DEFAULT mode.
2025-07-24 17:20:50.354 [main] INFO  o.s.d.r.config.RepositoryConfigurationDelegate - Finished Spring Data repository scanning in 8 ms. Found 0 Redis repository interfaces.
2025-07-24 17:20:50.458 [main] INFO  o.springframework.cloud.context.scope.GenericScope - BeanFactory id=ce825f38-1723-3926-b5a2-fd0182ae3fd6
2025-07-24 17:20:50.870 [main] INFO  o.s.boot.web.embedded.tomcat.TomcatWebServer - Tomcat initialized with port(s): 8080 (http)
2025-07-24 17:20:50.877 [main] INFO  org.apache.catalina.core.StandardService - Starting service [Tomcat]
2025-07-24 17:20:50.878 [main] INFO  org.apache.catalina.core.StandardEngine - Starting Servlet engine: [Apache Tomcat/10.1.5]
2025-07-24 17:20:50.931 [main] INFO  o.a.c.core.ContainerBase.[Tomcat].[localhost].[/] - Initializing Spring embedded WebApplicationContext
2025-07-24 17:20:50.932 [main] INFO  o.s.b.w.s.c.ServletWebServerApplicationContext - Root WebApplicationContext: initialization completed in 1092 ms
2025-07-24 17:20:51.017 [main] INFO  c.a.d.s.b.a.DruidDataSourceAutoConfigure - Init DruidDataSource
2025-07-24 17:20:51.284 [main] INFO  com.alibaba.druid.pool.DruidDataSource - {dataSource-1} inited
2025-07-24 17:20:53.004 [main] INFO  org.springframework.cloud.commons.util.InetUtils - Cannot determine local hostname
2025-07-24 17:20:54.256 [main] INFO  org.springframework.cloud.commons.util.InetUtils - Cannot determine local hostname
2025-07-24 17:20:54.315 [main] INFO  o.s.boot.web.embedded.tomcat.TomcatWebServer - Tomcat started on port(s): 8080 (http) with context path ''
2025-07-24 17:20:54.318 [main] INFO  com.alibaba.nacos.client.naming - initializer namespace from ans.namespace attribute : null
2025-07-24 17:20:54.318 [main] INFO  com.alibaba.nacos.client.naming - initializer namespace from ALIBABA_ALIWARE_NAMESPACE attribute :null
2025-07-24 17:20:54.319 [main] INFO  com.alibaba.nacos.client.naming - initializer namespace from namespace attribute :null
2025-07-24 17:20:54.326 [main] INFO  c.a.n.p.auth.spi.client.ClientAuthPluginManager - [ClientAuthPluginManager] Load ClientAuthService com.alibaba.nacos.client.auth.impl.NacosClientAuthServiceImpl success.
2025-07-24 17:20:54.326 [main] INFO  c.a.n.p.auth.spi.client.ClientAuthPluginManager - [ClientAuthPluginManager] Load ClientAuthService com.alibaba.nacos.client.auth.ram.RamClientAuthServiceImpl success.
2025-07-24 17:20:54.329 [main] INFO  com.alibaba.nacos.common.remote.client - [RpcClientFactory] create a new rpc client of 019e655c-b8f4-4dfc-82eb-8f7dd28efe08
2025-07-24 17:20:54.330 [main] INFO  com.alibaba.nacos.common.remote.client - [019e655c-b8f4-4dfc-82eb-8f7dd28efe08] RpcClient init, ServerListFactory = com.alibaba.nacos.client.naming.core.ServerListManager
2025-07-24 17:20:54.330 [main] INFO  com.alibaba.nacos.common.remote.client - [019e655c-b8f4-4dfc-82eb-8f7dd28efe08] Registry connection listener to current client:com.alibaba.nacos.client.naming.remote.gprc.redo.NamingGrpcRedoService
2025-07-24 17:20:54.331 [main] INFO  com.alibaba.nacos.common.remote.client - [019e655c-b8f4-4dfc-82eb-8f7dd28efe08] Register server push request handler:com.alibaba.nacos.client.naming.remote.gprc.NamingPushRequestHandler
2025-07-24 17:20:54.331 [main] INFO  com.alibaba.nacos.common.remote.client - [019e655c-b8f4-4dfc-82eb-8f7dd28efe08] Try to connect to server on start up, server: {serverIp = '127.0.0.1', server main port = 8848}
2025-07-24 17:20:54.331 [main] INFO  c.a.nacos.common.remote.client.grpc.GrpcClient - grpc client connection server:127.0.0.1 ip,serverPort:9848,grpcTslConfig:{"sslProvider":"OPENSSL","enableTls":false,"mutualAuthEnable":false,"trustAll":false}
2025-07-24 17:20:54.441 [main] INFO  com.alibaba.nacos.common.remote.client - [019e655c-b8f4-4dfc-82eb-8f7dd28efe08] Success to connect to server [127.0.0.1:8848] on start up, connectionId = 1753348854335_127.0.0.1_65515
2025-07-24 17:20:54.441 [main] INFO  com.alibaba.nacos.common.remote.client - [019e655c-b8f4-4dfc-82eb-8f7dd28efe08] Register server push request handler:com.alibaba.nacos.common.remote.client.RpcClient$ConnectResetRequestHandler
2025-07-24 17:20:54.441 [main] INFO  com.alibaba.nacos.common.remote.client - [019e655c-b8f4-4dfc-82eb-8f7dd28efe08] Register server push request handler:com.alibaba.nacos.common.remote.client.RpcClient$$Lambda$605/0x0000018a014dca88
2025-07-24 17:20:54.441 [com.alibaba.nacos.client.remote.worker] INFO  com.alibaba.nacos.common.remote.client - [019e655c-b8f4-4dfc-82eb-8f7dd28efe08] Notify connected event to listeners.
2025-07-24 17:20:54.441 [com.alibaba.nacos.client.remote.worker] INFO  com.alibaba.nacos.client.naming - Grpc connection connect
2025-07-24 17:20:54.443 [main] INFO  com.alibaba.nacos.client.naming - [REGISTER-SERVICE] xiaohashu registering service xiaohashu-auth with instance Instance{instanceId='null', ip='192.168.93.1', port=8080, weight=1.0, healthy=true, enabled=true, ephemeral=true, clusterName='DEFAULT', serviceName='null', metadata={IPv6=[2409:8931:477:1db0:2585:23ed:9f05:56f6], preserved.register.source=SPRING_CLOUD}}
2025-07-24 17:20:54.451 [main] INFO  c.a.cloud.nacos.registry.NacosServiceRegistry - nacos registry, DEFAULT_GROUP xiaohashu-auth 192.168.93.1:8080 register finished
2025-07-24 17:20:55.551 [main] INFO  org.springframework.cloud.commons.util.InetUtils - Cannot determine local hostname
2025-07-24 17:20:55.564 [main] INFO  c.q.xiaohashu.auth.XiaohashuAuthApplication - Started XiaohashuAuthApplication in 9.861 seconds (process running for 10.551)
2025-07-24 17:20:55.565 [main] INFO  c.q.x.auth.runner.PushRolePermissions2RedisRunner - ==> 服务启动，开始同步角色权限数据到 Redis 中...
2025-07-24 17:20:55.882 [main] WARN  c.q.x.auth.runner.PushRolePermissions2RedisRunner - ==> 角色权限数据已经同步至 Redis 中，不再同步...
2025-07-24 17:20:55.884 [main] INFO  com.alibaba.nacos.client.config.impl.CacheData - nacos.cache.data.init.snapshot = true 
2025-07-24 17:20:55.884 [main] INFO  com.alibaba.nacos.client.config.impl.ClientWorker - [fixed-xiaohashu-127.0.0.1_8848] [subscribe] xiaohashu-auth.yaml+DEFAULT_GROUP+xiaohashu
2025-07-24 17:20:55.891 [main] INFO  com.alibaba.nacos.client.config.impl.CacheData - [fixed-xiaohashu-127.0.0.1_8848] [add-listener] ok, tenant=xiaohashu, dataId=xiaohashu-auth.yaml, group=DEFAULT_GROUP, cnt=1
2025-07-24 17:20:55.891 [main] INFO  c.a.cloud.nacos.refresh.NacosContextRefresher - [Nacos Config] Listening config: dataId=xiaohashu-auth.yaml, group=DEFAULT_GROUP
2025-07-24 17:20:55.892 [main] INFO  com.alibaba.nacos.client.config.impl.ClientWorker - [fixed-xiaohashu-127.0.0.1_8848] [subscribe] xiaohashu-auth-dev.yaml+DEFAULT_GROUP+xiaohashu
2025-07-24 17:20:55.892 [main] INFO  com.alibaba.nacos.client.config.impl.CacheData - [fixed-xiaohashu-127.0.0.1_8848] [add-listener] ok, tenant=xiaohashu, dataId=xiaohashu-auth-dev.yaml, group=DEFAULT_GROUP, cnt=1
2025-07-24 17:20:55.892 [main] INFO  c.a.cloud.nacos.refresh.NacosContextRefresher - [Nacos Config] Listening config: dataId=xiaohashu-auth-dev.yaml, group=DEFAULT_GROUP
2025-07-24 17:20:55.894 [main] INFO  com.alibaba.nacos.client.config.impl.ClientWorker - [fixed-xiaohashu-127.0.0.1_8848] [subscribe] xiaohashu-auth+DEFAULT_GROUP+xiaohashu
2025-07-24 17:20:55.894 [main] INFO  com.alibaba.nacos.client.config.impl.CacheData - [fixed-xiaohashu-127.0.0.1_8848] [add-listener] ok, tenant=xiaohashu, dataId=xiaohashu-auth, group=DEFAULT_GROUP, cnt=1
2025-07-24 17:20:55.894 [main] INFO  c.a.cloud.nacos.refresh.NacosContextRefresher - [Nacos Config] Listening config: dataId=xiaohashu-auth, group=DEFAULT_GROUP
2025-07-24 17:21:08.281 [http-nio-8080-exec-1] INFO  o.a.c.core.ContainerBase.[Tomcat].[localhost].[/] - Initializing Spring DispatcherServlet 'dispatcherServlet'
2025-07-24 17:21:08.281 [http-nio-8080-exec-1] INFO  org.springframework.web.servlet.DispatcherServlet - Initializing Servlet 'dispatcherServlet'
2025-07-24 17:21:08.282 [http-nio-8080-exec-1] INFO  org.springframework.web.servlet.DispatcherServlet - Completed initialization in 1 ms
2025-07-24 17:21:08.343 [http-nio-8080-exec-1] DEBUG c.q.x.a.domain.mapper.UserDOMapper.selectByPhone - ==>  Preparing: select id,password,phone,status from t_user where phone=?
2025-07-24 17:21:08.475 [http-nio-8080-exec-1] DEBUG c.q.x.a.domain.mapper.UserDOMapper.selectByPhone - ==> Parameters: 18888888888(String)
2025-07-24 17:21:08.503 [http-nio-8080-exec-1] DEBUG c.q.x.a.domain.mapper.UserDOMapper.selectByPhone - <==      Total: 1
2025-07-24 17:21:08.555 [http-nio-8080-exec-1] DEBUG c.q.x.a.domain.mapper.UserDOMapper.selectByPhone - ==>  Preparing: select id,password,phone,status from t_user where phone=?
2025-07-24 17:21:08.556 [http-nio-8080-exec-1] DEBUG c.q.x.a.domain.mapper.UserDOMapper.selectByPhone - ==> Parameters: 18888888888(String)
2025-07-24 17:21:08.557 [http-nio-8080-exec-1] DEBUG c.q.x.a.domain.mapper.UserDOMapper.selectByPhone - <==      Total: 1
2025-07-24 17:33:21.319 [Thread-2] WARN  c.alibaba.nacos.common.http.HttpClientBeanHolder - [HttpClientBeanHolder] Start destroying common HttpClient
2025-07-24 17:33:21.319 [Thread-9] WARN  com.alibaba.nacos.common.notify.NotifyCenter - [NotifyCenter] Start destroying Publisher
2025-07-24 17:33:21.319 [Thread-9] WARN  com.alibaba.nacos.common.notify.NotifyCenter - [NotifyCenter] Destruction of the end
2025-07-24 17:33:21.320 [Thread-2] WARN  c.alibaba.nacos.common.http.HttpClientBeanHolder - [HttpClientBeanHolder] Destruction of the end
2025-07-24 17:33:21.352 [SpringApplicationShutdownHook] INFO  c.a.cloud.nacos.registry.NacosServiceRegistry - De-registering from Nacos Server now...
2025-07-24 17:33:21.353 [SpringApplicationShutdownHook] INFO  com.alibaba.nacos.client.naming - [DEREGISTER-SERVICE] xiaohashu deregistering service xiaohashu-auth with instance: Instance{instanceId='null', ip='192.168.93.1', port=8080, weight=1.0, healthy=true, enabled=true, ephemeral=true, clusterName='DEFAULT', serviceName='null', metadata={}}
2025-07-24 17:33:21.355 [SpringApplicationShutdownHook] INFO  c.a.cloud.nacos.registry.NacosServiceRegistry - De-registration finished.
2025-07-24 17:33:21.356 [SpringApplicationShutdownHook] INFO  com.alibaba.nacos.client.naming - com.alibaba.nacos.client.naming.cache.ServiceInfoHolder do shutdown begin
2025-07-24 17:33:21.356 [SpringApplicationShutdownHook] INFO  com.alibaba.nacos.client.naming - com.alibaba.nacos.client.naming.backups.FailoverReactor do shutdown begin
2025-07-24 17:33:21.356 [SpringApplicationShutdownHook] INFO  com.alibaba.nacos.client.naming - com.alibaba.nacos.client.naming.backups.FailoverReactor do shutdown stop
2025-07-24 17:33:21.356 [SpringApplicationShutdownHook] INFO  com.alibaba.nacos.client.naming - com.alibaba.nacos.client.naming.cache.ServiceInfoHolder do shutdown stop
2025-07-24 17:33:21.356 [SpringApplicationShutdownHook] INFO  com.alibaba.nacos.client.naming - com.alibaba.nacos.client.naming.remote.NamingClientProxyDelegate do shutdown begin
2025-07-24 17:33:21.356 [SpringApplicationShutdownHook] INFO  com.alibaba.nacos.client.naming - com.alibaba.nacos.client.naming.core.ServiceInfoUpdateService do shutdown begin
2025-07-24 17:33:21.357 [SpringApplicationShutdownHook] INFO  com.alibaba.nacos.client.naming - com.alibaba.nacos.client.naming.core.ServiceInfoUpdateService do shutdown stop
2025-07-24 17:33:21.357 [SpringApplicationShutdownHook] INFO  com.alibaba.nacos.client.naming - com.alibaba.nacos.client.naming.core.ServerListManager do shutdown begin
2025-07-24 17:33:21.357 [SpringApplicationShutdownHook] WARN  com.alibaba.nacos.client.naming - [NamingHttpClientManager] Start destroying NacosRestTemplate
2025-07-24 17:33:21.357 [SpringApplicationShutdownHook] WARN  com.alibaba.nacos.client.naming - [NamingHttpClientManager] Destruction of the end
2025-07-24 17:33:21.357 [SpringApplicationShutdownHook] INFO  com.alibaba.nacos.client.naming - com.alibaba.nacos.client.naming.core.ServerListManager do shutdown stop
2025-07-24 17:33:21.357 [SpringApplicationShutdownHook] INFO  com.alibaba.nacos.client.naming - com.alibaba.nacos.client.naming.remote.http.NamingHttpClientProxy do shutdown begin
2025-07-24 17:33:21.357 [SpringApplicationShutdownHook] WARN  com.alibaba.nacos.client.naming - [NamingHttpClientManager] Start destroying NacosRestTemplate
2025-07-24 17:33:21.357 [SpringApplicationShutdownHook] WARN  com.alibaba.nacos.client.naming - [NamingHttpClientManager] Destruction of the end
2025-07-24 17:33:21.357 [SpringApplicationShutdownHook] INFO  com.alibaba.nacos.client.naming - com.alibaba.nacos.client.naming.remote.http.NamingHttpClientProxy do shutdown stop
2025-07-24 17:33:21.357 [SpringApplicationShutdownHook] INFO  com.alibaba.nacos.common.remote.client - Shutdown rpc client, set status to shutdown
2025-07-24 17:33:21.357 [SpringApplicationShutdownHook] INFO  com.alibaba.nacos.common.remote.client - Shutdown client event executor java.util.concurrent.ScheduledThreadPoolExecutor@480aed3[Running, pool size = 2, active threads = 2, queued tasks = 0, completed tasks = 0]
2025-07-24 17:33:21.357 [SpringApplicationShutdownHook] INFO  com.alibaba.nacos.common.remote.client - Close current connection 1753348854335_127.0.0.1_65515
2025-07-24 17:33:21.359 [nacos-grpc-client-executor-127.0.0.1-167] INFO  c.a.nacos.common.remote.client.grpc.GrpcClient - [1753348854335_127.0.0.1_65515]Ignore complete event,isRunning:false,isAbandon=false
2025-07-24 17:33:21.362 [SpringApplicationShutdownHook] INFO  c.a.nacos.common.remote.client.grpc.GrpcClient - Shutdown grpc executor java.util.concurrent.ThreadPoolExecutor@4773bb5b[Running, pool size = 4, active threads = 0, queued tasks = 0, completed tasks = 168]
2025-07-24 17:33:21.363 [SpringApplicationShutdownHook] INFO  com.alibaba.nacos.client.naming - Shutdown grpc redo service executor java.util.concurrent.ScheduledThreadPoolExecutor@6fee478f[Running, pool size = 1, active threads = 0, queued tasks = 1, completed tasks = 248]
2025-07-24 17:33:21.363 [SpringApplicationShutdownHook] INFO  c.a.n.client.auth.ram.identify.CredentialWatcher - [null] CredentialWatcher is stopped
2025-07-24 17:33:21.363 [SpringApplicationShutdownHook] INFO  c.a.n.client.auth.ram.identify.CredentialService - [null] CredentialService is freed
2025-07-24 17:33:21.363 [SpringApplicationShutdownHook] INFO  com.alibaba.nacos.client.naming - com.alibaba.nacos.client.naming.remote.NamingClientProxyDelegate do shutdown stop
2025-07-24 17:33:21.489 [SpringApplicationShutdownHook] INFO  com.alibaba.druid.pool.DruidDataSource - {dataSource-1} closing ...
2025-07-24 17:33:21.495 [SpringApplicationShutdownHook] INFO  com.alibaba.druid.pool.DruidDataSource - {dataSource-1} closed
2025-07-24 17:33:35.516 [main] WARN  com.alibaba.nacos.client.logging.NacosLogging - Load Logback Configuration of Nacos fail, message: Could not initialize Logback Nacos logging from classpath:nacos-logback.xml
2025-07-24 17:33:35.573 [main] WARN  com.alibaba.nacos.client.logging.NacosLogging - Load Logback Configuration of Nacos fail, message: Could not initialize Logback Nacos logging from classpath:nacos-logback.xml
2025-07-24 17:33:35.753 [main] WARN  com.alibaba.nacos.client.logging.NacosLogging - Load Logback Configuration of Nacos fail, message: Could not initialize Logback Nacos logging from classpath:nacos-logback.xml
2025-07-24 17:33:35.754 [main] INFO  com.alibaba.nacos.client.utils.ParamUtil - [settings] [req-serv] nacos-server port:8848
2025-07-24 17:33:35.754 [main] INFO  com.alibaba.nacos.client.utils.ParamUtil - [settings] [http-client] connect timeout:1000
2025-07-24 17:33:35.755 [main] INFO  com.alibaba.nacos.client.utils.ParamUtil - PER_TASK_CONFIG_SIZE: 3000.0
2025-07-24 17:33:35.778 [main] INFO  c.a.n.p.auth.spi.client.ClientAuthPluginManager - [ClientAuthPluginManager] Load ClientAuthService com.alibaba.nacos.client.auth.impl.NacosClientAuthServiceImpl success.
2025-07-24 17:33:35.778 [main] INFO  c.a.n.p.auth.spi.client.ClientAuthPluginManager - [ClientAuthPluginManager] Load ClientAuthService com.alibaba.nacos.client.auth.ram.RamClientAuthServiceImpl success.
2025-07-24 17:33:35.780 [main] INFO  c.a.n.client.auth.ram.identify.CredentialWatcher - null No credential found
2025-07-24 17:33:36.954 [main] WARN  com.alibaba.nacos.client.logging.NacosLogging - Load Logback Configuration of Nacos fail, message: Could not initialize Logback Nacos logging from classpath:nacos-logback.xml
2025-07-24 17:33:36.965 [main] INFO  c.a.n.client.config.impl.LocalConfigInfoProcessor - LOCAL_SNAPSHOT_PATH:C:\Users\50723\nacos\config
2025-07-24 17:33:36.969 [main] INFO  com.alibaba.nacos.common.remote.client - [RpcClientFactory] create a new rpc client of f500f2a8-6edf-454c-b1fd-c46fa648ce38_config-0
2025-07-24 17:33:36.989 [main] INFO  com.alibaba.nacos.common.remote.client - [f500f2a8-6edf-454c-b1fd-c46fa648ce38_config-0] Register server push request handler:com.alibaba.nacos.client.config.impl.ClientWorker$ConfigRpcTransportClient$$Lambda$584/0x00000255b7391540
2025-07-24 17:33:36.989 [main] INFO  com.alibaba.nacos.common.remote.client - [f500f2a8-6edf-454c-b1fd-c46fa648ce38_config-0] Register server push request handler:com.alibaba.nacos.client.config.impl.ClientWorker$ConfigRpcTransportClient$$Lambda$585/0x00000255b7391960
2025-07-24 17:33:36.989 [main] INFO  com.alibaba.nacos.common.remote.client - [f500f2a8-6edf-454c-b1fd-c46fa648ce38_config-0] Registry connection listener to current client:com.alibaba.nacos.client.config.impl.ClientWorker$ConfigRpcTransportClient$1
2025-07-24 17:33:36.990 [main] INFO  com.alibaba.nacos.common.remote.client - [f500f2a8-6edf-454c-b1fd-c46fa648ce38_config-0] RpcClient init, ServerListFactory = com.alibaba.nacos.client.config.impl.ClientWorker$ConfigRpcTransportClient$2
2025-07-24 17:33:37.001 [main] INFO  com.alibaba.nacos.common.remote.client - [f500f2a8-6edf-454c-b1fd-c46fa648ce38_config-0] Try to connect to server on start up, server: {serverIp = '127.0.0.1', server main port = 8848}
2025-07-24 17:33:37.027 [main] INFO  c.a.nacos.common.remote.client.grpc.GrpcClient - grpc client connection server:127.0.0.1 ip,serverPort:9848,grpcTslConfig:{"sslProvider":"OPENSSL","enableTls":false,"mutualAuthEnable":false,"trustAll":false}
2025-07-24 17:33:37.736 [main] INFO  com.alibaba.nacos.common.remote.client - [f500f2a8-6edf-454c-b1fd-c46fa648ce38_config-0] Success to connect to server [127.0.0.1:8848] on start up, connectionId = 1753349617563_127.0.0.1_49811
2025-07-24 17:33:37.736 [com.alibaba.nacos.client.remote.worker] INFO  com.alibaba.nacos.common.remote.client - [f500f2a8-6edf-454c-b1fd-c46fa648ce38_config-0] Notify connected event to listeners.
2025-07-24 17:33:37.737 [com.alibaba.nacos.client.remote.worker] INFO  com.alibaba.nacos.client.config.impl.ClientWorker - [f500f2a8-6edf-454c-b1fd-c46fa648ce38_config-0] Connected,notify listen context...
2025-07-24 17:33:37.737 [main] INFO  com.alibaba.nacos.common.remote.client - [f500f2a8-6edf-454c-b1fd-c46fa648ce38_config-0] Register server push request handler:com.alibaba.nacos.common.remote.client.RpcClient$ConnectResetRequestHandler
2025-07-24 17:33:37.737 [main] INFO  com.alibaba.nacos.common.remote.client - [f500f2a8-6edf-454c-b1fd-c46fa648ce38_config-0] Register server push request handler:com.alibaba.nacos.common.remote.client.RpcClient$$Lambda$605/0x00000255b74dbc60
2025-07-24 17:33:37.776 [main] INFO  com.alibaba.nacos.client.config.impl.Limiter - limitTime:5.0
2025-07-24 17:33:37.787 [main] INFO  com.alibaba.nacos.client.config.utils.JvmUtil - isMultiInstance:false
2025-07-24 17:33:37.796 [main] WARN  c.a.cloud.nacos.client.NacosPropertySourceBuilder - Ignore the empty nacos configuration and get it based on dataId[xiaohashu-auth.yaml] & group[DEFAULT_GROUP]
2025-07-24 17:33:37.801 [main] INFO  o.s.c.b.c.PropertySourceBootstrapConfiguration - Located property source: [BootstrapPropertySource {name='bootstrapProperties-xiaohashu-auth-dev.yaml,DEFAULT_GROUP'}, BootstrapPropertySource {name='bootstrapProperties-xiaohashu-auth.yaml,DEFAULT_GROUP'}, BootstrapPropertySource {name='bootstrapProperties-xiaohashu-auth,DEFAULT_GROUP'}]
2025-07-24 17:33:37.818 [main] WARN  com.alibaba.nacos.client.logging.NacosLogging - Load Logback Configuration of Nacos fail, message: Could not initialize Logback Nacos logging from classpath:nacos-logback.xml
2025-07-24 17:33:37.819 [main] INFO  c.q.xiaohashu.auth.XiaohashuAuthApplication - The following 1 profile is active: "dev"
2025-07-24 17:33:38.324 [main] INFO  o.s.d.r.config.RepositoryConfigurationDelegate - Multiple Spring Data modules found, entering strict repository configuration mode
2025-07-24 17:33:38.326 [main] INFO  o.s.d.r.config.RepositoryConfigurationDelegate - Bootstrapping Spring Data Redis repositories in DEFAULT mode.
2025-07-24 17:33:38.344 [main] INFO  o.s.d.r.config.RepositoryConfigurationDelegate - Finished Spring Data repository scanning in 7 ms. Found 0 Redis repository interfaces.
2025-07-24 17:33:38.437 [main] INFO  o.springframework.cloud.context.scope.GenericScope - BeanFactory id=ce825f38-1723-3926-b5a2-fd0182ae3fd6
2025-07-24 17:33:38.845 [main] INFO  o.s.boot.web.embedded.tomcat.TomcatWebServer - Tomcat initialized with port(s): 8080 (http)
2025-07-24 17:33:38.854 [main] INFO  org.apache.catalina.core.StandardService - Starting service [Tomcat]
2025-07-24 17:33:38.854 [main] INFO  org.apache.catalina.core.StandardEngine - Starting Servlet engine: [Apache Tomcat/10.1.5]
2025-07-24 17:33:38.908 [main] INFO  o.a.c.core.ContainerBase.[Tomcat].[localhost].[/] - Initializing Spring embedded WebApplicationContext
2025-07-24 17:33:38.909 [main] INFO  o.s.b.w.s.c.ServletWebServerApplicationContext - Root WebApplicationContext: initialization completed in 1079 ms
2025-07-24 17:33:38.996 [main] INFO  c.a.d.s.b.a.DruidDataSourceAutoConfigure - Init DruidDataSource
2025-07-24 17:33:39.255 [main] INFO  com.alibaba.druid.pool.DruidDataSource - {dataSource-1} inited
2025-07-24 17:33:40.991 [main] INFO  org.springframework.cloud.commons.util.InetUtils - Cannot determine local hostname
2025-07-24 17:33:42.238 [main] INFO  org.springframework.cloud.commons.util.InetUtils - Cannot determine local hostname
2025-07-24 17:33:42.296 [main] INFO  o.s.boot.web.embedded.tomcat.TomcatWebServer - Tomcat started on port(s): 8080 (http) with context path ''
2025-07-24 17:33:42.299 [main] INFO  com.alibaba.nacos.client.naming - initializer namespace from ans.namespace attribute : null
2025-07-24 17:33:42.299 [main] INFO  com.alibaba.nacos.client.naming - initializer namespace from ALIBABA_ALIWARE_NAMESPACE attribute :null
2025-07-24 17:33:42.299 [main] INFO  com.alibaba.nacos.client.naming - initializer namespace from namespace attribute :null
2025-07-24 17:33:42.306 [main] INFO  c.a.n.p.auth.spi.client.ClientAuthPluginManager - [ClientAuthPluginManager] Load ClientAuthService com.alibaba.nacos.client.auth.impl.NacosClientAuthServiceImpl success.
2025-07-24 17:33:42.306 [main] INFO  c.a.n.p.auth.spi.client.ClientAuthPluginManager - [ClientAuthPluginManager] Load ClientAuthService com.alibaba.nacos.client.auth.ram.RamClientAuthServiceImpl success.
2025-07-24 17:33:42.308 [main] INFO  com.alibaba.nacos.common.remote.client - [RpcClientFactory] create a new rpc client of 73c9beef-3e52-483f-a614-d23d39d860a9
2025-07-24 17:33:42.310 [main] INFO  com.alibaba.nacos.common.remote.client - [73c9beef-3e52-483f-a614-d23d39d860a9] RpcClient init, ServerListFactory = com.alibaba.nacos.client.naming.core.ServerListManager
2025-07-24 17:33:42.310 [main] INFO  com.alibaba.nacos.common.remote.client - [73c9beef-3e52-483f-a614-d23d39d860a9] Registry connection listener to current client:com.alibaba.nacos.client.naming.remote.gprc.redo.NamingGrpcRedoService
2025-07-24 17:33:42.310 [main] INFO  com.alibaba.nacos.common.remote.client - [73c9beef-3e52-483f-a614-d23d39d860a9] Register server push request handler:com.alibaba.nacos.client.naming.remote.gprc.NamingPushRequestHandler
2025-07-24 17:33:42.310 [main] INFO  com.alibaba.nacos.common.remote.client - [73c9beef-3e52-483f-a614-d23d39d860a9] Try to connect to server on start up, server: {serverIp = '127.0.0.1', server main port = 8848}
2025-07-24 17:33:42.310 [main] INFO  c.a.nacos.common.remote.client.grpc.GrpcClient - grpc client connection server:127.0.0.1 ip,serverPort:9848,grpcTslConfig:{"sslProvider":"OPENSSL","enableTls":false,"mutualAuthEnable":false,"trustAll":false}
2025-07-24 17:33:42.424 [main] INFO  com.alibaba.nacos.common.remote.client - [73c9beef-3e52-483f-a614-d23d39d860a9] Success to connect to server [127.0.0.1:8848] on start up, connectionId = 1753349622314_127.0.0.1_49817
2025-07-24 17:33:42.424 [main] INFO  com.alibaba.nacos.common.remote.client - [73c9beef-3e52-483f-a614-d23d39d860a9] Register server push request handler:com.alibaba.nacos.common.remote.client.RpcClient$ConnectResetRequestHandler
2025-07-24 17:33:42.424 [com.alibaba.nacos.client.remote.worker] INFO  com.alibaba.nacos.common.remote.client - [73c9beef-3e52-483f-a614-d23d39d860a9] Notify connected event to listeners.
2025-07-24 17:33:42.424 [main] INFO  com.alibaba.nacos.common.remote.client - [73c9beef-3e52-483f-a614-d23d39d860a9] Register server push request handler:com.alibaba.nacos.common.remote.client.RpcClient$$Lambda$605/0x00000255b74dbc60
2025-07-24 17:33:42.424 [com.alibaba.nacos.client.remote.worker] INFO  com.alibaba.nacos.client.naming - Grpc connection connect
2025-07-24 17:33:42.426 [main] INFO  com.alibaba.nacos.client.naming - [REGISTER-SERVICE] xiaohashu registering service xiaohashu-auth with instance Instance{instanceId='null', ip='192.168.93.1', port=8080, weight=1.0, healthy=true, enabled=true, ephemeral=true, clusterName='DEFAULT', serviceName='null', metadata={IPv6=[2409:8931:477:1db0:2585:23ed:9f05:56f6], preserved.register.source=SPRING_CLOUD}}
2025-07-24 17:33:42.437 [main] INFO  c.a.cloud.nacos.registry.NacosServiceRegistry - nacos registry, DEFAULT_GROUP xiaohashu-auth 192.168.93.1:8080 register finished
2025-07-24 17:33:43.530 [main] INFO  org.springframework.cloud.commons.util.InetUtils - Cannot determine local hostname
2025-07-24 17:33:43.544 [main] INFO  c.q.xiaohashu.auth.XiaohashuAuthApplication - Started XiaohashuAuthApplication in 9.597 seconds (process running for 10.197)
2025-07-24 17:33:43.545 [main] INFO  c.q.x.auth.runner.PushRolePermissions2RedisRunner - ==> 服务启动，开始同步角色权限数据到 Redis 中...
2025-07-24 17:33:43.861 [main] WARN  c.q.x.auth.runner.PushRolePermissions2RedisRunner - ==> 角色权限数据已经同步至 Redis 中，不再同步...
2025-07-24 17:33:43.863 [main] INFO  com.alibaba.nacos.client.config.impl.CacheData - nacos.cache.data.init.snapshot = true 
2025-07-24 17:33:43.864 [main] INFO  com.alibaba.nacos.client.config.impl.ClientWorker - [fixed-xiaohashu-127.0.0.1_8848] [subscribe] xiaohashu-auth.yaml+DEFAULT_GROUP+xiaohashu
2025-07-24 17:33:43.870 [main] INFO  com.alibaba.nacos.client.config.impl.CacheData - [fixed-xiaohashu-127.0.0.1_8848] [add-listener] ok, tenant=xiaohashu, dataId=xiaohashu-auth.yaml, group=DEFAULT_GROUP, cnt=1
2025-07-24 17:33:43.870 [main] INFO  c.a.cloud.nacos.refresh.NacosContextRefresher - [Nacos Config] Listening config: dataId=xiaohashu-auth.yaml, group=DEFAULT_GROUP
2025-07-24 17:33:43.872 [main] INFO  com.alibaba.nacos.client.config.impl.ClientWorker - [fixed-xiaohashu-127.0.0.1_8848] [subscribe] xiaohashu-auth-dev.yaml+DEFAULT_GROUP+xiaohashu
2025-07-24 17:33:43.872 [main] INFO  com.alibaba.nacos.client.config.impl.CacheData - [fixed-xiaohashu-127.0.0.1_8848] [add-listener] ok, tenant=xiaohashu, dataId=xiaohashu-auth-dev.yaml, group=DEFAULT_GROUP, cnt=1
2025-07-24 17:33:43.872 [main] INFO  c.a.cloud.nacos.refresh.NacosContextRefresher - [Nacos Config] Listening config: dataId=xiaohashu-auth-dev.yaml, group=DEFAULT_GROUP
2025-07-24 17:33:43.874 [main] INFO  com.alibaba.nacos.client.config.impl.ClientWorker - [fixed-xiaohashu-127.0.0.1_8848] [subscribe] xiaohashu-auth+DEFAULT_GROUP+xiaohashu
2025-07-24 17:33:43.874 [main] INFO  com.alibaba.nacos.client.config.impl.CacheData - [fixed-xiaohashu-127.0.0.1_8848] [add-listener] ok, tenant=xiaohashu, dataId=xiaohashu-auth, group=DEFAULT_GROUP, cnt=1
2025-07-24 17:33:43.874 [main] INFO  c.a.cloud.nacos.refresh.NacosContextRefresher - [Nacos Config] Listening config: dataId=xiaohashu-auth, group=DEFAULT_GROUP
2025-07-24 17:35:25.368 [http-nio-8080-exec-1] INFO  o.a.c.core.ContainerBase.[Tomcat].[localhost].[/] - Initializing Spring DispatcherServlet 'dispatcherServlet'
2025-07-24 17:35:25.368 [http-nio-8080-exec-1] INFO  org.springframework.web.servlet.DispatcherServlet - Initializing Servlet 'dispatcherServlet'
2025-07-24 17:35:25.369 [http-nio-8080-exec-1] INFO  org.springframework.web.servlet.DispatcherServlet - Completed initialization in 1 ms
2025-07-24 17:35:25.440 [http-nio-8080-exec-1] DEBUG c.q.x.a.domain.mapper.UserDOMapper.selectByPhone - ==>  Preparing: select id,password,phone,status from t_user where phone=?
2025-07-24 17:35:25.590 [http-nio-8080-exec-1] DEBUG c.q.x.a.domain.mapper.UserDOMapper.selectByPhone - ==> Parameters: 15655666666(String)
2025-07-24 17:35:25.605 [http-nio-8080-exec-1] DEBUG c.q.x.a.domain.mapper.UserDOMapper.selectByPhone - <==      Total: 0
2025-07-24 17:35:25.608 [http-nio-8080-exec-1] DEBUG c.q.x.a.d.mapper.RoleDOMapper.selectByPrimaryKey - ==>  Preparing: SELECT id, role_name, role_key, status, sort, remark, create_time, update_time, is_deleted FROM t_role WHERE id = ? AND is_deleted = 0
2025-07-24 17:35:25.610 [http-nio-8080-exec-1] DEBUG c.q.x.a.d.mapper.RoleDOMapper.selectByPrimaryKey - ==> Parameters: 1(Long)
2025-07-24 17:35:25.615 [http-nio-8080-exec-1] DEBUG c.q.x.a.d.mapper.RoleDOMapper.selectByPrimaryKey - <==      Total: 1
2025-07-24 17:35:25.634 [http-nio-8080-exec-1] DEBUG c.q.x.a.domain.mapper.UserDOMapper.insertSelective - ==>  Preparing: INSERT INTO t_user ( xiaohashu_id, password, nickname, phone, status, create_time, update_time, is_deleted ) VALUES ( ?, ?, ?, ?, ?, ?, ?, ? )
2025-07-24 17:35:25.731 [http-nio-8080-exec-1] DEBUG c.q.x.a.domain.mapper.UserDOMapper.insertSelective - ==> Parameters: XHS47EA5C8E(String), 123456(String), 用户156556(String), 15655666666(String), 0(Integer), 2025-07-24T17:35:25.607496300(LocalDateTime), 2025-07-24T17:35:25.607496300(LocalDateTime), false(Boolean)
2025-07-24 17:35:25.757 [http-nio-8080-exec-1] DEBUG c.q.x.a.domain.mapper.UserDOMapper.insertSelective - <==    Updates: 1
2025-07-24 17:35:25.760 [http-nio-8080-exec-1] DEBUG c.q.x.a.domain.mapper.UserRoleRelDOMapper.insert - ==>  Preparing: INSERT INTO t_user_role_rel (user_id, role_id, create_time, update_time, is_deleted) VALUES (?, ?, ?, ?, ?)
2025-07-24 17:35:25.760 [http-nio-8080-exec-1] DEBUG c.q.x.a.domain.mapper.UserRoleRelDOMapper.insert - ==> Parameters: 9(Long), 1(Long), 2025-07-24T17:35:25.760506200(LocalDateTime), 2025-07-24T17:35:25.759505700(LocalDateTime), false(Boolean)
2025-07-24 17:35:25.763 [http-nio-8080-exec-1] DEBUG c.q.x.a.domain.mapper.UserRoleRelDOMapper.insert - <==    Updates: 1
2025-07-24 17:49:58.421 [http-nio-8080-exec-2] DEBUG c.q.x.a.domain.mapper.UserDOMapper.selectByPhone - ==>  Preparing: select id,password,phone,status from t_user where phone=?
2025-07-24 17:49:58.421 [http-nio-8080-exec-2] DEBUG c.q.x.a.domain.mapper.UserDOMapper.selectByPhone - ==> Parameters: 15655666667(String)
2025-07-24 17:49:58.422 [http-nio-8080-exec-2] DEBUG c.q.x.a.domain.mapper.UserDOMapper.selectByPhone - <==      Total: 0
2025-07-24 17:49:58.423 [http-nio-8080-exec-2] DEBUG c.q.x.a.d.mapper.RoleDOMapper.selectByPrimaryKey - ==>  Preparing: SELECT id, role_name, role_key, status, sort, remark, create_time, update_time, is_deleted FROM t_role WHERE id = ? AND is_deleted = 0
2025-07-24 17:49:58.423 [http-nio-8080-exec-2] DEBUG c.q.x.a.d.mapper.RoleDOMapper.selectByPrimaryKey - ==> Parameters: 1(Long)
2025-07-24 17:49:58.424 [http-nio-8080-exec-2] DEBUG c.q.x.a.d.mapper.RoleDOMapper.selectByPrimaryKey - <==      Total: 1
2025-07-24 17:49:58.426 [http-nio-8080-exec-2] DEBUG c.q.x.a.domain.mapper.UserDOMapper.insertSelective - ==>  Preparing: INSERT INTO t_user ( xiaohashu_id, password, nickname, phone, status, create_time, update_time, is_deleted ) VALUES ( ?, ?, ?, ?, ?, ?, ?, ? )
2025-07-24 17:49:58.426 [http-nio-8080-exec-2] DEBUG c.q.x.a.domain.mapper.UserDOMapper.insertSelective - ==> Parameters: XHS4F7E6031(String), 123456(String), 用户156556(String), 15655666667(String), 0(Integer), 2025-07-24T17:49:58.422666500(LocalDateTime), 2025-07-24T17:49:58.422666500(LocalDateTime), false(Boolean)
2025-07-24 17:49:58.429 [http-nio-8080-exec-2] DEBUG c.q.x.a.domain.mapper.UserDOMapper.insertSelective - <==    Updates: 1
2025-07-24 17:49:58.429 [http-nio-8080-exec-2] DEBUG c.q.x.a.domain.mapper.UserRoleRelDOMapper.insert - ==>  Preparing: INSERT INTO t_user_role_rel (user_id, role_id, create_time, update_time, is_deleted) VALUES (?, ?, ?, ?, ?)
2025-07-24 17:49:58.429 [http-nio-8080-exec-2] DEBUG c.q.x.a.domain.mapper.UserRoleRelDOMapper.insert - ==> Parameters: 10(Long), 1(Long), 2025-07-24T17:49:58.429664(LocalDateTime), 2025-07-24T17:49:58.429664(LocalDateTime), false(Boolean)
2025-07-24 17:49:58.433 [http-nio-8080-exec-2] DEBUG c.q.x.a.domain.mapper.UserRoleRelDOMapper.insert - <==    Updates: 1
2025-07-24 17:50:48.103 [http-nio-8080-exec-4] DEBUG c.q.x.a.domain.mapper.UserDOMapper.selectByPhone - ==>  Preparing: select id,password,phone,status from t_user where phone=?
2025-07-24 17:50:48.103 [http-nio-8080-exec-4] DEBUG c.q.x.a.domain.mapper.UserDOMapper.selectByPhone - ==> Parameters: 15655666667(String)
2025-07-24 17:50:48.104 [http-nio-8080-exec-4] DEBUG c.q.x.a.domain.mapper.UserDOMapper.selectByPhone - <==      Total: 0
2025-07-24 17:50:48.105 [http-nio-8080-exec-4] DEBUG c.q.x.a.d.mapper.RoleDOMapper.selectByPrimaryKey - ==>  Preparing: SELECT id, role_name, role_key, status, sort, remark, create_time, update_time, is_deleted FROM t_role WHERE id = ? AND is_deleted = 0
2025-07-24 17:50:48.105 [http-nio-8080-exec-4] DEBUG c.q.x.a.d.mapper.RoleDOMapper.selectByPrimaryKey - ==> Parameters: 1(Long)
2025-07-24 17:50:48.107 [http-nio-8080-exec-4] DEBUG c.q.x.a.d.mapper.RoleDOMapper.selectByPrimaryKey - <==      Total: 1
2025-07-24 17:50:48.108 [http-nio-8080-exec-4] DEBUG c.q.x.a.domain.mapper.UserDOMapper.insertSelective - ==>  Preparing: INSERT INTO t_user ( xiaohashu_id, password, nickname, phone, status, create_time, update_time, is_deleted ) VALUES ( ?, ?, ?, ?, ?, ?, ?, ? )
2025-07-24 17:50:48.109 [http-nio-8080-exec-4] DEBUG c.q.x.a.domain.mapper.UserDOMapper.insertSelective - ==> Parameters: XHS808E82ED(String), 123456(String), 用户156556(String), 15655666667(String), 0(Integer), 2025-07-24T17:50:48.105466800(LocalDateTime), 2025-07-24T17:50:48.105466800(LocalDateTime), false(Boolean)
2025-07-24 17:50:48.111 [http-nio-8080-exec-4] DEBUG c.q.x.a.domain.mapper.UserDOMapper.insertSelective - <==    Updates: 1
2025-07-24 17:50:48.112 [http-nio-8080-exec-4] DEBUG c.q.x.a.domain.mapper.UserRoleRelDOMapper.insert - ==>  Preparing: INSERT INTO t_user_role_rel (user_id, role_id, create_time, update_time, is_deleted) VALUES (?, ?, ?, ?, ?)
2025-07-24 17:50:48.112 [http-nio-8080-exec-4] DEBUG c.q.x.a.domain.mapper.UserRoleRelDOMapper.insert - ==> Parameters: 11(Long), 1(Long), 2025-07-24T17:50:48.112465100(LocalDateTime), 2025-07-24T17:50:48.112465100(LocalDateTime), false(Boolean)
2025-07-24 17:50:48.115 [http-nio-8080-exec-4] DEBUG c.q.x.a.domain.mapper.UserRoleRelDOMapper.insert - <==    Updates: 1
2025-07-24 17:59:06.938 [Thread-2] WARN  c.alibaba.nacos.common.http.HttpClientBeanHolder - [HttpClientBeanHolder] Start destroying common HttpClient
2025-07-24 17:59:06.938 [Thread-9] WARN  com.alibaba.nacos.common.notify.NotifyCenter - [NotifyCenter] Start destroying Publisher
2025-07-24 17:59:06.938 [Thread-9] WARN  com.alibaba.nacos.common.notify.NotifyCenter - [NotifyCenter] Destruction of the end
2025-07-24 17:59:06.938 [Thread-2] WARN  c.alibaba.nacos.common.http.HttpClientBeanHolder - [HttpClientBeanHolder] Destruction of the end
2025-07-24 17:59:06.966 [SpringApplicationShutdownHook] INFO  c.a.cloud.nacos.registry.NacosServiceRegistry - De-registering from Nacos Server now...
2025-07-24 17:59:06.966 [SpringApplicationShutdownHook] INFO  com.alibaba.nacos.client.naming - [DEREGISTER-SERVICE] xiaohashu deregistering service xiaohashu-auth with instance: Instance{instanceId='null', ip='192.168.93.1', port=8080, weight=1.0, healthy=true, enabled=true, ephemeral=true, clusterName='DEFAULT', serviceName='null', metadata={}}
2025-07-24 17:59:06.968 [SpringApplicationShutdownHook] INFO  c.a.cloud.nacos.registry.NacosServiceRegistry - De-registration finished.
2025-07-24 17:59:06.968 [SpringApplicationShutdownHook] INFO  com.alibaba.nacos.client.naming - com.alibaba.nacos.client.naming.cache.ServiceInfoHolder do shutdown begin
2025-07-24 17:59:06.968 [SpringApplicationShutdownHook] INFO  com.alibaba.nacos.client.naming - com.alibaba.nacos.client.naming.backups.FailoverReactor do shutdown begin
2025-07-24 17:59:06.969 [SpringApplicationShutdownHook] INFO  com.alibaba.nacos.client.naming - com.alibaba.nacos.client.naming.backups.FailoverReactor do shutdown stop
2025-07-24 17:59:06.969 [SpringApplicationShutdownHook] INFO  com.alibaba.nacos.client.naming - com.alibaba.nacos.client.naming.cache.ServiceInfoHolder do shutdown stop
2025-07-24 17:59:06.969 [SpringApplicationShutdownHook] INFO  com.alibaba.nacos.client.naming - com.alibaba.nacos.client.naming.remote.NamingClientProxyDelegate do shutdown begin
2025-07-24 17:59:06.969 [SpringApplicationShutdownHook] INFO  com.alibaba.nacos.client.naming - com.alibaba.nacos.client.naming.core.ServiceInfoUpdateService do shutdown begin
2025-07-24 17:59:06.969 [SpringApplicationShutdownHook] INFO  com.alibaba.nacos.client.naming - com.alibaba.nacos.client.naming.core.ServiceInfoUpdateService do shutdown stop
2025-07-24 17:59:06.969 [SpringApplicationShutdownHook] INFO  com.alibaba.nacos.client.naming - com.alibaba.nacos.client.naming.core.ServerListManager do shutdown begin
2025-07-24 17:59:06.969 [SpringApplicationShutdownHook] WARN  com.alibaba.nacos.client.naming - [NamingHttpClientManager] Start destroying NacosRestTemplate
2025-07-24 17:59:06.969 [SpringApplicationShutdownHook] WARN  com.alibaba.nacos.client.naming - [NamingHttpClientManager] Destruction of the end
2025-07-24 17:59:06.969 [SpringApplicationShutdownHook] INFO  com.alibaba.nacos.client.naming - com.alibaba.nacos.client.naming.core.ServerListManager do shutdown stop
2025-07-24 17:59:06.969 [SpringApplicationShutdownHook] INFO  com.alibaba.nacos.client.naming - com.alibaba.nacos.client.naming.remote.http.NamingHttpClientProxy do shutdown begin
2025-07-24 17:59:06.969 [SpringApplicationShutdownHook] WARN  com.alibaba.nacos.client.naming - [NamingHttpClientManager] Start destroying NacosRestTemplate
2025-07-24 17:59:06.969 [SpringApplicationShutdownHook] WARN  com.alibaba.nacos.client.naming - [NamingHttpClientManager] Destruction of the end
2025-07-24 17:59:06.969 [SpringApplicationShutdownHook] INFO  com.alibaba.nacos.client.naming - com.alibaba.nacos.client.naming.remote.http.NamingHttpClientProxy do shutdown stop
2025-07-24 17:59:06.969 [SpringApplicationShutdownHook] INFO  com.alibaba.nacos.common.remote.client - Shutdown rpc client, set status to shutdown
2025-07-24 17:59:06.969 [SpringApplicationShutdownHook] INFO  com.alibaba.nacos.common.remote.client - Shutdown client event executor java.util.concurrent.ScheduledThreadPoolExecutor@1b5612f0[Running, pool size = 2, active threads = 2, queued tasks = 0, completed tasks = 0]
2025-07-24 17:59:06.969 [SpringApplicationShutdownHook] INFO  com.alibaba.nacos.common.remote.client - Close current connection 1753349622314_127.0.0.1_49817
2025-07-24 17:59:06.971 [nacos-grpc-client-executor-127.0.0.1-323] INFO  c.a.nacos.common.remote.client.grpc.GrpcClient - [1753349622314_127.0.0.1_49817]Ignore complete event,isRunning:false,isAbandon=false
2025-07-24 17:59:06.974 [SpringApplicationShutdownHook] INFO  c.a.nacos.common.remote.client.grpc.GrpcClient - Shutdown grpc executor java.util.concurrent.ThreadPoolExecutor@2e4ef9f1[Running, pool size = 4, active threads = 0, queued tasks = 0, completed tasks = 324]
2025-07-24 17:59:06.974 [SpringApplicationShutdownHook] INFO  com.alibaba.nacos.client.naming - Shutdown grpc redo service executor java.util.concurrent.ScheduledThreadPoolExecutor@63fdcd44[Running, pool size = 1, active threads = 0, queued tasks = 1, completed tasks = 506]
2025-07-24 17:59:06.974 [SpringApplicationShutdownHook] INFO  c.a.n.client.auth.ram.identify.CredentialWatcher - [null] CredentialWatcher is stopped
2025-07-24 17:59:06.974 [SpringApplicationShutdownHook] INFO  c.a.n.client.auth.ram.identify.CredentialService - [null] CredentialService is freed
2025-07-24 17:59:06.974 [SpringApplicationShutdownHook] INFO  com.alibaba.nacos.client.naming - com.alibaba.nacos.client.naming.remote.NamingClientProxyDelegate do shutdown stop
2025-07-24 17:59:07.090 [SpringApplicationShutdownHook] INFO  com.alibaba.druid.pool.DruidDataSource - {dataSource-1} closing ...
2025-07-24 17:59:07.091 [SpringApplicationShutdownHook] INFO  com.alibaba.druid.pool.DruidDataSource - {dataSource-1} closed
2025-07-24 17:59:12.264 [main] WARN  com.alibaba.nacos.client.logging.NacosLogging - Load Logback Configuration of Nacos fail, message: Could not initialize Logback Nacos logging from classpath:nacos-logback.xml
2025-07-24 17:59:12.324 [main] WARN  com.alibaba.nacos.client.logging.NacosLogging - Load Logback Configuration of Nacos fail, message: Could not initialize Logback Nacos logging from classpath:nacos-logback.xml
2025-07-24 17:59:12.524 [main] WARN  com.alibaba.nacos.client.logging.NacosLogging - Load Logback Configuration of Nacos fail, message: Could not initialize Logback Nacos logging from classpath:nacos-logback.xml
2025-07-24 17:59:12.526 [main] INFO  com.alibaba.nacos.client.utils.ParamUtil - [settings] [req-serv] nacos-server port:8848
2025-07-24 17:59:12.526 [main] INFO  com.alibaba.nacos.client.utils.ParamUtil - [settings] [http-client] connect timeout:1000
2025-07-24 17:59:12.527 [main] INFO  com.alibaba.nacos.client.utils.ParamUtil - PER_TASK_CONFIG_SIZE: 3000.0
2025-07-24 17:59:12.550 [main] INFO  c.a.n.p.auth.spi.client.ClientAuthPluginManager - [ClientAuthPluginManager] Load ClientAuthService com.alibaba.nacos.client.auth.impl.NacosClientAuthServiceImpl success.
2025-07-24 17:59:12.550 [main] INFO  c.a.n.p.auth.spi.client.ClientAuthPluginManager - [ClientAuthPluginManager] Load ClientAuthService com.alibaba.nacos.client.auth.ram.RamClientAuthServiceImpl success.
2025-07-24 17:59:12.553 [main] INFO  c.a.n.client.auth.ram.identify.CredentialWatcher - null No credential found
2025-07-24 17:59:13.742 [main] WARN  com.alibaba.nacos.client.logging.NacosLogging - Load Logback Configuration of Nacos fail, message: Could not initialize Logback Nacos logging from classpath:nacos-logback.xml
2025-07-24 17:59:13.753 [main] INFO  c.a.n.client.config.impl.LocalConfigInfoProcessor - LOCAL_SNAPSHOT_PATH:C:\Users\50723\nacos\config
2025-07-24 17:59:13.761 [main] INFO  com.alibaba.nacos.common.remote.client - [RpcClientFactory] create a new rpc client of a8ee6e25-761c-464d-91b0-b9d4af5dcb94_config-0
2025-07-24 17:59:13.779 [main] INFO  com.alibaba.nacos.common.remote.client - [a8ee6e25-761c-464d-91b0-b9d4af5dcb94_config-0] Register server push request handler:com.alibaba.nacos.client.config.impl.ClientWorker$ConfigRpcTransportClient$$Lambda$584/0x000001b281391540
2025-07-24 17:59:13.779 [main] INFO  com.alibaba.nacos.common.remote.client - [a8ee6e25-761c-464d-91b0-b9d4af5dcb94_config-0] Register server push request handler:com.alibaba.nacos.client.config.impl.ClientWorker$ConfigRpcTransportClient$$Lambda$585/0x000001b281391960
2025-07-24 17:59:13.780 [main] INFO  com.alibaba.nacos.common.remote.client - [a8ee6e25-761c-464d-91b0-b9d4af5dcb94_config-0] Registry connection listener to current client:com.alibaba.nacos.client.config.impl.ClientWorker$ConfigRpcTransportClient$1
2025-07-24 17:59:13.780 [main] INFO  com.alibaba.nacos.common.remote.client - [a8ee6e25-761c-464d-91b0-b9d4af5dcb94_config-0] RpcClient init, ServerListFactory = com.alibaba.nacos.client.config.impl.ClientWorker$ConfigRpcTransportClient$2
2025-07-24 17:59:13.787 [main] INFO  com.alibaba.nacos.common.remote.client - [a8ee6e25-761c-464d-91b0-b9d4af5dcb94_config-0] Try to connect to server on start up, server: {serverIp = '127.0.0.1', server main port = 8848}
2025-07-24 17:59:13.813 [main] INFO  c.a.nacos.common.remote.client.grpc.GrpcClient - grpc client connection server:127.0.0.1 ip,serverPort:9848,grpcTslConfig:{"sslProvider":"OPENSSL","enableTls":false,"mutualAuthEnable":false,"trustAll":false}
2025-07-24 17:59:14.523 [main] INFO  com.alibaba.nacos.common.remote.client - [a8ee6e25-761c-464d-91b0-b9d4af5dcb94_config-0] Success to connect to server [127.0.0.1:8848] on start up, connectionId = 1753351154345_127.0.0.1_50901
2025-07-24 17:59:14.524 [com.alibaba.nacos.client.remote.worker] INFO  com.alibaba.nacos.common.remote.client - [a8ee6e25-761c-464d-91b0-b9d4af5dcb94_config-0] Notify connected event to listeners.
2025-07-24 17:59:14.524 [com.alibaba.nacos.client.remote.worker] INFO  com.alibaba.nacos.client.config.impl.ClientWorker - [a8ee6e25-761c-464d-91b0-b9d4af5dcb94_config-0] Connected,notify listen context...
2025-07-24 17:59:14.524 [main] INFO  com.alibaba.nacos.common.remote.client - [a8ee6e25-761c-464d-91b0-b9d4af5dcb94_config-0] Register server push request handler:com.alibaba.nacos.common.remote.client.RpcClient$ConnectResetRequestHandler
2025-07-24 17:59:14.524 [main] INFO  com.alibaba.nacos.common.remote.client - [a8ee6e25-761c-464d-91b0-b9d4af5dcb94_config-0] Register server push request handler:com.alibaba.nacos.common.remote.client.RpcClient$$Lambda$605/0x000001b2814d9490
2025-07-24 17:59:14.564 [main] INFO  com.alibaba.nacos.client.config.impl.Limiter - limitTime:5.0
2025-07-24 17:59:14.575 [main] INFO  com.alibaba.nacos.client.config.utils.JvmUtil - isMultiInstance:false
2025-07-24 17:59:14.584 [main] WARN  c.a.cloud.nacos.client.NacosPropertySourceBuilder - Ignore the empty nacos configuration and get it based on dataId[xiaohashu-auth.yaml] & group[DEFAULT_GROUP]
2025-07-24 17:59:14.589 [main] INFO  o.s.c.b.c.PropertySourceBootstrapConfiguration - Located property source: [BootstrapPropertySource {name='bootstrapProperties-xiaohashu-auth-dev.yaml,DEFAULT_GROUP'}, BootstrapPropertySource {name='bootstrapProperties-xiaohashu-auth.yaml,DEFAULT_GROUP'}, BootstrapPropertySource {name='bootstrapProperties-xiaohashu-auth,DEFAULT_GROUP'}]
2025-07-24 17:59:14.607 [main] WARN  com.alibaba.nacos.client.logging.NacosLogging - Load Logback Configuration of Nacos fail, message: Could not initialize Logback Nacos logging from classpath:nacos-logback.xml
2025-07-24 17:59:14.608 [main] INFO  c.q.xiaohashu.auth.XiaohashuAuthApplication - The following 1 profile is active: "dev"
2025-07-24 17:59:15.114 [main] INFO  o.s.d.r.config.RepositoryConfigurationDelegate - Multiple Spring Data modules found, entering strict repository configuration mode
2025-07-24 17:59:15.116 [main] INFO  o.s.d.r.config.RepositoryConfigurationDelegate - Bootstrapping Spring Data Redis repositories in DEFAULT mode.
2025-07-24 17:59:15.134 [main] INFO  o.s.d.r.config.RepositoryConfigurationDelegate - Finished Spring Data repository scanning in 7 ms. Found 0 Redis repository interfaces.
2025-07-24 17:59:15.230 [main] INFO  o.springframework.cloud.context.scope.GenericScope - BeanFactory id=ce825f38-1723-3926-b5a2-fd0182ae3fd6
2025-07-24 17:59:15.636 [main] INFO  o.s.boot.web.embedded.tomcat.TomcatWebServer - Tomcat initialized with port(s): 8080 (http)
2025-07-24 17:59:15.645 [main] INFO  org.apache.catalina.core.StandardService - Starting service [Tomcat]
2025-07-24 17:59:15.645 [main] INFO  org.apache.catalina.core.StandardEngine - Starting Servlet engine: [Apache Tomcat/10.1.5]
2025-07-24 17:59:15.711 [main] INFO  o.a.c.core.ContainerBase.[Tomcat].[localhost].[/] - Initializing Spring embedded WebApplicationContext
2025-07-24 17:59:15.711 [main] INFO  o.s.b.w.s.c.ServletWebServerApplicationContext - Root WebApplicationContext: initialization completed in 1092 ms
2025-07-24 17:59:15.799 [main] INFO  c.a.d.s.b.a.DruidDataSourceAutoConfigure - Init DruidDataSource
2025-07-24 17:59:16.053 [main] INFO  com.alibaba.druid.pool.DruidDataSource - {dataSource-1} inited
2025-07-24 17:59:17.763 [main] INFO  org.springframework.cloud.commons.util.InetUtils - Cannot determine local hostname
2025-07-24 17:59:19.020 [main] INFO  org.springframework.cloud.commons.util.InetUtils - Cannot determine local hostname
2025-07-24 17:59:19.091 [main] INFO  o.s.boot.web.embedded.tomcat.TomcatWebServer - Tomcat started on port(s): 8080 (http) with context path ''
2025-07-24 17:59:19.094 [main] INFO  com.alibaba.nacos.client.naming - initializer namespace from ans.namespace attribute : null
2025-07-24 17:59:19.095 [main] INFO  com.alibaba.nacos.client.naming - initializer namespace from ALIBABA_ALIWARE_NAMESPACE attribute :null
2025-07-24 17:59:19.095 [main] INFO  com.alibaba.nacos.client.naming - initializer namespace from namespace attribute :null
2025-07-24 17:59:19.101 [main] INFO  c.a.n.p.auth.spi.client.ClientAuthPluginManager - [ClientAuthPluginManager] Load ClientAuthService com.alibaba.nacos.client.auth.impl.NacosClientAuthServiceImpl success.
2025-07-24 17:59:19.102 [main] INFO  c.a.n.p.auth.spi.client.ClientAuthPluginManager - [ClientAuthPluginManager] Load ClientAuthService com.alibaba.nacos.client.auth.ram.RamClientAuthServiceImpl success.
2025-07-24 17:59:19.105 [main] INFO  com.alibaba.nacos.common.remote.client - [RpcClientFactory] create a new rpc client of a8c9abbd-ec40-4181-a70c-4f2e4898db30
2025-07-24 17:59:19.106 [main] INFO  com.alibaba.nacos.common.remote.client - [a8c9abbd-ec40-4181-a70c-4f2e4898db30] RpcClient init, ServerListFactory = com.alibaba.nacos.client.naming.core.ServerListManager
2025-07-24 17:59:19.106 [main] INFO  com.alibaba.nacos.common.remote.client - [a8c9abbd-ec40-4181-a70c-4f2e4898db30] Registry connection listener to current client:com.alibaba.nacos.client.naming.remote.gprc.redo.NamingGrpcRedoService
2025-07-24 17:59:19.106 [main] INFO  com.alibaba.nacos.common.remote.client - [a8c9abbd-ec40-4181-a70c-4f2e4898db30] Register server push request handler:com.alibaba.nacos.client.naming.remote.gprc.NamingPushRequestHandler
2025-07-24 17:59:19.106 [main] INFO  com.alibaba.nacos.common.remote.client - [a8c9abbd-ec40-4181-a70c-4f2e4898db30] Try to connect to server on start up, server: {serverIp = '127.0.0.1', server main port = 8848}
2025-07-24 17:59:19.107 [main] INFO  c.a.nacos.common.remote.client.grpc.GrpcClient - grpc client connection server:127.0.0.1 ip,serverPort:9848,grpcTslConfig:{"sslProvider":"OPENSSL","enableTls":false,"mutualAuthEnable":false,"trustAll":false}
2025-07-24 17:59:19.224 [main] INFO  com.alibaba.nacos.common.remote.client - [a8c9abbd-ec40-4181-a70c-4f2e4898db30] Success to connect to server [127.0.0.1:8848] on start up, connectionId = 1753351159111_127.0.0.1_50909
2025-07-24 17:59:19.224 [main] INFO  com.alibaba.nacos.common.remote.client - [a8c9abbd-ec40-4181-a70c-4f2e4898db30] Register server push request handler:com.alibaba.nacos.common.remote.client.RpcClient$ConnectResetRequestHandler
2025-07-24 17:59:19.224 [com.alibaba.nacos.client.remote.worker] INFO  com.alibaba.nacos.common.remote.client - [a8c9abbd-ec40-4181-a70c-4f2e4898db30] Notify connected event to listeners.
2025-07-24 17:59:19.224 [main] INFO  com.alibaba.nacos.common.remote.client - [a8c9abbd-ec40-4181-a70c-4f2e4898db30] Register server push request handler:com.alibaba.nacos.common.remote.client.RpcClient$$Lambda$605/0x000001b2814d9490
2025-07-24 17:59:19.224 [com.alibaba.nacos.client.remote.worker] INFO  com.alibaba.nacos.client.naming - Grpc connection connect
2025-07-24 17:59:19.225 [main] INFO  com.alibaba.nacos.client.naming - [REGISTER-SERVICE] xiaohashu registering service xiaohashu-auth with instance Instance{instanceId='null', ip='192.168.93.1', port=8080, weight=1.0, healthy=true, enabled=true, ephemeral=true, clusterName='DEFAULT', serviceName='null', metadata={IPv6=[2409:8931:477:1db0:2585:23ed:9f05:56f6], preserved.register.source=SPRING_CLOUD}}
2025-07-24 17:59:19.235 [main] INFO  c.a.cloud.nacos.registry.NacosServiceRegistry - nacos registry, DEFAULT_GROUP xiaohashu-auth 192.168.93.1:8080 register finished
2025-07-24 17:59:20.326 [main] INFO  org.springframework.cloud.commons.util.InetUtils - Cannot determine local hostname
2025-07-24 17:59:20.340 [main] INFO  c.q.xiaohashu.auth.XiaohashuAuthApplication - Started XiaohashuAuthApplication in 9.667 seconds (process running for 10.157)
2025-07-24 17:59:20.341 [main] INFO  c.q.x.auth.runner.PushRolePermissions2RedisRunner - ==> 服务启动，开始同步角色权限数据到 Redis 中...
2025-07-24 17:59:20.635 [main] WARN  c.q.x.auth.runner.PushRolePermissions2RedisRunner - ==> 角色权限数据已经同步至 Redis 中，不再同步...
2025-07-24 17:59:20.637 [main] INFO  com.alibaba.nacos.client.config.impl.CacheData - nacos.cache.data.init.snapshot = true 
2025-07-24 17:59:20.637 [main] INFO  com.alibaba.nacos.client.config.impl.ClientWorker - [fixed-xiaohashu-127.0.0.1_8848] [subscribe] xiaohashu-auth.yaml+DEFAULT_GROUP+xiaohashu
2025-07-24 17:59:20.643 [main] INFO  com.alibaba.nacos.client.config.impl.CacheData - [fixed-xiaohashu-127.0.0.1_8848] [add-listener] ok, tenant=xiaohashu, dataId=xiaohashu-auth.yaml, group=DEFAULT_GROUP, cnt=1
2025-07-24 17:59:20.643 [main] INFO  c.a.cloud.nacos.refresh.NacosContextRefresher - [Nacos Config] Listening config: dataId=xiaohashu-auth.yaml, group=DEFAULT_GROUP
2025-07-24 17:59:20.645 [main] INFO  com.alibaba.nacos.client.config.impl.ClientWorker - [fixed-xiaohashu-127.0.0.1_8848] [subscribe] xiaohashu-auth-dev.yaml+DEFAULT_GROUP+xiaohashu
2025-07-24 17:59:20.645 [main] INFO  com.alibaba.nacos.client.config.impl.CacheData - [fixed-xiaohashu-127.0.0.1_8848] [add-listener] ok, tenant=xiaohashu, dataId=xiaohashu-auth-dev.yaml, group=DEFAULT_GROUP, cnt=1
2025-07-24 17:59:20.645 [main] INFO  c.a.cloud.nacos.refresh.NacosContextRefresher - [Nacos Config] Listening config: dataId=xiaohashu-auth-dev.yaml, group=DEFAULT_GROUP
2025-07-24 17:59:20.646 [main] INFO  com.alibaba.nacos.client.config.impl.ClientWorker - [fixed-xiaohashu-127.0.0.1_8848] [subscribe] xiaohashu-auth+DEFAULT_GROUP+xiaohashu
2025-07-24 17:59:20.646 [main] INFO  com.alibaba.nacos.client.config.impl.CacheData - [fixed-xiaohashu-127.0.0.1_8848] [add-listener] ok, tenant=xiaohashu, dataId=xiaohashu-auth, group=DEFAULT_GROUP, cnt=1
2025-07-24 17:59:20.646 [main] INFO  c.a.cloud.nacos.refresh.NacosContextRefresher - [Nacos Config] Listening config: dataId=xiaohashu-auth, group=DEFAULT_GROUP
2025-07-24 17:59:28.903 [http-nio-8080-exec-1] INFO  o.a.c.core.ContainerBase.[Tomcat].[localhost].[/] - Initializing Spring DispatcherServlet 'dispatcherServlet'
2025-07-24 17:59:28.903 [http-nio-8080-exec-1] INFO  org.springframework.web.servlet.DispatcherServlet - Initializing Servlet 'dispatcherServlet'
2025-07-24 17:59:28.904 [http-nio-8080-exec-1] INFO  org.springframework.web.servlet.DispatcherServlet - Completed initialization in 0 ms
2025-07-24 17:59:28.959 [http-nio-8080-exec-1] DEBUG c.q.x.a.domain.mapper.UserDOMapper.selectByPhone - ==>  Preparing: select id,password,phone,status from t_user where phone=?
2025-07-24 17:59:29.091 [http-nio-8080-exec-1] DEBUG c.q.x.a.domain.mapper.UserDOMapper.selectByPhone - ==> Parameters: 15655666667(String)
2025-07-24 17:59:29.104 [http-nio-8080-exec-1] DEBUG c.q.x.a.domain.mapper.UserDOMapper.selectByPhone - <==      Total: 0
2025-07-24 17:59:29.122 [http-nio-8080-exec-1] DEBUG c.q.x.a.domain.mapper.UserDOMapper.insertSelective - ==>  Preparing: INSERT INTO t_user ( xiaohashu_id, password, nickname, phone, status, create_time, update_time, is_deleted ) VALUES ( ?, ?, ?, ?, ?, ?, ?, ? )
2025-07-24 17:59:29.206 [http-nio-8080-exec-1] DEBUG c.q.x.a.domain.mapper.UserDOMapper.insertSelective - ==> Parameters: XHS003D7D14(String), 123456(String), 用户156556(String), 15655666667(String), 0(Integer), 2025-07-24T17:59:29.107148300(LocalDateTime), 2025-07-24T17:59:29.107148300(LocalDateTime), false(Boolean)
2025-07-24 17:59:29.213 [http-nio-8080-exec-1] DEBUG c.q.x.a.domain.mapper.UserDOMapper.insertSelective - <==    Updates: 1
2025-07-24 17:59:29.216 [http-nio-8080-exec-1] DEBUG c.q.x.a.domain.mapper.UserRoleRelDOMapper.insert - ==>  Preparing: INSERT INTO t_user_role_rel (user_id, role_id, create_time, update_time, is_deleted) VALUES (?, ?, ?, ?, ?)
2025-07-24 17:59:29.217 [http-nio-8080-exec-1] DEBUG c.q.x.a.domain.mapper.UserRoleRelDOMapper.insert - ==> Parameters: 12(Long), 1(Long), 2025-07-24T17:59:29.215150(LocalDateTime), 2025-07-24T17:59:29.215150(LocalDateTime), false(Boolean)
2025-07-24 17:59:29.221 [http-nio-8080-exec-1] DEBUG c.q.x.a.domain.mapper.UserRoleRelDOMapper.insert - <==    Updates: 1
2025-07-24 18:01:04.598 [Thread-2] WARN  c.alibaba.nacos.common.http.HttpClientBeanHolder - [HttpClientBeanHolder] Start destroying common HttpClient
2025-07-24 18:01:04.598 [Thread-9] WARN  com.alibaba.nacos.common.notify.NotifyCenter - [NotifyCenter] Start destroying Publisher
2025-07-24 18:01:04.598 [Thread-9] WARN  com.alibaba.nacos.common.notify.NotifyCenter - [NotifyCenter] Destruction of the end
2025-07-24 18:01:04.599 [Thread-2] WARN  c.alibaba.nacos.common.http.HttpClientBeanHolder - [HttpClientBeanHolder] Destruction of the end
2025-07-24 18:01:04.628 [SpringApplicationShutdownHook] INFO  c.a.cloud.nacos.registry.NacosServiceRegistry - De-registering from Nacos Server now...
2025-07-24 18:01:04.628 [SpringApplicationShutdownHook] INFO  com.alibaba.nacos.client.naming - [DEREGISTER-SERVICE] xiaohashu deregistering service xiaohashu-auth with instance: Instance{instanceId='null', ip='192.168.93.1', port=8080, weight=1.0, healthy=true, enabled=true, ephemeral=true, clusterName='DEFAULT', serviceName='null', metadata={}}
2025-07-24 18:01:04.632 [SpringApplicationShutdownHook] INFO  c.a.cloud.nacos.registry.NacosServiceRegistry - De-registration finished.
2025-07-24 18:01:04.632 [SpringApplicationShutdownHook] INFO  com.alibaba.nacos.client.naming - com.alibaba.nacos.client.naming.cache.ServiceInfoHolder do shutdown begin
2025-07-24 18:01:04.632 [SpringApplicationShutdownHook] INFO  com.alibaba.nacos.client.naming - com.alibaba.nacos.client.naming.backups.FailoverReactor do shutdown begin
2025-07-24 18:01:04.632 [SpringApplicationShutdownHook] INFO  com.alibaba.nacos.client.naming - com.alibaba.nacos.client.naming.backups.FailoverReactor do shutdown stop
2025-07-24 18:01:04.632 [SpringApplicationShutdownHook] INFO  com.alibaba.nacos.client.naming - com.alibaba.nacos.client.naming.cache.ServiceInfoHolder do shutdown stop
2025-07-24 18:01:04.632 [SpringApplicationShutdownHook] INFO  com.alibaba.nacos.client.naming - com.alibaba.nacos.client.naming.remote.NamingClientProxyDelegate do shutdown begin
2025-07-24 18:01:04.633 [SpringApplicationShutdownHook] INFO  com.alibaba.nacos.client.naming - com.alibaba.nacos.client.naming.core.ServiceInfoUpdateService do shutdown begin
2025-07-24 18:01:04.633 [SpringApplicationShutdownHook] INFO  com.alibaba.nacos.client.naming - com.alibaba.nacos.client.naming.core.ServiceInfoUpdateService do shutdown stop
2025-07-24 18:01:04.633 [SpringApplicationShutdownHook] INFO  com.alibaba.nacos.client.naming - com.alibaba.nacos.client.naming.core.ServerListManager do shutdown begin
2025-07-24 18:01:04.633 [SpringApplicationShutdownHook] WARN  com.alibaba.nacos.client.naming - [NamingHttpClientManager] Start destroying NacosRestTemplate
2025-07-24 18:01:04.633 [SpringApplicationShutdownHook] WARN  com.alibaba.nacos.client.naming - [NamingHttpClientManager] Destruction of the end
2025-07-24 18:01:04.633 [SpringApplicationShutdownHook] INFO  com.alibaba.nacos.client.naming - com.alibaba.nacos.client.naming.core.ServerListManager do shutdown stop
2025-07-24 18:01:04.633 [SpringApplicationShutdownHook] INFO  com.alibaba.nacos.client.naming - com.alibaba.nacos.client.naming.remote.http.NamingHttpClientProxy do shutdown begin
2025-07-24 18:01:04.633 [SpringApplicationShutdownHook] WARN  com.alibaba.nacos.client.naming - [NamingHttpClientManager] Start destroying NacosRestTemplate
2025-07-24 18:01:04.633 [SpringApplicationShutdownHook] WARN  com.alibaba.nacos.client.naming - [NamingHttpClientManager] Destruction of the end
2025-07-24 18:01:04.633 [SpringApplicationShutdownHook] INFO  com.alibaba.nacos.client.naming - com.alibaba.nacos.client.naming.remote.http.NamingHttpClientProxy do shutdown stop
2025-07-24 18:01:04.633 [SpringApplicationShutdownHook] INFO  com.alibaba.nacos.common.remote.client - Shutdown rpc client, set status to shutdown
2025-07-24 18:01:04.633 [SpringApplicationShutdownHook] INFO  com.alibaba.nacos.common.remote.client - Shutdown client event executor java.util.concurrent.ScheduledThreadPoolExecutor@7e4b287d[Running, pool size = 2, active threads = 2, queued tasks = 0, completed tasks = 0]
2025-07-24 18:01:04.633 [SpringApplicationShutdownHook] INFO  com.alibaba.nacos.common.remote.client - Close current connection 1753351159111_127.0.0.1_50909
2025-07-24 18:01:04.635 [nacos-grpc-client-executor-127.0.0.1-31] INFO  c.a.nacos.common.remote.client.grpc.GrpcClient - [1753351159111_127.0.0.1_50909]Ignore complete event,isRunning:false,isAbandon=false
2025-07-24 18:01:04.637 [SpringApplicationShutdownHook] INFO  c.a.nacos.common.remote.client.grpc.GrpcClient - Shutdown grpc executor java.util.concurrent.ThreadPoolExecutor@2aa40896[Running, pool size = 5, active threads = 0, queued tasks = 0, completed tasks = 32]
2025-07-24 18:01:04.637 [SpringApplicationShutdownHook] INFO  com.alibaba.nacos.client.naming - Shutdown grpc redo service executor java.util.concurrent.ScheduledThreadPoolExecutor@f929446[Running, pool size = 1, active threads = 0, queued tasks = 1, completed tasks = 35]
2025-07-24 18:01:04.637 [SpringApplicationShutdownHook] INFO  c.a.n.client.auth.ram.identify.CredentialWatcher - [null] CredentialWatcher is stopped
2025-07-24 18:01:04.637 [SpringApplicationShutdownHook] INFO  c.a.n.client.auth.ram.identify.CredentialService - [null] CredentialService is freed
2025-07-24 18:01:04.638 [SpringApplicationShutdownHook] INFO  com.alibaba.nacos.client.naming - com.alibaba.nacos.client.naming.remote.NamingClientProxyDelegate do shutdown stop
2025-07-24 18:01:04.763 [SpringApplicationShutdownHook] INFO  com.alibaba.druid.pool.DruidDataSource - {dataSource-1} closing ...
2025-07-24 18:01:04.769 [SpringApplicationShutdownHook] INFO  com.alibaba.druid.pool.DruidDataSource - {dataSource-1} closed
2025-07-24 18:01:08.717 [main] WARN  com.alibaba.nacos.client.logging.NacosLogging - Load Logback Configuration of Nacos fail, message: Could not initialize Logback Nacos logging from classpath:nacos-logback.xml
2025-07-24 18:01:08.773 [main] WARN  com.alibaba.nacos.client.logging.NacosLogging - Load Logback Configuration of Nacos fail, message: Could not initialize Logback Nacos logging from classpath:nacos-logback.xml
2025-07-24 18:01:08.960 [main] WARN  com.alibaba.nacos.client.logging.NacosLogging - Load Logback Configuration of Nacos fail, message: Could not initialize Logback Nacos logging from classpath:nacos-logback.xml
2025-07-24 18:01:08.961 [main] INFO  com.alibaba.nacos.client.utils.ParamUtil - [settings] [req-serv] nacos-server port:8848
2025-07-24 18:01:08.961 [main] INFO  com.alibaba.nacos.client.utils.ParamUtil - [settings] [http-client] connect timeout:1000
2025-07-24 18:01:08.962 [main] INFO  com.alibaba.nacos.client.utils.ParamUtil - PER_TASK_CONFIG_SIZE: 3000.0
2025-07-24 18:01:08.986 [main] INFO  c.a.n.p.auth.spi.client.ClientAuthPluginManager - [ClientAuthPluginManager] Load ClientAuthService com.alibaba.nacos.client.auth.impl.NacosClientAuthServiceImpl success.
2025-07-24 18:01:08.986 [main] INFO  c.a.n.p.auth.spi.client.ClientAuthPluginManager - [ClientAuthPluginManager] Load ClientAuthService com.alibaba.nacos.client.auth.ram.RamClientAuthServiceImpl success.
2025-07-24 18:01:08.989 [main] INFO  c.a.n.client.auth.ram.identify.CredentialWatcher - null No credential found
2025-07-24 18:01:10.164 [main] WARN  com.alibaba.nacos.client.logging.NacosLogging - Load Logback Configuration of Nacos fail, message: Could not initialize Logback Nacos logging from classpath:nacos-logback.xml
2025-07-24 18:01:10.179 [main] INFO  c.a.n.client.config.impl.LocalConfigInfoProcessor - LOCAL_SNAPSHOT_PATH:C:\Users\50723\nacos\config
2025-07-24 18:01:10.182 [main] INFO  com.alibaba.nacos.common.remote.client - [RpcClientFactory] create a new rpc client of 3f0b5d87-c3e9-4a65-8824-5fa467510442_config-0
2025-07-24 18:01:10.201 [main] INFO  com.alibaba.nacos.common.remote.client - [3f0b5d87-c3e9-4a65-8824-5fa467510442_config-0] Register server push request handler:com.alibaba.nacos.client.config.impl.ClientWorker$ConfigRpcTransportClient$$Lambda$584/0x0000028609391540
2025-07-24 18:01:10.201 [main] INFO  com.alibaba.nacos.common.remote.client - [3f0b5d87-c3e9-4a65-8824-5fa467510442_config-0] Register server push request handler:com.alibaba.nacos.client.config.impl.ClientWorker$ConfigRpcTransportClient$$Lambda$585/0x0000028609391960
2025-07-24 18:01:10.201 [main] INFO  com.alibaba.nacos.common.remote.client - [3f0b5d87-c3e9-4a65-8824-5fa467510442_config-0] Registry connection listener to current client:com.alibaba.nacos.client.config.impl.ClientWorker$ConfigRpcTransportClient$1
2025-07-24 18:01:10.201 [main] INFO  com.alibaba.nacos.common.remote.client - [3f0b5d87-c3e9-4a65-8824-5fa467510442_config-0] RpcClient init, ServerListFactory = com.alibaba.nacos.client.config.impl.ClientWorker$ConfigRpcTransportClient$2
2025-07-24 18:01:10.208 [main] INFO  com.alibaba.nacos.common.remote.client - [3f0b5d87-c3e9-4a65-8824-5fa467510442_config-0] Try to connect to server on start up, server: {serverIp = '127.0.0.1', server main port = 8848}
2025-07-24 18:01:10.234 [main] INFO  c.a.nacos.common.remote.client.grpc.GrpcClient - grpc client connection server:127.0.0.1 ip,serverPort:9848,grpcTslConfig:{"sslProvider":"OPENSSL","enableTls":false,"mutualAuthEnable":false,"trustAll":false}
2025-07-24 18:01:10.944 [main] INFO  com.alibaba.nacos.common.remote.client - [3f0b5d87-c3e9-4a65-8824-5fa467510442_config-0] Success to connect to server [127.0.0.1:8848] on start up, connectionId = 1753351270761_127.0.0.1_50987
2025-07-24 18:01:10.945 [com.alibaba.nacos.client.remote.worker] INFO  com.alibaba.nacos.common.remote.client - [3f0b5d87-c3e9-4a65-8824-5fa467510442_config-0] Notify connected event to listeners.
2025-07-24 18:01:10.945 [com.alibaba.nacos.client.remote.worker] INFO  com.alibaba.nacos.client.config.impl.ClientWorker - [3f0b5d87-c3e9-4a65-8824-5fa467510442_config-0] Connected,notify listen context...
2025-07-24 18:01:10.945 [main] INFO  com.alibaba.nacos.common.remote.client - [3f0b5d87-c3e9-4a65-8824-5fa467510442_config-0] Register server push request handler:com.alibaba.nacos.common.remote.client.RpcClient$ConnectResetRequestHandler
2025-07-24 18:01:10.945 [main] INFO  com.alibaba.nacos.common.remote.client - [3f0b5d87-c3e9-4a65-8824-5fa467510442_config-0] Register server push request handler:com.alibaba.nacos.common.remote.client.RpcClient$$Lambda$605/0x00000286094d9448
2025-07-24 18:01:10.986 [main] INFO  com.alibaba.nacos.client.config.impl.Limiter - limitTime:5.0
2025-07-24 18:01:10.997 [main] INFO  com.alibaba.nacos.client.config.utils.JvmUtil - isMultiInstance:false
2025-07-24 18:01:11.006 [main] WARN  c.a.cloud.nacos.client.NacosPropertySourceBuilder - Ignore the empty nacos configuration and get it based on dataId[xiaohashu-auth.yaml] & group[DEFAULT_GROUP]
2025-07-24 18:01:11.012 [main] INFO  o.s.c.b.c.PropertySourceBootstrapConfiguration - Located property source: [BootstrapPropertySource {name='bootstrapProperties-xiaohashu-auth-dev.yaml,DEFAULT_GROUP'}, BootstrapPropertySource {name='bootstrapProperties-xiaohashu-auth.yaml,DEFAULT_GROUP'}, BootstrapPropertySource {name='bootstrapProperties-xiaohashu-auth,DEFAULT_GROUP'}]
2025-07-24 18:01:11.030 [main] WARN  com.alibaba.nacos.client.logging.NacosLogging - Load Logback Configuration of Nacos fail, message: Could not initialize Logback Nacos logging from classpath:nacos-logback.xml
2025-07-24 18:01:11.031 [main] INFO  c.q.xiaohashu.auth.XiaohashuAuthApplication - The following 1 profile is active: "dev"
2025-07-24 18:01:11.512 [main] INFO  o.s.d.r.config.RepositoryConfigurationDelegate - Multiple Spring Data modules found, entering strict repository configuration mode
2025-07-24 18:01:11.514 [main] INFO  o.s.d.r.config.RepositoryConfigurationDelegate - Bootstrapping Spring Data Redis repositories in DEFAULT mode.
2025-07-24 18:01:11.531 [main] INFO  o.s.d.r.config.RepositoryConfigurationDelegate - Finished Spring Data repository scanning in 7 ms. Found 0 Redis repository interfaces.
2025-07-24 18:01:11.626 [main] INFO  o.springframework.cloud.context.scope.GenericScope - BeanFactory id=ce825f38-1723-3926-b5a2-fd0182ae3fd6
2025-07-24 18:01:12.023 [main] INFO  o.s.boot.web.embedded.tomcat.TomcatWebServer - Tomcat initialized with port(s): 8080 (http)
2025-07-24 18:01:12.031 [main] INFO  org.apache.catalina.core.StandardService - Starting service [Tomcat]
2025-07-24 18:01:12.031 [main] INFO  org.apache.catalina.core.StandardEngine - Starting Servlet engine: [Apache Tomcat/10.1.5]
2025-07-24 18:01:12.100 [main] INFO  o.a.c.core.ContainerBase.[Tomcat].[localhost].[/] - Initializing Spring embedded WebApplicationContext
2025-07-24 18:01:12.100 [main] INFO  o.s.b.w.s.c.ServletWebServerApplicationContext - Root WebApplicationContext: initialization completed in 1057 ms
2025-07-24 18:01:12.186 [main] INFO  c.a.d.s.b.a.DruidDataSourceAutoConfigure - Init DruidDataSource
2025-07-24 18:01:12.438 [main] INFO  com.alibaba.druid.pool.DruidDataSource - {dataSource-1} inited
2025-07-24 18:01:14.150 [main] INFO  org.springframework.cloud.commons.util.InetUtils - Cannot determine local hostname
2025-07-24 18:01:15.405 [main] INFO  org.springframework.cloud.commons.util.InetUtils - Cannot determine local hostname
2025-07-24 18:01:15.463 [main] INFO  o.s.boot.web.embedded.tomcat.TomcatWebServer - Tomcat started on port(s): 8080 (http) with context path ''
2025-07-24 18:01:15.466 [main] INFO  com.alibaba.nacos.client.naming - initializer namespace from ans.namespace attribute : null
2025-07-24 18:01:15.466 [main] INFO  com.alibaba.nacos.client.naming - initializer namespace from ALIBABA_ALIWARE_NAMESPACE attribute :null
2025-07-24 18:01:15.466 [main] INFO  com.alibaba.nacos.client.naming - initializer namespace from namespace attribute :null
2025-07-24 18:01:15.473 [main] INFO  c.a.n.p.auth.spi.client.ClientAuthPluginManager - [ClientAuthPluginManager] Load ClientAuthService com.alibaba.nacos.client.auth.impl.NacosClientAuthServiceImpl success.
2025-07-24 18:01:15.473 [main] INFO  c.a.n.p.auth.spi.client.ClientAuthPluginManager - [ClientAuthPluginManager] Load ClientAuthService com.alibaba.nacos.client.auth.ram.RamClientAuthServiceImpl success.
2025-07-24 18:01:15.476 [main] INFO  com.alibaba.nacos.common.remote.client - [RpcClientFactory] create a new rpc client of dde601d9-c044-42e0-9176-a725fb5afa3e
2025-07-24 18:01:15.477 [main] INFO  com.alibaba.nacos.common.remote.client - [dde601d9-c044-42e0-9176-a725fb5afa3e] RpcClient init, ServerListFactory = com.alibaba.nacos.client.naming.core.ServerListManager
2025-07-24 18:01:15.477 [main] INFO  com.alibaba.nacos.common.remote.client - [dde601d9-c044-42e0-9176-a725fb5afa3e] Registry connection listener to current client:com.alibaba.nacos.client.naming.remote.gprc.redo.NamingGrpcRedoService
2025-07-24 18:01:15.477 [main] INFO  com.alibaba.nacos.common.remote.client - [dde601d9-c044-42e0-9176-a725fb5afa3e] Register server push request handler:com.alibaba.nacos.client.naming.remote.gprc.NamingPushRequestHandler
2025-07-24 18:01:15.478 [main] INFO  com.alibaba.nacos.common.remote.client - [dde601d9-c044-42e0-9176-a725fb5afa3e] Try to connect to server on start up, server: {serverIp = '127.0.0.1', server main port = 8848}
2025-07-24 18:01:15.478 [main] INFO  c.a.nacos.common.remote.client.grpc.GrpcClient - grpc client connection server:127.0.0.1 ip,serverPort:9848,grpcTslConfig:{"sslProvider":"OPENSSL","enableTls":false,"mutualAuthEnable":false,"trustAll":false}
2025-07-24 18:01:15.590 [main] INFO  com.alibaba.nacos.common.remote.client - [dde601d9-c044-42e0-9176-a725fb5afa3e] Success to connect to server [127.0.0.1:8848] on start up, connectionId = 1753351275481_127.0.0.1_50993
2025-07-24 18:01:15.590 [main] INFO  com.alibaba.nacos.common.remote.client - [dde601d9-c044-42e0-9176-a725fb5afa3e] Register server push request handler:com.alibaba.nacos.common.remote.client.RpcClient$ConnectResetRequestHandler
2025-07-24 18:01:15.590 [com.alibaba.nacos.client.remote.worker] INFO  com.alibaba.nacos.common.remote.client - [dde601d9-c044-42e0-9176-a725fb5afa3e] Notify connected event to listeners.
2025-07-24 18:01:15.590 [main] INFO  com.alibaba.nacos.common.remote.client - [dde601d9-c044-42e0-9176-a725fb5afa3e] Register server push request handler:com.alibaba.nacos.common.remote.client.RpcClient$$Lambda$605/0x00000286094d9448
2025-07-24 18:01:15.590 [com.alibaba.nacos.client.remote.worker] INFO  com.alibaba.nacos.client.naming - Grpc connection connect
2025-07-24 18:01:15.591 [main] INFO  com.alibaba.nacos.client.naming - [REGISTER-SERVICE] xiaohashu registering service xiaohashu-auth with instance Instance{instanceId='null', ip='192.168.93.1', port=8080, weight=1.0, healthy=true, enabled=true, ephemeral=true, clusterName='DEFAULT', serviceName='null', metadata={IPv6=[2409:8931:477:1db0:2585:23ed:9f05:56f6], preserved.register.source=SPRING_CLOUD}}
2025-07-24 18:01:15.600 [main] INFO  c.a.cloud.nacos.registry.NacosServiceRegistry - nacos registry, DEFAULT_GROUP xiaohashu-auth 192.168.93.1:8080 register finished
2025-07-24 18:01:16.703 [main] INFO  org.springframework.cloud.commons.util.InetUtils - Cannot determine local hostname
2025-07-24 18:01:16.717 [main] INFO  c.q.xiaohashu.auth.XiaohashuAuthApplication - Started XiaohashuAuthApplication in 9.586 seconds (process running for 10.139)
2025-07-24 18:01:16.718 [main] INFO  c.q.x.auth.runner.PushRolePermissions2RedisRunner - ==> 服务启动，开始同步角色权限数据到 Redis 中...
2025-07-24 18:01:17.038 [main] WARN  c.q.x.auth.runner.PushRolePermissions2RedisRunner - ==> 角色权限数据已经同步至 Redis 中，不再同步...
2025-07-24 18:01:17.041 [main] INFO  com.alibaba.nacos.client.config.impl.CacheData - nacos.cache.data.init.snapshot = true 
2025-07-24 18:01:17.041 [main] INFO  com.alibaba.nacos.client.config.impl.ClientWorker - [fixed-xiaohashu-127.0.0.1_8848] [subscribe] xiaohashu-auth.yaml+DEFAULT_GROUP+xiaohashu
2025-07-24 18:01:17.048 [main] INFO  com.alibaba.nacos.client.config.impl.CacheData - [fixed-xiaohashu-127.0.0.1_8848] [add-listener] ok, tenant=xiaohashu, dataId=xiaohashu-auth.yaml, group=DEFAULT_GROUP, cnt=1
2025-07-24 18:01:17.048 [main] INFO  c.a.cloud.nacos.refresh.NacosContextRefresher - [Nacos Config] Listening config: dataId=xiaohashu-auth.yaml, group=DEFAULT_GROUP
2025-07-24 18:01:17.050 [main] INFO  com.alibaba.nacos.client.config.impl.ClientWorker - [fixed-xiaohashu-127.0.0.1_8848] [subscribe] xiaohashu-auth-dev.yaml+DEFAULT_GROUP+xiaohashu
2025-07-24 18:01:17.050 [main] INFO  com.alibaba.nacos.client.config.impl.CacheData - [fixed-xiaohashu-127.0.0.1_8848] [add-listener] ok, tenant=xiaohashu, dataId=xiaohashu-auth-dev.yaml, group=DEFAULT_GROUP, cnt=1
2025-07-24 18:01:17.050 [main] INFO  c.a.cloud.nacos.refresh.NacosContextRefresher - [Nacos Config] Listening config: dataId=xiaohashu-auth-dev.yaml, group=DEFAULT_GROUP
2025-07-24 18:01:17.052 [main] INFO  com.alibaba.nacos.client.config.impl.ClientWorker - [fixed-xiaohashu-127.0.0.1_8848] [subscribe] xiaohashu-auth+DEFAULT_GROUP+xiaohashu
2025-07-24 18:01:17.052 [main] INFO  com.alibaba.nacos.client.config.impl.CacheData - [fixed-xiaohashu-127.0.0.1_8848] [add-listener] ok, tenant=xiaohashu, dataId=xiaohashu-auth, group=DEFAULT_GROUP, cnt=1
2025-07-24 18:01:17.052 [main] INFO  c.a.cloud.nacos.refresh.NacosContextRefresher - [Nacos Config] Listening config: dataId=xiaohashu-auth, group=DEFAULT_GROUP
2025-07-24 18:01:35.375 [http-nio-8080-exec-1] INFO  o.a.c.core.ContainerBase.[Tomcat].[localhost].[/] - Initializing Spring DispatcherServlet 'dispatcherServlet'
2025-07-24 18:01:35.376 [http-nio-8080-exec-1] INFO  org.springframework.web.servlet.DispatcherServlet - Initializing Servlet 'dispatcherServlet'
2025-07-24 18:01:35.377 [http-nio-8080-exec-1] INFO  org.springframework.web.servlet.DispatcherServlet - Completed initialization in 1 ms
2025-07-24 18:01:35.448 [http-nio-8080-exec-1] DEBUG c.q.x.a.domain.mapper.UserDOMapper.selectByPhone - ==>  Preparing: select id,password,phone,status from t_user where phone=?
2025-07-24 18:01:35.593 [http-nio-8080-exec-1] DEBUG c.q.x.a.domain.mapper.UserDOMapper.selectByPhone - ==> Parameters: 15655666667(String)
2025-07-24 18:01:35.609 [http-nio-8080-exec-1] DEBUG c.q.x.a.domain.mapper.UserDOMapper.selectByPhone - <==      Total: 0
2025-07-24 18:01:35.628 [http-nio-8080-exec-1] DEBUG c.q.x.a.domain.mapper.UserDOMapper.insertSelective - ==>  Preparing: INSERT INTO t_user ( xiaohashu_id, password, nickname, phone, status, create_time, update_time, is_deleted ) VALUES ( ?, ?, ?, ?, ?, ?, ?, ? )
2025-07-24 18:01:35.723 [http-nio-8080-exec-1] DEBUG c.q.x.a.domain.mapper.UserDOMapper.insertSelective - ==> Parameters: XHSE8E7737F(String), 123456(String), 用户156556(String), 15655666667(String), 0(Integer), 2025-07-24T18:01:35.612546600(LocalDateTime), 2025-07-24T18:01:35.612546600(LocalDateTime), false(Boolean)
2025-07-24 18:01:35.741 [http-nio-8080-exec-1] DEBUG c.q.x.a.domain.mapper.UserDOMapper.insertSelective - <==    Updates: 1
2025-07-24 18:01:35.743 [http-nio-8080-exec-1] DEBUG c.q.x.a.domain.mapper.UserRoleRelDOMapper.insert - ==>  Preparing: INSERT INTO t_user_role_rel (user_id, role_id, create_time, update_time, is_deleted) VALUES (?, ?, ?, ?, ?)
2025-07-24 18:01:35.745 [http-nio-8080-exec-1] DEBUG c.q.x.a.domain.mapper.UserRoleRelDOMapper.insert - ==> Parameters: 13(Long), 1(Long), 2025-07-24T18:01:35.743079300(LocalDateTime), 2025-07-24T18:01:35.743079300(LocalDateTime), false(Boolean)
2025-07-24 18:01:35.747 [http-nio-8080-exec-1] DEBUG c.q.x.a.domain.mapper.UserRoleRelDOMapper.insert - <==    Updates: 1
2025-07-24 18:02:24.407 [Thread-2] WARN  c.alibaba.nacos.common.http.HttpClientBeanHolder - [HttpClientBeanHolder] Start destroying common HttpClient
2025-07-24 18:02:24.407 [Thread-9] WARN  com.alibaba.nacos.common.notify.NotifyCenter - [NotifyCenter] Start destroying Publisher
2025-07-24 18:02:24.407 [Thread-9] WARN  com.alibaba.nacos.common.notify.NotifyCenter - [NotifyCenter] Destruction of the end
2025-07-24 18:02:24.408 [Thread-2] WARN  c.alibaba.nacos.common.http.HttpClientBeanHolder - [HttpClientBeanHolder] Destruction of the end
2025-07-24 18:02:24.438 [SpringApplicationShutdownHook] INFO  c.a.cloud.nacos.registry.NacosServiceRegistry - De-registering from Nacos Server now...
2025-07-24 18:02:24.438 [SpringApplicationShutdownHook] INFO  com.alibaba.nacos.client.naming - [DEREGISTER-SERVICE] xiaohashu deregistering service xiaohashu-auth with instance: Instance{instanceId='null', ip='192.168.93.1', port=8080, weight=1.0, healthy=true, enabled=true, ephemeral=true, clusterName='DEFAULT', serviceName='null', metadata={}}
2025-07-24 18:02:24.442 [SpringApplicationShutdownHook] INFO  c.a.cloud.nacos.registry.NacosServiceRegistry - De-registration finished.
2025-07-24 18:02:24.443 [SpringApplicationShutdownHook] INFO  com.alibaba.nacos.client.naming - com.alibaba.nacos.client.naming.cache.ServiceInfoHolder do shutdown begin
2025-07-24 18:02:24.443 [SpringApplicationShutdownHook] INFO  com.alibaba.nacos.client.naming - com.alibaba.nacos.client.naming.backups.FailoverReactor do shutdown begin
2025-07-24 18:02:24.443 [SpringApplicationShutdownHook] INFO  com.alibaba.nacos.client.naming - com.alibaba.nacos.client.naming.backups.FailoverReactor do shutdown stop
2025-07-24 18:02:24.443 [SpringApplicationShutdownHook] INFO  com.alibaba.nacos.client.naming - com.alibaba.nacos.client.naming.cache.ServiceInfoHolder do shutdown stop
2025-07-24 18:02:24.443 [SpringApplicationShutdownHook] INFO  com.alibaba.nacos.client.naming - com.alibaba.nacos.client.naming.remote.NamingClientProxyDelegate do shutdown begin
2025-07-24 18:02:24.443 [SpringApplicationShutdownHook] INFO  com.alibaba.nacos.client.naming - com.alibaba.nacos.client.naming.core.ServiceInfoUpdateService do shutdown begin
2025-07-24 18:02:24.443 [SpringApplicationShutdownHook] INFO  com.alibaba.nacos.client.naming - com.alibaba.nacos.client.naming.core.ServiceInfoUpdateService do shutdown stop
2025-07-24 18:02:24.443 [SpringApplicationShutdownHook] INFO  com.alibaba.nacos.client.naming - com.alibaba.nacos.client.naming.core.ServerListManager do shutdown begin
2025-07-24 18:02:24.444 [SpringApplicationShutdownHook] WARN  com.alibaba.nacos.client.naming - [NamingHttpClientManager] Start destroying NacosRestTemplate
2025-07-24 18:02:24.444 [SpringApplicationShutdownHook] WARN  com.alibaba.nacos.client.naming - [NamingHttpClientManager] Destruction of the end
2025-07-24 18:02:24.444 [SpringApplicationShutdownHook] INFO  com.alibaba.nacos.client.naming - com.alibaba.nacos.client.naming.core.ServerListManager do shutdown stop
2025-07-24 18:02:24.444 [SpringApplicationShutdownHook] INFO  com.alibaba.nacos.client.naming - com.alibaba.nacos.client.naming.remote.http.NamingHttpClientProxy do shutdown begin
2025-07-24 18:02:24.444 [SpringApplicationShutdownHook] WARN  com.alibaba.nacos.client.naming - [NamingHttpClientManager] Start destroying NacosRestTemplate
2025-07-24 18:02:24.444 [SpringApplicationShutdownHook] WARN  com.alibaba.nacos.client.naming - [NamingHttpClientManager] Destruction of the end
2025-07-24 18:02:24.444 [SpringApplicationShutdownHook] INFO  com.alibaba.nacos.client.naming - com.alibaba.nacos.client.naming.remote.http.NamingHttpClientProxy do shutdown stop
2025-07-24 18:02:24.444 [SpringApplicationShutdownHook] INFO  com.alibaba.nacos.common.remote.client - Shutdown rpc client, set status to shutdown
2025-07-24 18:02:24.444 [SpringApplicationShutdownHook] INFO  com.alibaba.nacos.common.remote.client - Shutdown client event executor java.util.concurrent.ScheduledThreadPoolExecutor@65a9b183[Running, pool size = 2, active threads = 2, queued tasks = 0, completed tasks = 0]
2025-07-24 18:02:24.444 [SpringApplicationShutdownHook] INFO  com.alibaba.nacos.common.remote.client - Close current connection 1753351275481_127.0.0.1_50993
2025-07-24 18:02:24.446 [nacos-grpc-client-executor-127.0.0.1-24] INFO  c.a.nacos.common.remote.client.grpc.GrpcClient - [1753351275481_127.0.0.1_50993]Ignore complete event,isRunning:false,isAbandon=false
2025-07-24 18:02:24.448 [SpringApplicationShutdownHook] INFO  c.a.nacos.common.remote.client.grpc.GrpcClient - Shutdown grpc executor java.util.concurrent.ThreadPoolExecutor@1c2bfd9f[Running, pool size = 4, active threads = 0, queued tasks = 0, completed tasks = 25]
2025-07-24 18:02:24.448 [SpringApplicationShutdownHook] INFO  com.alibaba.nacos.client.naming - Shutdown grpc redo service executor java.util.concurrent.ScheduledThreadPoolExecutor@4e8e4e5a[Running, pool size = 1, active threads = 0, queued tasks = 1, completed tasks = 22]
2025-07-24 18:02:24.449 [SpringApplicationShutdownHook] INFO  c.a.n.client.auth.ram.identify.CredentialWatcher - [null] CredentialWatcher is stopped
2025-07-24 18:02:24.449 [SpringApplicationShutdownHook] INFO  c.a.n.client.auth.ram.identify.CredentialService - [null] CredentialService is freed
2025-07-24 18:02:24.449 [SpringApplicationShutdownHook] INFO  com.alibaba.nacos.client.naming - com.alibaba.nacos.client.naming.remote.NamingClientProxyDelegate do shutdown stop
2025-07-24 18:02:24.575 [SpringApplicationShutdownHook] INFO  com.alibaba.druid.pool.DruidDataSource - {dataSource-1} closing ...
2025-07-24 18:02:24.582 [SpringApplicationShutdownHook] INFO  com.alibaba.druid.pool.DruidDataSource - {dataSource-1} closed
2025-07-24 18:02:30.195 [main] WARN  com.alibaba.nacos.client.logging.NacosLogging - Load Logback Configuration of Nacos fail, message: Could not initialize Logback Nacos logging from classpath:nacos-logback.xml
2025-07-24 18:02:30.249 [main] WARN  com.alibaba.nacos.client.logging.NacosLogging - Load Logback Configuration of Nacos fail, message: Could not initialize Logback Nacos logging from classpath:nacos-logback.xml
2025-07-24 18:02:30.433 [main] WARN  com.alibaba.nacos.client.logging.NacosLogging - Load Logback Configuration of Nacos fail, message: Could not initialize Logback Nacos logging from classpath:nacos-logback.xml
2025-07-24 18:02:30.434 [main] INFO  com.alibaba.nacos.client.utils.ParamUtil - [settings] [req-serv] nacos-server port:8848
2025-07-24 18:02:30.434 [main] INFO  com.alibaba.nacos.client.utils.ParamUtil - [settings] [http-client] connect timeout:1000
2025-07-24 18:02:30.435 [main] INFO  com.alibaba.nacos.client.utils.ParamUtil - PER_TASK_CONFIG_SIZE: 3000.0
2025-07-24 18:02:30.460 [main] INFO  c.a.n.p.auth.spi.client.ClientAuthPluginManager - [ClientAuthPluginManager] Load ClientAuthService com.alibaba.nacos.client.auth.impl.NacosClientAuthServiceImpl success.
2025-07-24 18:02:30.460 [main] INFO  c.a.n.p.auth.spi.client.ClientAuthPluginManager - [ClientAuthPluginManager] Load ClientAuthService com.alibaba.nacos.client.auth.ram.RamClientAuthServiceImpl success.
2025-07-24 18:02:30.463 [main] INFO  c.a.n.client.auth.ram.identify.CredentialWatcher - null No credential found
2025-07-24 18:02:31.636 [main] WARN  com.alibaba.nacos.client.logging.NacosLogging - Load Logback Configuration of Nacos fail, message: Could not initialize Logback Nacos logging from classpath:nacos-logback.xml
2025-07-24 18:02:31.652 [main] INFO  c.a.n.client.config.impl.LocalConfigInfoProcessor - LOCAL_SNAPSHOT_PATH:C:\Users\50723\nacos\config
2025-07-24 18:02:31.655 [main] INFO  com.alibaba.nacos.common.remote.client - [RpcClientFactory] create a new rpc client of 9a61300a-83e4-440f-84ce-23acb14a71b6_config-0
2025-07-24 18:02:31.673 [main] INFO  com.alibaba.nacos.common.remote.client - [9a61300a-83e4-440f-84ce-23acb14a71b6_config-0] Register server push request handler:com.alibaba.nacos.client.config.impl.ClientWorker$ConfigRpcTransportClient$$Lambda$584/0x000001ca95390658
2025-07-24 18:02:31.674 [main] INFO  com.alibaba.nacos.common.remote.client - [9a61300a-83e4-440f-84ce-23acb14a71b6_config-0] Register server push request handler:com.alibaba.nacos.client.config.impl.ClientWorker$ConfigRpcTransportClient$$Lambda$585/0x000001ca95390a78
2025-07-24 18:02:31.674 [main] INFO  com.alibaba.nacos.common.remote.client - [9a61300a-83e4-440f-84ce-23acb14a71b6_config-0] Registry connection listener to current client:com.alibaba.nacos.client.config.impl.ClientWorker$ConfigRpcTransportClient$1
2025-07-24 18:02:31.674 [main] INFO  com.alibaba.nacos.common.remote.client - [9a61300a-83e4-440f-84ce-23acb14a71b6_config-0] RpcClient init, ServerListFactory = com.alibaba.nacos.client.config.impl.ClientWorker$ConfigRpcTransportClient$2
2025-07-24 18:02:31.681 [main] INFO  com.alibaba.nacos.common.remote.client - [9a61300a-83e4-440f-84ce-23acb14a71b6_config-0] Try to connect to server on start up, server: {serverIp = '127.0.0.1', server main port = 8848}
2025-07-24 18:02:31.707 [main] INFO  c.a.nacos.common.remote.client.grpc.GrpcClient - grpc client connection server:127.0.0.1 ip,serverPort:9848,grpcTslConfig:{"sslProvider":"OPENSSL","enableTls":false,"mutualAuthEnable":false,"trustAll":false}
2025-07-24 18:02:32.434 [main] INFO  com.alibaba.nacos.common.remote.client - [9a61300a-83e4-440f-84ce-23acb14a71b6_config-0] Success to connect to server [127.0.0.1:8848] on start up, connectionId = 1753351352252_127.0.0.1_51042
2025-07-24 18:02:32.435 [com.alibaba.nacos.client.remote.worker] INFO  com.alibaba.nacos.common.remote.client - [9a61300a-83e4-440f-84ce-23acb14a71b6_config-0] Notify connected event to listeners.
2025-07-24 18:02:32.435 [com.alibaba.nacos.client.remote.worker] INFO  com.alibaba.nacos.client.config.impl.ClientWorker - [9a61300a-83e4-440f-84ce-23acb14a71b6_config-0] Connected,notify listen context...
2025-07-24 18:02:32.435 [main] INFO  com.alibaba.nacos.common.remote.client - [9a61300a-83e4-440f-84ce-23acb14a71b6_config-0] Register server push request handler:com.alibaba.nacos.common.remote.client.RpcClient$ConnectResetRequestHandler
2025-07-24 18:02:32.435 [main] INFO  com.alibaba.nacos.common.remote.client - [9a61300a-83e4-440f-84ce-23acb14a71b6_config-0] Register server push request handler:com.alibaba.nacos.common.remote.client.RpcClient$$Lambda$605/0x000001ca954daee0
2025-07-24 18:02:32.475 [main] INFO  com.alibaba.nacos.client.config.impl.Limiter - limitTime:5.0
2025-07-24 18:02:32.485 [main] INFO  com.alibaba.nacos.client.config.utils.JvmUtil - isMultiInstance:false
2025-07-24 18:02:32.495 [main] WARN  c.a.cloud.nacos.client.NacosPropertySourceBuilder - Ignore the empty nacos configuration and get it based on dataId[xiaohashu-auth.yaml] & group[DEFAULT_GROUP]
2025-07-24 18:02:32.501 [main] INFO  o.s.c.b.c.PropertySourceBootstrapConfiguration - Located property source: [BootstrapPropertySource {name='bootstrapProperties-xiaohashu-auth-dev.yaml,DEFAULT_GROUP'}, BootstrapPropertySource {name='bootstrapProperties-xiaohashu-auth.yaml,DEFAULT_GROUP'}, BootstrapPropertySource {name='bootstrapProperties-xiaohashu-auth,DEFAULT_GROUP'}]
2025-07-24 18:02:32.519 [main] WARN  com.alibaba.nacos.client.logging.NacosLogging - Load Logback Configuration of Nacos fail, message: Could not initialize Logback Nacos logging from classpath:nacos-logback.xml
2025-07-24 18:02:32.520 [main] INFO  c.q.xiaohashu.auth.XiaohashuAuthApplication - The following 1 profile is active: "dev"
2025-07-24 18:02:33.031 [main] INFO  o.s.d.r.config.RepositoryConfigurationDelegate - Multiple Spring Data modules found, entering strict repository configuration mode
2025-07-24 18:02:33.034 [main] INFO  o.s.d.r.config.RepositoryConfigurationDelegate - Bootstrapping Spring Data Redis repositories in DEFAULT mode.
2025-07-24 18:02:33.052 [main] INFO  o.s.d.r.config.RepositoryConfigurationDelegate - Finished Spring Data repository scanning in 7 ms. Found 0 Redis repository interfaces.
2025-07-24 18:02:33.148 [main] INFO  o.springframework.cloud.context.scope.GenericScope - BeanFactory id=ce825f38-1723-3926-b5a2-fd0182ae3fd6
2025-07-24 18:02:33.566 [main] INFO  o.s.boot.web.embedded.tomcat.TomcatWebServer - Tomcat initialized with port(s): 8080 (http)
2025-07-24 18:02:33.575 [main] INFO  org.apache.catalina.core.StandardService - Starting service [Tomcat]
2025-07-24 18:02:33.575 [main] INFO  org.apache.catalina.core.StandardEngine - Starting Servlet engine: [Apache Tomcat/10.1.5]
2025-07-24 18:02:33.642 [main] INFO  o.a.c.core.ContainerBase.[Tomcat].[localhost].[/] - Initializing Spring embedded WebApplicationContext
2025-07-24 18:02:33.642 [main] INFO  o.s.b.w.s.c.ServletWebServerApplicationContext - Root WebApplicationContext: initialization completed in 1111 ms
2025-07-24 18:02:33.731 [main] INFO  c.a.d.s.b.a.DruidDataSourceAutoConfigure - Init DruidDataSource
2025-07-24 18:02:33.990 [main] INFO  com.alibaba.druid.pool.DruidDataSource - {dataSource-1} inited
2025-07-24 18:02:35.707 [main] INFO  org.springframework.cloud.commons.util.InetUtils - Cannot determine local hostname
2025-07-24 18:02:36.952 [main] INFO  org.springframework.cloud.commons.util.InetUtils - Cannot determine local hostname
2025-07-24 18:02:37.011 [main] INFO  o.s.boot.web.embedded.tomcat.TomcatWebServer - Tomcat started on port(s): 8080 (http) with context path ''
2025-07-24 18:02:37.014 [main] INFO  com.alibaba.nacos.client.naming - initializer namespace from ans.namespace attribute : null
2025-07-24 18:02:37.014 [main] INFO  com.alibaba.nacos.client.naming - initializer namespace from ALIBABA_ALIWARE_NAMESPACE attribute :null
2025-07-24 18:02:37.014 [main] INFO  com.alibaba.nacos.client.naming - initializer namespace from namespace attribute :null
2025-07-24 18:02:37.021 [main] INFO  c.a.n.p.auth.spi.client.ClientAuthPluginManager - [ClientAuthPluginManager] Load ClientAuthService com.alibaba.nacos.client.auth.impl.NacosClientAuthServiceImpl success.
2025-07-24 18:02:37.021 [main] INFO  c.a.n.p.auth.spi.client.ClientAuthPluginManager - [ClientAuthPluginManager] Load ClientAuthService com.alibaba.nacos.client.auth.ram.RamClientAuthServiceImpl success.
2025-07-24 18:02:37.024 [main] INFO  com.alibaba.nacos.common.remote.client - [RpcClientFactory] create a new rpc client of a2373d34-b6f6-40d4-9282-2b471c984928
2025-07-24 18:02:37.025 [main] INFO  com.alibaba.nacos.common.remote.client - [a2373d34-b6f6-40d4-9282-2b471c984928] RpcClient init, ServerListFactory = com.alibaba.nacos.client.naming.core.ServerListManager
2025-07-24 18:02:37.025 [main] INFO  com.alibaba.nacos.common.remote.client - [a2373d34-b6f6-40d4-9282-2b471c984928] Registry connection listener to current client:com.alibaba.nacos.client.naming.remote.gprc.redo.NamingGrpcRedoService
2025-07-24 18:02:37.025 [main] INFO  com.alibaba.nacos.common.remote.client - [a2373d34-b6f6-40d4-9282-2b471c984928] Register server push request handler:com.alibaba.nacos.client.naming.remote.gprc.NamingPushRequestHandler
2025-07-24 18:02:37.025 [main] INFO  com.alibaba.nacos.common.remote.client - [a2373d34-b6f6-40d4-9282-2b471c984928] Try to connect to server on start up, server: {serverIp = '127.0.0.1', server main port = 8848}
2025-07-24 18:02:37.026 [main] INFO  c.a.nacos.common.remote.client.grpc.GrpcClient - grpc client connection server:127.0.0.1 ip,serverPort:9848,grpcTslConfig:{"sslProvider":"OPENSSL","enableTls":false,"mutualAuthEnable":false,"trustAll":false}
2025-07-24 18:02:37.134 [main] INFO  com.alibaba.nacos.common.remote.client - [a2373d34-b6f6-40d4-9282-2b471c984928] Success to connect to server [127.0.0.1:8848] on start up, connectionId = 1753351357029_127.0.0.1_51058
2025-07-24 18:02:37.134 [main] INFO  com.alibaba.nacos.common.remote.client - [a2373d34-b6f6-40d4-9282-2b471c984928] Register server push request handler:com.alibaba.nacos.common.remote.client.RpcClient$ConnectResetRequestHandler
2025-07-24 18:02:37.134 [com.alibaba.nacos.client.remote.worker] INFO  com.alibaba.nacos.common.remote.client - [a2373d34-b6f6-40d4-9282-2b471c984928] Notify connected event to listeners.
2025-07-24 18:02:37.134 [main] INFO  com.alibaba.nacos.common.remote.client - [a2373d34-b6f6-40d4-9282-2b471c984928] Register server push request handler:com.alibaba.nacos.common.remote.client.RpcClient$$Lambda$605/0x000001ca954daee0
2025-07-24 18:02:37.134 [com.alibaba.nacos.client.remote.worker] INFO  com.alibaba.nacos.client.naming - Grpc connection connect
2025-07-24 18:02:37.135 [main] INFO  com.alibaba.nacos.client.naming - [REGISTER-SERVICE] xiaohashu registering service xiaohashu-auth with instance Instance{instanceId='null', ip='192.168.93.1', port=8080, weight=1.0, healthy=true, enabled=true, ephemeral=true, clusterName='DEFAULT', serviceName='null', metadata={IPv6=[2409:8931:477:1db0:2585:23ed:9f05:56f6], preserved.register.source=SPRING_CLOUD}}
2025-07-24 18:02:37.144 [main] INFO  c.a.cloud.nacos.registry.NacosServiceRegistry - nacos registry, DEFAULT_GROUP xiaohashu-auth 192.168.93.1:8080 register finished
2025-07-24 18:02:38.235 [main] INFO  org.springframework.cloud.commons.util.InetUtils - Cannot determine local hostname
2025-07-24 18:02:38.249 [main] INFO  c.q.xiaohashu.auth.XiaohashuAuthApplication - Started XiaohashuAuthApplication in 9.629 seconds (process running for 10.126)
2025-07-24 18:02:38.250 [main] INFO  c.q.x.auth.runner.PushRolePermissions2RedisRunner - ==> 服务启动，开始同步角色权限数据到 Redis 中...
2025-07-24 18:02:38.548 [main] WARN  c.q.x.auth.runner.PushRolePermissions2RedisRunner - ==> 角色权限数据已经同步至 Redis 中，不再同步...
2025-07-24 18:02:38.550 [main] INFO  com.alibaba.nacos.client.config.impl.CacheData - nacos.cache.data.init.snapshot = true 
2025-07-24 18:02:38.550 [main] INFO  com.alibaba.nacos.client.config.impl.ClientWorker - [fixed-xiaohashu-127.0.0.1_8848] [subscribe] xiaohashu-auth.yaml+DEFAULT_GROUP+xiaohashu
2025-07-24 18:02:38.556 [main] INFO  com.alibaba.nacos.client.config.impl.CacheData - [fixed-xiaohashu-127.0.0.1_8848] [add-listener] ok, tenant=xiaohashu, dataId=xiaohashu-auth.yaml, group=DEFAULT_GROUP, cnt=1
2025-07-24 18:02:38.556 [main] INFO  c.a.cloud.nacos.refresh.NacosContextRefresher - [Nacos Config] Listening config: dataId=xiaohashu-auth.yaml, group=DEFAULT_GROUP
2025-07-24 18:02:38.558 [main] INFO  com.alibaba.nacos.client.config.impl.ClientWorker - [fixed-xiaohashu-127.0.0.1_8848] [subscribe] xiaohashu-auth-dev.yaml+DEFAULT_GROUP+xiaohashu
2025-07-24 18:02:38.558 [main] INFO  com.alibaba.nacos.client.config.impl.CacheData - [fixed-xiaohashu-127.0.0.1_8848] [add-listener] ok, tenant=xiaohashu, dataId=xiaohashu-auth-dev.yaml, group=DEFAULT_GROUP, cnt=1
2025-07-24 18:02:38.558 [main] INFO  c.a.cloud.nacos.refresh.NacosContextRefresher - [Nacos Config] Listening config: dataId=xiaohashu-auth-dev.yaml, group=DEFAULT_GROUP
2025-07-24 18:02:38.559 [main] INFO  com.alibaba.nacos.client.config.impl.ClientWorker - [fixed-xiaohashu-127.0.0.1_8848] [subscribe] xiaohashu-auth+DEFAULT_GROUP+xiaohashu
2025-07-24 18:02:38.559 [main] INFO  com.alibaba.nacos.client.config.impl.CacheData - [fixed-xiaohashu-127.0.0.1_8848] [add-listener] ok, tenant=xiaohashu, dataId=xiaohashu-auth, group=DEFAULT_GROUP, cnt=1
2025-07-24 18:02:38.559 [main] INFO  c.a.cloud.nacos.refresh.NacosContextRefresher - [Nacos Config] Listening config: dataId=xiaohashu-auth, group=DEFAULT_GROUP
2025-07-24 18:02:54.793 [http-nio-8080-exec-1] INFO  o.a.c.core.ContainerBase.[Tomcat].[localhost].[/] - Initializing Spring DispatcherServlet 'dispatcherServlet'
2025-07-24 18:02:54.793 [http-nio-8080-exec-1] INFO  org.springframework.web.servlet.DispatcherServlet - Initializing Servlet 'dispatcherServlet'
2025-07-24 18:02:54.794 [http-nio-8080-exec-1] INFO  org.springframework.web.servlet.DispatcherServlet - Completed initialization in 1 ms
2025-07-24 18:02:54.856 [http-nio-8080-exec-1] DEBUG c.q.x.a.domain.mapper.UserDOMapper.selectByPhone - ==>  Preparing: select id,password,phone,status from t_user where phone=?
2025-07-24 18:02:54.994 [http-nio-8080-exec-1] DEBUG c.q.x.a.domain.mapper.UserDOMapper.selectByPhone - ==> Parameters: 15655666667(String)
2025-07-24 18:02:55.011 [http-nio-8080-exec-1] DEBUG c.q.x.a.domain.mapper.UserDOMapper.selectByPhone - <==      Total: 0
2025-07-24 18:02:55.028 [http-nio-8080-exec-1] DEBUG c.q.x.a.domain.mapper.UserDOMapper.insertSelective - ==>  Preparing: INSERT INTO t_user ( xiaohashu_id, password, nickname, phone, status, create_time, update_time, is_deleted ) VALUES ( ?, ?, ?, ?, ?, ?, ?, ? )
2025-07-24 18:02:55.118 [http-nio-8080-exec-1] DEBUG c.q.x.a.domain.mapper.UserDOMapper.insertSelective - ==> Parameters: XHS7EA252DE(String), 123456(String), 用户156556(String), 15655666667(String), 0(Integer), 2025-07-24T18:02:55.014724100(LocalDateTime), 2025-07-24T18:02:55.014724100(LocalDateTime), false(Boolean)
2025-07-24 18:02:55.124 [http-nio-8080-exec-1] DEBUG c.q.x.a.domain.mapper.UserDOMapper.insertSelective - <==    Updates: 1
2025-07-24 18:02:55.126 [http-nio-8080-exec-1] DEBUG c.q.x.a.domain.mapper.UserDOMapper.insertSelective - ==>  Preparing: INSERT INTO t_user ( xiaohashu_id, password, nickname, phone, status, create_time, update_time, is_deleted ) VALUES ( ?, ?, ?, ?, ?, ?, ?, ? )
2025-07-24 18:02:55.127 [http-nio-8080-exec-1] DEBUG c.q.x.a.domain.mapper.UserDOMapper.insertSelective - ==> Parameters: XHS7EA252DE(String), 123456(String), 用户156556(String), 15655666667(String), 0(Integer), 2025-07-24T18:02:55.014724100(LocalDateTime), 2025-07-24T18:02:55.014724100(LocalDateTime), false(Boolean)
2025-07-24 18:02:55.178 [http-nio-8080-exec-1] ERROR c.q.x.auth.exception.GlobalExceptionHandler - /user/register request error, 
org.springframework.dao.DuplicateKeyException: 
### Error updating database.  Cause: java.sql.SQLIntegrityConstraintViolationException: Duplicate entry 'XHS7EA252DE' for key 't_user.uk_xiaohashu_id'
### The error may exist in file [E:\Downloads\Compressed\xiaohashu-5.3节\xiaohashu2\xiaohashu-auth\target\classes\mapper\UserDOMapper.xml]
### The error may involve defaultParameterMap
### The error occurred while setting parameters
### SQL: INSERT INTO t_user      ( xiaohashu_id,       password,       nickname,                            phone,              status,              create_time,       update_time,       is_deleted )       VALUES ( ?,       ?,       ?,                            ?,              ?,              ?,       ?,       ? )
### Cause: java.sql.SQLIntegrityConstraintViolationException: Duplicate entry 'XHS7EA252DE' for key 't_user.uk_xiaohashu_id'
; Duplicate entry 'XHS7EA252DE' for key 't_user.uk_xiaohashu_id'
	at org.springframework.jdbc.support.SQLErrorCodeSQLExceptionTranslator.doTranslate(SQLErrorCodeSQLExceptionTranslator.java:253)
	at org.springframework.jdbc.support.AbstractFallbackSQLExceptionTranslator.translate(AbstractFallbackSQLExceptionTranslator.java:70)
	at org.mybatis.spring.MyBatisExceptionTranslator.translateExceptionIfPossible(MyBatisExceptionTranslator.java:92)
	at org.mybatis.spring.SqlSessionTemplate$SqlSessionInterceptor.invoke(SqlSessionTemplate.java:439)
	at jdk.proxy2/jdk.proxy2.$Proxy90.insert(Unknown Source)
	at org.mybatis.spring.SqlSessionTemplate.insert(SqlSessionTemplate.java:272)
	at org.apache.ibatis.binding.MapperMethod.execute(MapperMethod.java:62)
	at org.apache.ibatis.binding.MapperProxy$PlainMethodInvoker.invoke(MapperProxy.java:142)
	at org.apache.ibatis.binding.MapperProxy.invoke(MapperProxy.java:86)
	at jdk.proxy2/jdk.proxy2.$Proxy91.insertSelective(Unknown Source)
	at com.quanxiaoha.xiaohashu.auth.service.Impl.UserServiceImpl.registerWithPassword(UserServiceImpl.java:125)
	at com.quanxiaoha.xiaohashu.auth.service.Impl.UserServiceImpl.register(UserServiceImpl.java:91)
	at com.quanxiaoha.xiaohashu.auth.controller.UserController.register(UserController.java:25)
	at java.base/jdk.internal.reflect.NativeMethodAccessorImpl.invoke0(Native Method)
	at java.base/jdk.internal.reflect.NativeMethodAccessorImpl.invoke(NativeMethodAccessorImpl.java:77)
	at java.base/jdk.internal.reflect.DelegatingMethodAccessorImpl.invoke(DelegatingMethodAccessorImpl.java:43)
	at java.base/java.lang.reflect.Method.invoke(Method.java:568)
	at org.springframework.aop.support.AopUtils.invokeJoinpointUsingReflection(AopUtils.java:343)
	at org.springframework.aop.framework.ReflectiveMethodInvocation.invokeJoinpoint(ReflectiveMethodInvocation.java:196)
	at org.springframework.aop.framework.ReflectiveMethodInvocation.proceed(ReflectiveMethodInvocation.java:163)
	at org.springframework.aop.framework.CglibAopProxy$CglibMethodInvocation.proceed(CglibAopProxy.java:752)
	at org.springframework.aop.interceptor.ExposeInvocationInterceptor.invoke(ExposeInvocationInterceptor.java:97)
	at org.springframework.aop.framework.ReflectiveMethodInvocation.proceed(ReflectiveMethodInvocation.java:184)
	at org.springframework.aop.framework.CglibAopProxy$CglibMethodInvocation.proceed(CglibAopProxy.java:752)
	at org.springframework.aop.framework.CglibAopProxy$DynamicAdvisedInterceptor.intercept(CglibAopProxy.java:703)
	at com.quanxiaoha.xiaohashu.auth.controller.UserController$$SpringCGLIB$$0.register(<generated>)
	at java.base/jdk.internal.reflect.NativeMethodAccessorImpl.invoke0(Native Method)
	at java.base/jdk.internal.reflect.NativeMethodAccessorImpl.invoke(NativeMethodAccessorImpl.java:77)
	at java.base/jdk.internal.reflect.DelegatingMethodAccessorImpl.invoke(DelegatingMethodAccessorImpl.java:43)
	at java.base/java.lang.reflect.Method.invoke(Method.java:568)
	at org.springframework.web.method.support.InvocableHandlerMethod.doInvoke(InvocableHandlerMethod.java:207)
	at org.springframework.web.method.support.InvocableHandlerMethod.invokeForRequest(InvocableHandlerMethod.java:152)
	at org.springframework.web.servlet.mvc.method.annotation.ServletInvocableHandlerMethod.invokeAndHandle(ServletInvocableHandlerMethod.java:117)
	at org.springframework.web.servlet.mvc.method.annotation.RequestMappingHandlerAdapter.invokeHandlerMethod(RequestMappingHandlerAdapter.java:884)
	at org.springframework.web.servlet.mvc.method.annotation.RequestMappingHandlerAdapter.handleInternal(RequestMappingHandlerAdapter.java:797)
	at org.springframework.web.servlet.mvc.method.AbstractHandlerMethodAdapter.handle(AbstractHandlerMethodAdapter.java:87)
	at org.springframework.web.servlet.DispatcherServlet.doDispatch(DispatcherServlet.java:1080)
	at org.springframework.web.servlet.DispatcherServlet.doService(DispatcherServlet.java:973)
	at org.springframework.web.servlet.FrameworkServlet.processRequest(FrameworkServlet.java:1011)
	at org.springframework.web.servlet.FrameworkServlet.doPost(FrameworkServlet.java:914)
	at jakarta.servlet.http.HttpServlet.service(HttpServlet.java:731)
	at org.springframework.web.servlet.FrameworkServlet.service(FrameworkServlet.java:885)
	at jakarta.servlet.http.HttpServlet.service(HttpServlet.java:814)
	at org.apache.catalina.core.ApplicationFilterChain.internalDoFilter(ApplicationFilterChain.java:223)
	at org.apache.catalina.core.ApplicationFilterChain.doFilter(ApplicationFilterChain.java:158)
	at org.apache.tomcat.websocket.server.WsFilter.doFilter(WsFilter.java:53)
	at org.apache.catalina.core.ApplicationFilterChain.internalDoFilter(ApplicationFilterChain.java:185)
	at org.apache.catalina.core.ApplicationFilterChain.doFilter(ApplicationFilterChain.java:158)
	at com.alibaba.druid.support.jakarta.WebStatFilter.doFilter(WebStatFilter.java:113)
	at org.apache.catalina.core.ApplicationFilterChain.internalDoFilter(ApplicationFilterChain.java:185)
	at org.apache.catalina.core.ApplicationFilterChain.doFilter(ApplicationFilterChain.java:158)
	at org.springframework.web.filter.RequestContextFilter.doFilterInternal(RequestContextFilter.java:100)
	at org.springframework.web.filter.OncePerRequestFilter.doFilter(OncePerRequestFilter.java:116)
	at org.apache.catalina.core.ApplicationFilterChain.internalDoFilter(ApplicationFilterChain.java:185)
	at org.apache.catalina.core.ApplicationFilterChain.doFilter(ApplicationFilterChain.java:158)
	at cn.dev33.satoken.filter.SaPathCheckFilterForJakartaServlet.doFilter(SaPathCheckFilterForJakartaServlet.java:55)
	at org.apache.catalina.core.ApplicationFilterChain.internalDoFilter(ApplicationFilterChain.java:185)
	at org.apache.catalina.core.ApplicationFilterChain.doFilter(ApplicationFilterChain.java:158)
	at org.springframework.web.filter.FormContentFilter.doFilterInternal(FormContentFilter.java:93)
	at org.springframework.web.filter.OncePerRequestFilter.doFilter(OncePerRequestFilter.java:116)
	at org.apache.catalina.core.ApplicationFilterChain.internalDoFilter(ApplicationFilterChain.java:185)
	at org.apache.catalina.core.ApplicationFilterChain.doFilter(ApplicationFilterChain.java:158)
	at org.springframework.web.filter.CharacterEncodingFilter.doFilterInternal(CharacterEncodingFilter.java:201)
	at org.springframework.web.filter.OncePerRequestFilter.doFilter(OncePerRequestFilter.java:116)
	at org.apache.catalina.core.ApplicationFilterChain.internalDoFilter(ApplicationFilterChain.java:185)
	at org.apache.catalina.core.ApplicationFilterChain.doFilter(ApplicationFilterChain.java:158)
	at org.apache.catalina.core.StandardWrapperValve.invoke(StandardWrapperValve.java:177)
	at org.apache.catalina.core.StandardContextValve.invoke(StandardContextValve.java:97)
	at org.apache.catalina.authenticator.AuthenticatorBase.invoke(AuthenticatorBase.java:542)
	at org.apache.catalina.core.StandardHostValve.invoke(StandardHostValve.java:119)
	at org.apache.catalina.valves.ErrorReportValve.invoke(ErrorReportValve.java:92)
	at org.apache.catalina.core.StandardEngineValve.invoke(StandardEngineValve.java:78)
	at org.apache.catalina.connector.CoyoteAdapter.service(CoyoteAdapter.java:357)
	at org.apache.coyote.http11.Http11Processor.service(Http11Processor.java:400)
	at org.apache.coyote.AbstractProcessorLight.process(AbstractProcessorLight.java:65)
	at org.apache.coyote.AbstractProtocol$ConnectionHandler.process(AbstractProtocol.java:859)
	at org.apache.tomcat.util.net.NioEndpoint$SocketProcessor.doRun(NioEndpoint.java:1734)
	at org.apache.tomcat.util.net.SocketProcessorBase.run(SocketProcessorBase.java:52)
	at org.apache.tomcat.util.threads.ThreadPoolExecutor.runWorker(ThreadPoolExecutor.java:1191)
	at org.apache.tomcat.util.threads.ThreadPoolExecutor$Worker.run(ThreadPoolExecutor.java:659)
	at org.apache.tomcat.util.threads.TaskThread$WrappingRunnable.run(TaskThread.java:61)
	at java.base/java.lang.Thread.run(Thread.java:842)
Caused by: java.sql.SQLIntegrityConstraintViolationException: Duplicate entry 'XHS7EA252DE' for key 't_user.uk_xiaohashu_id'
	at com.mysql.cj.jdbc.exceptions.SQLError.createSQLException(SQLError.java:117)
	at com.mysql.cj.jdbc.exceptions.SQLExceptionsMapping.translateException(SQLExceptionsMapping.java:122)
	at com.mysql.cj.jdbc.ClientPreparedStatement.executeInternal(ClientPreparedStatement.java:916)
	at com.mysql.cj.jdbc.ClientPreparedStatement.execute(ClientPreparedStatement.java:354)
	at com.alibaba.druid.filter.FilterChainImpl.preparedStatement_execute(FilterChainImpl.java:3462)
	at com.alibaba.druid.filter.FilterAdapter.preparedStatement_execute(FilterAdapter.java:1063)
	at com.alibaba.druid.filter.FilterChainImpl.preparedStatement_execute(FilterChainImpl.java:3460)
	at com.alibaba.druid.filter.FilterEventAdapter.preparedStatement_execute(FilterEventAdapter.java:434)
	at com.alibaba.druid.filter.FilterChainImpl.preparedStatement_execute(FilterChainImpl.java:3460)
	at com.alibaba.druid.proxy.jdbc.PreparedStatementProxyImpl.execute(PreparedStatementProxyImpl.java:158)
	at com.alibaba.druid.pool.DruidPooledPreparedStatement.execute(DruidPooledPreparedStatement.java:483)
	at java.base/jdk.internal.reflect.NativeMethodAccessorImpl.invoke0(Native Method)
	at java.base/jdk.internal.reflect.NativeMethodAccessorImpl.invoke(NativeMethodAccessorImpl.java:77)
	at java.base/jdk.internal.reflect.DelegatingMethodAccessorImpl.invoke(DelegatingMethodAccessorImpl.java:43)
	at java.base/java.lang.reflect.Method.invoke(Method.java:568)
	at org.apache.ibatis.logging.jdbc.PreparedStatementLogger.invoke(PreparedStatementLogger.java:58)
	at jdk.proxy3/jdk.proxy3.$Proxy128.execute(Unknown Source)
	at org.apache.ibatis.executor.statement.PreparedStatementHandler.update(PreparedStatementHandler.java:48)
	at org.apache.ibatis.executor.statement.RoutingStatementHandler.update(RoutingStatementHandler.java:75)
	at org.apache.ibatis.executor.SimpleExecutor.doUpdate(SimpleExecutor.java:50)
	at org.apache.ibatis.executor.BaseExecutor.update(BaseExecutor.java:117)
	at org.apache.ibatis.executor.CachingExecutor.update(CachingExecutor.java:76)
	at org.apache.ibatis.session.defaults.DefaultSqlSession.update(DefaultSqlSession.java:197)
	at org.apache.ibatis.session.defaults.DefaultSqlSession.insert(DefaultSqlSession.java:184)
	at java.base/jdk.internal.reflect.NativeMethodAccessorImpl.invoke0(Native Method)
	at java.base/jdk.internal.reflect.NativeMethodAccessorImpl.invoke(NativeMethodAccessorImpl.java:77)
	at java.base/jdk.internal.reflect.DelegatingMethodAccessorImpl.invoke(DelegatingMethodAccessorImpl.java:43)
	at java.base/java.lang.reflect.Method.invoke(Method.java:568)
	at org.mybatis.spring.SqlSessionTemplate$SqlSessionInterceptor.invoke(SqlSessionTemplate.java:425)
	... 78 common frames omitted
2025-07-24 18:03:21.467 [http-nio-8080-exec-3] DEBUG c.q.x.a.domain.mapper.UserDOMapper.selectByPhone - ==>  Preparing: select id,password,phone,status from t_user where phone=?
2025-07-24 18:03:21.468 [http-nio-8080-exec-3] DEBUG c.q.x.a.domain.mapper.UserDOMapper.selectByPhone - ==> Parameters: 15655666660(String)
2025-07-24 18:03:21.470 [http-nio-8080-exec-3] DEBUG c.q.x.a.domain.mapper.UserDOMapper.selectByPhone - <==      Total: 0
2025-07-24 18:03:21.471 [http-nio-8080-exec-3] DEBUG c.q.x.a.domain.mapper.UserDOMapper.insertSelective - ==>  Preparing: INSERT INTO t_user ( xiaohashu_id, password, nickname, phone, status, create_time, update_time, is_deleted ) VALUES ( ?, ?, ?, ?, ?, ?, ?, ? )
2025-07-24 18:03:21.471 [http-nio-8080-exec-3] DEBUG c.q.x.a.domain.mapper.UserDOMapper.insertSelective - ==> Parameters: XHSE7DE2AA7(String), 123456(String), 用户156556(String), 15655666660(String), 0(Integer), 2025-07-24T18:03:21.470000200(LocalDateTime), 2025-07-24T18:03:21.470000200(LocalDateTime), false(Boolean)
2025-07-24 18:03:21.485 [http-nio-8080-exec-3] DEBUG c.q.x.a.domain.mapper.UserDOMapper.insertSelective - <==    Updates: 1
2025-07-24 18:03:21.486 [http-nio-8080-exec-3] DEBUG c.q.x.a.domain.mapper.UserDOMapper.insertSelective - ==>  Preparing: INSERT INTO t_user ( xiaohashu_id, password, nickname, phone, status, create_time, update_time, is_deleted ) VALUES ( ?, ?, ?, ?, ?, ?, ?, ? )
2025-07-24 18:03:21.487 [http-nio-8080-exec-3] DEBUG c.q.x.a.domain.mapper.UserDOMapper.insertSelective - ==> Parameters: XHSE7DE2AA7(String), 123456(String), 用户156556(String), 15655666660(String), 0(Integer), 2025-07-24T18:03:21.470000200(LocalDateTime), 2025-07-24T18:03:21.470000200(LocalDateTime), false(Boolean)
2025-07-24 18:03:21.489 [http-nio-8080-exec-3] ERROR c.q.x.auth.exception.GlobalExceptionHandler - /user/register request error, 
org.springframework.dao.DuplicateKeyException: 
### Error updating database.  Cause: java.sql.SQLIntegrityConstraintViolationException: Duplicate entry 'XHSE7DE2AA7' for key 't_user.uk_xiaohashu_id'
### The error may exist in file [E:\Downloads\Compressed\xiaohashu-5.3节\xiaohashu2\xiaohashu-auth\target\classes\mapper\UserDOMapper.xml]
### The error may involve defaultParameterMap
### The error occurred while setting parameters
### SQL: INSERT INTO t_user      ( xiaohashu_id,       password,       nickname,                            phone,              status,              create_time,       update_time,       is_deleted )       VALUES ( ?,       ?,       ?,                            ?,              ?,              ?,       ?,       ? )
### Cause: java.sql.SQLIntegrityConstraintViolationException: Duplicate entry 'XHSE7DE2AA7' for key 't_user.uk_xiaohashu_id'
; Duplicate entry 'XHSE7DE2AA7' for key 't_user.uk_xiaohashu_id'
	at org.springframework.jdbc.support.SQLErrorCodeSQLExceptionTranslator.doTranslate(SQLErrorCodeSQLExceptionTranslator.java:253)
	at org.springframework.jdbc.support.AbstractFallbackSQLExceptionTranslator.translate(AbstractFallbackSQLExceptionTranslator.java:70)
	at org.mybatis.spring.MyBatisExceptionTranslator.translateExceptionIfPossible(MyBatisExceptionTranslator.java:92)
	at org.mybatis.spring.SqlSessionTemplate$SqlSessionInterceptor.invoke(SqlSessionTemplate.java:439)
	at jdk.proxy2/jdk.proxy2.$Proxy90.insert(Unknown Source)
	at org.mybatis.spring.SqlSessionTemplate.insert(SqlSessionTemplate.java:272)
	at org.apache.ibatis.binding.MapperMethod.execute(MapperMethod.java:62)
	at org.apache.ibatis.binding.MapperProxy$PlainMethodInvoker.invoke(MapperProxy.java:142)
	at org.apache.ibatis.binding.MapperProxy.invoke(MapperProxy.java:86)
	at jdk.proxy2/jdk.proxy2.$Proxy91.insertSelective(Unknown Source)
	at com.quanxiaoha.xiaohashu.auth.service.Impl.UserServiceImpl.registerWithPassword(UserServiceImpl.java:125)
	at com.quanxiaoha.xiaohashu.auth.service.Impl.UserServiceImpl.register(UserServiceImpl.java:91)
	at com.quanxiaoha.xiaohashu.auth.controller.UserController.register(UserController.java:25)
	at java.base/jdk.internal.reflect.NativeMethodAccessorImpl.invoke0(Native Method)
	at java.base/jdk.internal.reflect.NativeMethodAccessorImpl.invoke(NativeMethodAccessorImpl.java:77)
	at java.base/jdk.internal.reflect.DelegatingMethodAccessorImpl.invoke(DelegatingMethodAccessorImpl.java:43)
	at java.base/java.lang.reflect.Method.invoke(Method.java:568)
	at org.springframework.aop.support.AopUtils.invokeJoinpointUsingReflection(AopUtils.java:343)
	at org.springframework.aop.framework.ReflectiveMethodInvocation.invokeJoinpoint(ReflectiveMethodInvocation.java:196)
	at org.springframework.aop.framework.ReflectiveMethodInvocation.proceed(ReflectiveMethodInvocation.java:163)
	at org.springframework.aop.framework.CglibAopProxy$CglibMethodInvocation.proceed(CglibAopProxy.java:752)
	at org.springframework.aop.interceptor.ExposeInvocationInterceptor.invoke(ExposeInvocationInterceptor.java:97)
	at org.springframework.aop.framework.ReflectiveMethodInvocation.proceed(ReflectiveMethodInvocation.java:184)
	at org.springframework.aop.framework.CglibAopProxy$CglibMethodInvocation.proceed(CglibAopProxy.java:752)
	at org.springframework.aop.framework.CglibAopProxy$DynamicAdvisedInterceptor.intercept(CglibAopProxy.java:703)
	at com.quanxiaoha.xiaohashu.auth.controller.UserController$$SpringCGLIB$$0.register(<generated>)
	at java.base/jdk.internal.reflect.NativeMethodAccessorImpl.invoke0(Native Method)
	at java.base/jdk.internal.reflect.NativeMethodAccessorImpl.invoke(NativeMethodAccessorImpl.java:77)
	at java.base/jdk.internal.reflect.DelegatingMethodAccessorImpl.invoke(DelegatingMethodAccessorImpl.java:43)
	at java.base/java.lang.reflect.Method.invoke(Method.java:568)
	at org.springframework.web.method.support.InvocableHandlerMethod.doInvoke(InvocableHandlerMethod.java:207)
	at org.springframework.web.method.support.InvocableHandlerMethod.invokeForRequest(InvocableHandlerMethod.java:152)
	at org.springframework.web.servlet.mvc.method.annotation.ServletInvocableHandlerMethod.invokeAndHandle(ServletInvocableHandlerMethod.java:117)
	at org.springframework.web.servlet.mvc.method.annotation.RequestMappingHandlerAdapter.invokeHandlerMethod(RequestMappingHandlerAdapter.java:884)
	at org.springframework.web.servlet.mvc.method.annotation.RequestMappingHandlerAdapter.handleInternal(RequestMappingHandlerAdapter.java:797)
	at org.springframework.web.servlet.mvc.method.AbstractHandlerMethodAdapter.handle(AbstractHandlerMethodAdapter.java:87)
	at org.springframework.web.servlet.DispatcherServlet.doDispatch(DispatcherServlet.java:1080)
	at org.springframework.web.servlet.DispatcherServlet.doService(DispatcherServlet.java:973)
	at org.springframework.web.servlet.FrameworkServlet.processRequest(FrameworkServlet.java:1011)
	at org.springframework.web.servlet.FrameworkServlet.doPost(FrameworkServlet.java:914)
	at jakarta.servlet.http.HttpServlet.service(HttpServlet.java:731)
	at org.springframework.web.servlet.FrameworkServlet.service(FrameworkServlet.java:885)
	at jakarta.servlet.http.HttpServlet.service(HttpServlet.java:814)
	at org.apache.catalina.core.ApplicationFilterChain.internalDoFilter(ApplicationFilterChain.java:223)
	at org.apache.catalina.core.ApplicationFilterChain.doFilter(ApplicationFilterChain.java:158)
	at org.apache.tomcat.websocket.server.WsFilter.doFilter(WsFilter.java:53)
	at org.apache.catalina.core.ApplicationFilterChain.internalDoFilter(ApplicationFilterChain.java:185)
	at org.apache.catalina.core.ApplicationFilterChain.doFilter(ApplicationFilterChain.java:158)
	at com.alibaba.druid.support.jakarta.WebStatFilter.doFilter(WebStatFilter.java:113)
	at org.apache.catalina.core.ApplicationFilterChain.internalDoFilter(ApplicationFilterChain.java:185)
	at org.apache.catalina.core.ApplicationFilterChain.doFilter(ApplicationFilterChain.java:158)
	at org.springframework.web.filter.RequestContextFilter.doFilterInternal(RequestContextFilter.java:100)
	at org.springframework.web.filter.OncePerRequestFilter.doFilter(OncePerRequestFilter.java:116)
	at org.apache.catalina.core.ApplicationFilterChain.internalDoFilter(ApplicationFilterChain.java:185)
	at org.apache.catalina.core.ApplicationFilterChain.doFilter(ApplicationFilterChain.java:158)
	at cn.dev33.satoken.filter.SaPathCheckFilterForJakartaServlet.doFilter(SaPathCheckFilterForJakartaServlet.java:55)
	at org.apache.catalina.core.ApplicationFilterChain.internalDoFilter(ApplicationFilterChain.java:185)
	at org.apache.catalina.core.ApplicationFilterChain.doFilter(ApplicationFilterChain.java:158)
	at org.springframework.web.filter.FormContentFilter.doFilterInternal(FormContentFilter.java:93)
	at org.springframework.web.filter.OncePerRequestFilter.doFilter(OncePerRequestFilter.java:116)
	at org.apache.catalina.core.ApplicationFilterChain.internalDoFilter(ApplicationFilterChain.java:185)
	at org.apache.catalina.core.ApplicationFilterChain.doFilter(ApplicationFilterChain.java:158)
	at org.springframework.web.filter.CharacterEncodingFilter.doFilterInternal(CharacterEncodingFilter.java:201)
	at org.springframework.web.filter.OncePerRequestFilter.doFilter(OncePerRequestFilter.java:116)
	at org.apache.catalina.core.ApplicationFilterChain.internalDoFilter(ApplicationFilterChain.java:185)
	at org.apache.catalina.core.ApplicationFilterChain.doFilter(ApplicationFilterChain.java:158)
	at org.apache.catalina.core.StandardWrapperValve.invoke(StandardWrapperValve.java:177)
	at org.apache.catalina.core.StandardContextValve.invoke(StandardContextValve.java:97)
	at org.apache.catalina.authenticator.AuthenticatorBase.invoke(AuthenticatorBase.java:542)
	at org.apache.catalina.core.StandardHostValve.invoke(StandardHostValve.java:119)
	at org.apache.catalina.valves.ErrorReportValve.invoke(ErrorReportValve.java:92)
	at org.apache.catalina.core.StandardEngineValve.invoke(StandardEngineValve.java:78)
	at org.apache.catalina.connector.CoyoteAdapter.service(CoyoteAdapter.java:357)
	at org.apache.coyote.http11.Http11Processor.service(Http11Processor.java:400)
	at org.apache.coyote.AbstractProcessorLight.process(AbstractProcessorLight.java:65)
	at org.apache.coyote.AbstractProtocol$ConnectionHandler.process(AbstractProtocol.java:859)
	at org.apache.tomcat.util.net.NioEndpoint$SocketProcessor.doRun(NioEndpoint.java:1734)
	at org.apache.tomcat.util.net.SocketProcessorBase.run(SocketProcessorBase.java:52)
	at org.apache.tomcat.util.threads.ThreadPoolExecutor.runWorker(ThreadPoolExecutor.java:1191)
	at org.apache.tomcat.util.threads.ThreadPoolExecutor$Worker.run(ThreadPoolExecutor.java:659)
	at org.apache.tomcat.util.threads.TaskThread$WrappingRunnable.run(TaskThread.java:61)
	at java.base/java.lang.Thread.run(Thread.java:842)
Caused by: java.sql.SQLIntegrityConstraintViolationException: Duplicate entry 'XHSE7DE2AA7' for key 't_user.uk_xiaohashu_id'
	at com.mysql.cj.jdbc.exceptions.SQLError.createSQLException(SQLError.java:117)
	at com.mysql.cj.jdbc.exceptions.SQLExceptionsMapping.translateException(SQLExceptionsMapping.java:122)
	at com.mysql.cj.jdbc.ClientPreparedStatement.executeInternal(ClientPreparedStatement.java:916)
	at com.mysql.cj.jdbc.ClientPreparedStatement.execute(ClientPreparedStatement.java:354)
	at com.alibaba.druid.filter.FilterChainImpl.preparedStatement_execute(FilterChainImpl.java:3462)
	at com.alibaba.druid.filter.FilterAdapter.preparedStatement_execute(FilterAdapter.java:1063)
	at com.alibaba.druid.filter.FilterChainImpl.preparedStatement_execute(FilterChainImpl.java:3460)
	at com.alibaba.druid.filter.FilterEventAdapter.preparedStatement_execute(FilterEventAdapter.java:434)
	at com.alibaba.druid.filter.FilterChainImpl.preparedStatement_execute(FilterChainImpl.java:3460)
	at com.alibaba.druid.proxy.jdbc.PreparedStatementProxyImpl.execute(PreparedStatementProxyImpl.java:158)
	at com.alibaba.druid.pool.DruidPooledPreparedStatement.execute(DruidPooledPreparedStatement.java:483)
	at java.base/jdk.internal.reflect.NativeMethodAccessorImpl.invoke0(Native Method)
	at java.base/jdk.internal.reflect.NativeMethodAccessorImpl.invoke(NativeMethodAccessorImpl.java:77)
	at java.base/jdk.internal.reflect.DelegatingMethodAccessorImpl.invoke(DelegatingMethodAccessorImpl.java:43)
	at java.base/java.lang.reflect.Method.invoke(Method.java:568)
	at org.apache.ibatis.logging.jdbc.PreparedStatementLogger.invoke(PreparedStatementLogger.java:58)
	at jdk.proxy3/jdk.proxy3.$Proxy128.execute(Unknown Source)
	at org.apache.ibatis.executor.statement.PreparedStatementHandler.update(PreparedStatementHandler.java:48)
	at org.apache.ibatis.executor.statement.RoutingStatementHandler.update(RoutingStatementHandler.java:75)
	at org.apache.ibatis.executor.SimpleExecutor.doUpdate(SimpleExecutor.java:50)
	at org.apache.ibatis.executor.BaseExecutor.update(BaseExecutor.java:117)
	at org.apache.ibatis.executor.CachingExecutor.update(CachingExecutor.java:76)
	at org.apache.ibatis.session.defaults.DefaultSqlSession.update(DefaultSqlSession.java:197)
	at org.apache.ibatis.session.defaults.DefaultSqlSession.insert(DefaultSqlSession.java:184)
	at java.base/jdk.internal.reflect.NativeMethodAccessorImpl.invoke0(Native Method)
	at java.base/jdk.internal.reflect.NativeMethodAccessorImpl.invoke(NativeMethodAccessorImpl.java:77)
	at java.base/jdk.internal.reflect.DelegatingMethodAccessorImpl.invoke(DelegatingMethodAccessorImpl.java:43)
	at java.base/java.lang.reflect.Method.invoke(Method.java:568)
	at org.mybatis.spring.SqlSessionTemplate$SqlSessionInterceptor.invoke(SqlSessionTemplate.java:425)
	... 78 common frames omitted
2025-07-24 18:03:42.016 [Thread-9] WARN  com.alibaba.nacos.common.notify.NotifyCenter - [NotifyCenter] Start destroying Publisher
2025-07-24 18:03:42.016 [Thread-2] WARN  c.alibaba.nacos.common.http.HttpClientBeanHolder - [HttpClientBeanHolder] Start destroying common HttpClient
2025-07-24 18:03:42.017 [Thread-9] WARN  com.alibaba.nacos.common.notify.NotifyCenter - [NotifyCenter] Destruction of the end
2025-07-24 18:03:42.017 [Thread-2] WARN  c.alibaba.nacos.common.http.HttpClientBeanHolder - [HttpClientBeanHolder] Destruction of the end
2025-07-24 18:03:42.039 [SpringApplicationShutdownHook] INFO  c.a.cloud.nacos.registry.NacosServiceRegistry - De-registering from Nacos Server now...
2025-07-24 18:03:42.040 [SpringApplicationShutdownHook] INFO  com.alibaba.nacos.client.naming - [DEREGISTER-SERVICE] xiaohashu deregistering service xiaohashu-auth with instance: Instance{instanceId='null', ip='192.168.93.1', port=8080, weight=1.0, healthy=true, enabled=true, ephemeral=true, clusterName='DEFAULT', serviceName='null', metadata={}}
2025-07-24 18:03:42.043 [SpringApplicationShutdownHook] INFO  c.a.cloud.nacos.registry.NacosServiceRegistry - De-registration finished.
2025-07-24 18:03:42.044 [SpringApplicationShutdownHook] INFO  com.alibaba.nacos.client.naming - com.alibaba.nacos.client.naming.cache.ServiceInfoHolder do shutdown begin
2025-07-24 18:03:42.044 [SpringApplicationShutdownHook] INFO  com.alibaba.nacos.client.naming - com.alibaba.nacos.client.naming.backups.FailoverReactor do shutdown begin
2025-07-24 18:03:42.044 [SpringApplicationShutdownHook] INFO  com.alibaba.nacos.client.naming - com.alibaba.nacos.client.naming.backups.FailoverReactor do shutdown stop
2025-07-24 18:03:42.044 [SpringApplicationShutdownHook] INFO  com.alibaba.nacos.client.naming - com.alibaba.nacos.client.naming.cache.ServiceInfoHolder do shutdown stop
2025-07-24 18:03:42.044 [SpringApplicationShutdownHook] INFO  com.alibaba.nacos.client.naming - com.alibaba.nacos.client.naming.remote.NamingClientProxyDelegate do shutdown begin
2025-07-24 18:03:42.044 [SpringApplicationShutdownHook] INFO  com.alibaba.nacos.client.naming - com.alibaba.nacos.client.naming.core.ServiceInfoUpdateService do shutdown begin
2025-07-24 18:03:42.044 [SpringApplicationShutdownHook] INFO  com.alibaba.nacos.client.naming - com.alibaba.nacos.client.naming.core.ServiceInfoUpdateService do shutdown stop
2025-07-24 18:03:42.044 [SpringApplicationShutdownHook] INFO  com.alibaba.nacos.client.naming - com.alibaba.nacos.client.naming.core.ServerListManager do shutdown begin
2025-07-24 18:03:42.044 [SpringApplicationShutdownHook] WARN  com.alibaba.nacos.client.naming - [NamingHttpClientManager] Start destroying NacosRestTemplate
2025-07-24 18:03:42.044 [SpringApplicationShutdownHook] WARN  com.alibaba.nacos.client.naming - [NamingHttpClientManager] Destruction of the end
2025-07-24 18:03:42.044 [SpringApplicationShutdownHook] INFO  com.alibaba.nacos.client.naming - com.alibaba.nacos.client.naming.core.ServerListManager do shutdown stop
2025-07-24 18:03:42.044 [SpringApplicationShutdownHook] INFO  com.alibaba.nacos.client.naming - com.alibaba.nacos.client.naming.remote.http.NamingHttpClientProxy do shutdown begin
2025-07-24 18:03:42.044 [SpringApplicationShutdownHook] WARN  com.alibaba.nacos.client.naming - [NamingHttpClientManager] Start destroying NacosRestTemplate
2025-07-24 18:03:42.044 [SpringApplicationShutdownHook] WARN  com.alibaba.nacos.client.naming - [NamingHttpClientManager] Destruction of the end
2025-07-24 18:03:42.044 [SpringApplicationShutdownHook] INFO  com.alibaba.nacos.client.naming - com.alibaba.nacos.client.naming.remote.http.NamingHttpClientProxy do shutdown stop
2025-07-24 18:03:42.045 [SpringApplicationShutdownHook] INFO  com.alibaba.nacos.common.remote.client - Shutdown rpc client, set status to shutdown
2025-07-24 18:03:42.045 [SpringApplicationShutdownHook] INFO  com.alibaba.nacos.common.remote.client - Shutdown client event executor java.util.concurrent.ScheduledThreadPoolExecutor@193b85d3[Running, pool size = 2, active threads = 2, queued tasks = 0, completed tasks = 0]
2025-07-24 18:03:42.045 [SpringApplicationShutdownHook] INFO  com.alibaba.nacos.common.remote.client - Close current connection 1753351357029_127.0.0.1_51058
2025-07-24 18:03:42.046 [nacos-grpc-client-executor-127.0.0.1-23] INFO  c.a.nacos.common.remote.client.grpc.GrpcClient - [1753351357029_127.0.0.1_51058]Ignore complete event,isRunning:false,isAbandon=false
2025-07-24 18:03:42.049 [SpringApplicationShutdownHook] INFO  c.a.nacos.common.remote.client.grpc.GrpcClient - Shutdown grpc executor java.util.concurrent.ThreadPoolExecutor@1d578649[Running, pool size = 5, active threads = 0, queued tasks = 0, completed tasks = 24]
2025-07-24 18:03:42.049 [SpringApplicationShutdownHook] INFO  com.alibaba.nacos.client.naming - Shutdown grpc redo service executor java.util.concurrent.ScheduledThreadPoolExecutor@5d611e91[Running, pool size = 1, active threads = 0, queued tasks = 1, completed tasks = 21]
2025-07-24 18:03:42.049 [SpringApplicationShutdownHook] INFO  c.a.n.client.auth.ram.identify.CredentialWatcher - [null] CredentialWatcher is stopped
2025-07-24 18:03:42.049 [SpringApplicationShutdownHook] INFO  c.a.n.client.auth.ram.identify.CredentialService - [null] CredentialService is freed
2025-07-24 18:03:42.049 [SpringApplicationShutdownHook] INFO  com.alibaba.nacos.client.naming - com.alibaba.nacos.client.naming.remote.NamingClientProxyDelegate do shutdown stop
2025-07-24 18:03:42.174 [SpringApplicationShutdownHook] INFO  com.alibaba.druid.pool.DruidDataSource - {dataSource-1} closing ...
2025-07-24 18:03:42.180 [SpringApplicationShutdownHook] INFO  com.alibaba.druid.pool.DruidDataSource - {dataSource-1} closed
2025-07-24 18:03:47.640 [main] WARN  com.alibaba.nacos.client.logging.NacosLogging - Load Logback Configuration of Nacos fail, message: Could not initialize Logback Nacos logging from classpath:nacos-logback.xml
2025-07-24 18:03:47.696 [main] WARN  com.alibaba.nacos.client.logging.NacosLogging - Load Logback Configuration of Nacos fail, message: Could not initialize Logback Nacos logging from classpath:nacos-logback.xml
2025-07-24 18:03:47.891 [main] WARN  com.alibaba.nacos.client.logging.NacosLogging - Load Logback Configuration of Nacos fail, message: Could not initialize Logback Nacos logging from classpath:nacos-logback.xml
2025-07-24 18:03:47.893 [main] INFO  com.alibaba.nacos.client.utils.ParamUtil - [settings] [req-serv] nacos-server port:8848
2025-07-24 18:03:47.893 [main] INFO  com.alibaba.nacos.client.utils.ParamUtil - [settings] [http-client] connect timeout:1000
2025-07-24 18:03:47.894 [main] INFO  com.alibaba.nacos.client.utils.ParamUtil - PER_TASK_CONFIG_SIZE: 3000.0
2025-07-24 18:03:47.917 [main] INFO  c.a.n.p.auth.spi.client.ClientAuthPluginManager - [ClientAuthPluginManager] Load ClientAuthService com.alibaba.nacos.client.auth.impl.NacosClientAuthServiceImpl success.
2025-07-24 18:03:47.917 [main] INFO  c.a.n.p.auth.spi.client.ClientAuthPluginManager - [ClientAuthPluginManager] Load ClientAuthService com.alibaba.nacos.client.auth.ram.RamClientAuthServiceImpl success.
2025-07-24 18:03:47.919 [main] INFO  c.a.n.client.auth.ram.identify.CredentialWatcher - null No credential found
2025-07-24 18:03:49.107 [main] WARN  com.alibaba.nacos.client.logging.NacosLogging - Load Logback Configuration of Nacos fail, message: Could not initialize Logback Nacos logging from classpath:nacos-logback.xml
2025-07-24 18:03:49.119 [main] INFO  c.a.n.client.config.impl.LocalConfigInfoProcessor - LOCAL_SNAPSHOT_PATH:C:\Users\50723\nacos\config
2025-07-24 18:03:49.122 [main] INFO  com.alibaba.nacos.common.remote.client - [RpcClientFactory] create a new rpc client of b762f4e9-f1f2-4651-b89e-3df3f39b2ff2_config-0
2025-07-24 18:03:49.140 [main] INFO  com.alibaba.nacos.common.remote.client - [b762f4e9-f1f2-4651-b89e-3df3f39b2ff2_config-0] Register server push request handler:com.alibaba.nacos.client.config.impl.ClientWorker$ConfigRpcTransportClient$$Lambda$584/0x0000022146391060
2025-07-24 18:03:49.141 [main] INFO  com.alibaba.nacos.common.remote.client - [b762f4e9-f1f2-4651-b89e-3df3f39b2ff2_config-0] Register server push request handler:com.alibaba.nacos.client.config.impl.ClientWorker$ConfigRpcTransportClient$$Lambda$585/0x0000022146391480
2025-07-24 18:03:49.141 [main] INFO  com.alibaba.nacos.common.remote.client - [b762f4e9-f1f2-4651-b89e-3df3f39b2ff2_config-0] Registry connection listener to current client:com.alibaba.nacos.client.config.impl.ClientWorker$ConfigRpcTransportClient$1
2025-07-24 18:03:49.142 [main] INFO  com.alibaba.nacos.common.remote.client - [b762f4e9-f1f2-4651-b89e-3df3f39b2ff2_config-0] RpcClient init, ServerListFactory = com.alibaba.nacos.client.config.impl.ClientWorker$ConfigRpcTransportClient$2
2025-07-24 18:03:49.148 [main] INFO  com.alibaba.nacos.common.remote.client - [b762f4e9-f1f2-4651-b89e-3df3f39b2ff2_config-0] Try to connect to server on start up, server: {serverIp = '127.0.0.1', server main port = 8848}
2025-07-24 18:03:49.175 [main] INFO  c.a.nacos.common.remote.client.grpc.GrpcClient - grpc client connection server:127.0.0.1 ip,serverPort:9848,grpcTslConfig:{"sslProvider":"OPENSSL","enableTls":false,"mutualAuthEnable":false,"trustAll":false}
2025-07-24 18:03:49.911 [main] INFO  com.alibaba.nacos.common.remote.client - [b762f4e9-f1f2-4651-b89e-3df3f39b2ff2_config-0] Success to connect to server [127.0.0.1:8848] on start up, connectionId = 1753351429730_127.0.0.1_51101
2025-07-24 18:03:49.912 [com.alibaba.nacos.client.remote.worker] INFO  com.alibaba.nacos.common.remote.client - [b762f4e9-f1f2-4651-b89e-3df3f39b2ff2_config-0] Notify connected event to listeners.
2025-07-24 18:03:49.912 [com.alibaba.nacos.client.remote.worker] INFO  com.alibaba.nacos.client.config.impl.ClientWorker - [b762f4e9-f1f2-4651-b89e-3df3f39b2ff2_config-0] Connected,notify listen context...
2025-07-24 18:03:49.912 [main] INFO  com.alibaba.nacos.common.remote.client - [b762f4e9-f1f2-4651-b89e-3df3f39b2ff2_config-0] Register server push request handler:com.alibaba.nacos.common.remote.client.RpcClient$ConnectResetRequestHandler
2025-07-24 18:03:49.913 [main] INFO  com.alibaba.nacos.common.remote.client - [b762f4e9-f1f2-4651-b89e-3df3f39b2ff2_config-0] Register server push request handler:com.alibaba.nacos.common.remote.client.RpcClient$$Lambda$605/0x00000221464d91e8
2025-07-24 18:03:49.957 [main] INFO  com.alibaba.nacos.client.config.impl.Limiter - limitTime:5.0
2025-07-24 18:03:49.968 [main] INFO  com.alibaba.nacos.client.config.utils.JvmUtil - isMultiInstance:false
2025-07-24 18:03:49.978 [main] WARN  c.a.cloud.nacos.client.NacosPropertySourceBuilder - Ignore the empty nacos configuration and get it based on dataId[xiaohashu-auth.yaml] & group[DEFAULT_GROUP]
2025-07-24 18:03:49.984 [main] INFO  o.s.c.b.c.PropertySourceBootstrapConfiguration - Located property source: [BootstrapPropertySource {name='bootstrapProperties-xiaohashu-auth-dev.yaml,DEFAULT_GROUP'}, BootstrapPropertySource {name='bootstrapProperties-xiaohashu-auth.yaml,DEFAULT_GROUP'}, BootstrapPropertySource {name='bootstrapProperties-xiaohashu-auth,DEFAULT_GROUP'}]
2025-07-24 18:03:50.006 [main] WARN  com.alibaba.nacos.client.logging.NacosLogging - Load Logback Configuration of Nacos fail, message: Could not initialize Logback Nacos logging from classpath:nacos-logback.xml
2025-07-24 18:03:50.006 [main] INFO  c.q.xiaohashu.auth.XiaohashuAuthApplication - The following 1 profile is active: "dev"
2025-07-24 18:03:50.555 [main] INFO  o.s.d.r.config.RepositoryConfigurationDelegate - Multiple Spring Data modules found, entering strict repository configuration mode
2025-07-24 18:03:50.558 [main] INFO  o.s.d.r.config.RepositoryConfigurationDelegate - Bootstrapping Spring Data Redis repositories in DEFAULT mode.
2025-07-24 18:03:50.580 [main] INFO  o.s.d.r.config.RepositoryConfigurationDelegate - Finished Spring Data repository scanning in 9 ms. Found 0 Redis repository interfaces.
2025-07-24 18:03:50.692 [main] INFO  o.springframework.cloud.context.scope.GenericScope - BeanFactory id=ce825f38-1723-3926-b5a2-fd0182ae3fd6
2025-07-24 18:03:51.116 [main] INFO  o.s.boot.web.embedded.tomcat.TomcatWebServer - Tomcat initialized with port(s): 8080 (http)
2025-07-24 18:03:51.127 [main] INFO  org.apache.catalina.core.StandardService - Starting service [Tomcat]
2025-07-24 18:03:51.127 [main] INFO  org.apache.catalina.core.StandardEngine - Starting Servlet engine: [Apache Tomcat/10.1.5]
2025-07-24 18:03:51.186 [main] INFO  o.a.c.core.ContainerBase.[Tomcat].[localhost].[/] - Initializing Spring embedded WebApplicationContext
2025-07-24 18:03:51.186 [main] INFO  o.s.b.w.s.c.ServletWebServerApplicationContext - Root WebApplicationContext: initialization completed in 1167 ms
2025-07-24 18:03:51.277 [main] INFO  c.a.d.s.b.a.DruidDataSourceAutoConfigure - Init DruidDataSource
2025-07-24 18:03:51.537 [main] INFO  com.alibaba.druid.pool.DruidDataSource - {dataSource-1} inited
2025-07-24 18:03:53.334 [main] INFO  org.springframework.cloud.commons.util.InetUtils - Cannot determine local hostname
2025-07-24 18:03:54.577 [main] INFO  org.springframework.cloud.commons.util.InetUtils - Cannot determine local hostname
2025-07-24 18:03:54.641 [main] INFO  o.s.boot.web.embedded.tomcat.TomcatWebServer - Tomcat started on port(s): 8080 (http) with context path ''
2025-07-24 18:03:54.645 [main] INFO  com.alibaba.nacos.client.naming - initializer namespace from ans.namespace attribute : null
2025-07-24 18:03:54.645 [main] INFO  com.alibaba.nacos.client.naming - initializer namespace from ALIBABA_ALIWARE_NAMESPACE attribute :null
2025-07-24 18:03:54.646 [main] INFO  com.alibaba.nacos.client.naming - initializer namespace from namespace attribute :null
2025-07-24 18:03:54.653 [main] INFO  c.a.n.p.auth.spi.client.ClientAuthPluginManager - [ClientAuthPluginManager] Load ClientAuthService com.alibaba.nacos.client.auth.impl.NacosClientAuthServiceImpl success.
2025-07-24 18:03:54.653 [main] INFO  c.a.n.p.auth.spi.client.ClientAuthPluginManager - [ClientAuthPluginManager] Load ClientAuthService com.alibaba.nacos.client.auth.ram.RamClientAuthServiceImpl success.
2025-07-24 18:03:54.656 [main] INFO  com.alibaba.nacos.common.remote.client - [RpcClientFactory] create a new rpc client of 323a1c57-b2e3-40e8-a3d6-42c3e6b7fe67
2025-07-24 18:03:54.658 [main] INFO  com.alibaba.nacos.common.remote.client - [323a1c57-b2e3-40e8-a3d6-42c3e6b7fe67] RpcClient init, ServerListFactory = com.alibaba.nacos.client.naming.core.ServerListManager
2025-07-24 18:03:54.658 [main] INFO  com.alibaba.nacos.common.remote.client - [323a1c57-b2e3-40e8-a3d6-42c3e6b7fe67] Registry connection listener to current client:com.alibaba.nacos.client.naming.remote.gprc.redo.NamingGrpcRedoService
2025-07-24 18:03:54.658 [main] INFO  com.alibaba.nacos.common.remote.client - [323a1c57-b2e3-40e8-a3d6-42c3e6b7fe67] Register server push request handler:com.alibaba.nacos.client.naming.remote.gprc.NamingPushRequestHandler
2025-07-24 18:03:54.659 [main] INFO  com.alibaba.nacos.common.remote.client - [323a1c57-b2e3-40e8-a3d6-42c3e6b7fe67] Try to connect to server on start up, server: {serverIp = '127.0.0.1', server main port = 8848}
2025-07-24 18:03:54.659 [main] INFO  c.a.nacos.common.remote.client.grpc.GrpcClient - grpc client connection server:127.0.0.1 ip,serverPort:9848,grpcTslConfig:{"sslProvider":"OPENSSL","enableTls":false,"mutualAuthEnable":false,"trustAll":false}
2025-07-24 18:03:54.775 [main] INFO  com.alibaba.nacos.common.remote.client - [323a1c57-b2e3-40e8-a3d6-42c3e6b7fe67] Success to connect to server [127.0.0.1:8848] on start up, connectionId = 1753351434663_127.0.0.1_51116
2025-07-24 18:03:54.775 [main] INFO  com.alibaba.nacos.common.remote.client - [323a1c57-b2e3-40e8-a3d6-42c3e6b7fe67] Register server push request handler:com.alibaba.nacos.common.remote.client.RpcClient$ConnectResetRequestHandler
2025-07-24 18:03:54.775 [com.alibaba.nacos.client.remote.worker] INFO  com.alibaba.nacos.common.remote.client - [323a1c57-b2e3-40e8-a3d6-42c3e6b7fe67] Notify connected event to listeners.
2025-07-24 18:03:54.775 [main] INFO  com.alibaba.nacos.common.remote.client - [323a1c57-b2e3-40e8-a3d6-42c3e6b7fe67] Register server push request handler:com.alibaba.nacos.common.remote.client.RpcClient$$Lambda$605/0x00000221464d91e8
2025-07-24 18:03:54.775 [com.alibaba.nacos.client.remote.worker] INFO  com.alibaba.nacos.client.naming - Grpc connection connect
2025-07-24 18:03:54.776 [main] INFO  com.alibaba.nacos.client.naming - [REGISTER-SERVICE] xiaohashu registering service xiaohashu-auth with instance Instance{instanceId='null', ip='192.168.93.1', port=8080, weight=1.0, healthy=true, enabled=true, ephemeral=true, clusterName='DEFAULT', serviceName='null', metadata={IPv6=[2409:8931:477:1db0:2585:23ed:9f05:56f6], preserved.register.source=SPRING_CLOUD}}
2025-07-24 18:03:54.786 [main] INFO  c.a.cloud.nacos.registry.NacosServiceRegistry - nacos registry, DEFAULT_GROUP xiaohashu-auth 192.168.93.1:8080 register finished
2025-07-24 18:03:55.524 [main] INFO  c.q.xiaohashu.auth.XiaohashuAuthApplication - Started XiaohashuAuthApplication in 9.457 seconds (process running for 9.939)
2025-07-24 18:03:55.527 [main] INFO  c.q.x.auth.runner.PushRolePermissions2RedisRunner - ==> 服务启动，开始同步角色权限数据到 Redis 中...
2025-07-24 18:03:55.977 [main] WARN  c.q.x.auth.runner.PushRolePermissions2RedisRunner - ==> 角色权限数据已经同步至 Redis 中，不再同步...
2025-07-24 18:03:55.979 [main] INFO  com.alibaba.nacos.client.config.impl.CacheData - nacos.cache.data.init.snapshot = true 
2025-07-24 18:03:55.980 [main] INFO  com.alibaba.nacos.client.config.impl.ClientWorker - [fixed-xiaohashu-127.0.0.1_8848] [subscribe] xiaohashu-auth.yaml+DEFAULT_GROUP+xiaohashu
2025-07-24 18:03:55.987 [main] INFO  com.alibaba.nacos.client.config.impl.CacheData - [fixed-xiaohashu-127.0.0.1_8848] [add-listener] ok, tenant=xiaohashu, dataId=xiaohashu-auth.yaml, group=DEFAULT_GROUP, cnt=1
2025-07-24 18:03:55.987 [main] INFO  c.a.cloud.nacos.refresh.NacosContextRefresher - [Nacos Config] Listening config: dataId=xiaohashu-auth.yaml, group=DEFAULT_GROUP
2025-07-24 18:03:55.989 [main] INFO  com.alibaba.nacos.client.config.impl.ClientWorker - [fixed-xiaohashu-127.0.0.1_8848] [subscribe] xiaohashu-auth-dev.yaml+DEFAULT_GROUP+xiaohashu
2025-07-24 18:03:55.989 [main] INFO  com.alibaba.nacos.client.config.impl.CacheData - [fixed-xiaohashu-127.0.0.1_8848] [add-listener] ok, tenant=xiaohashu, dataId=xiaohashu-auth-dev.yaml, group=DEFAULT_GROUP, cnt=1
2025-07-24 18:03:55.989 [main] INFO  c.a.cloud.nacos.refresh.NacosContextRefresher - [Nacos Config] Listening config: dataId=xiaohashu-auth-dev.yaml, group=DEFAULT_GROUP
2025-07-24 18:03:55.990 [main] INFO  com.alibaba.nacos.client.config.impl.ClientWorker - [fixed-xiaohashu-127.0.0.1_8848] [subscribe] xiaohashu-auth+DEFAULT_GROUP+xiaohashu
2025-07-24 18:03:55.990 [main] INFO  com.alibaba.nacos.client.config.impl.CacheData - [fixed-xiaohashu-127.0.0.1_8848] [add-listener] ok, tenant=xiaohashu, dataId=xiaohashu-auth, group=DEFAULT_GROUP, cnt=1
2025-07-24 18:03:55.990 [main] INFO  c.a.cloud.nacos.refresh.NacosContextRefresher - [Nacos Config] Listening config: dataId=xiaohashu-auth, group=DEFAULT_GROUP
